phrase_id,voice,gloss_sequence,lexical_sequence_correct_yes_no,transition_1_smooth_yes_no,transition_2_smooth_yes_no,transition_3_smooth_yes_no,no_hand_or_body_pop_yes_no,overall_accept_for_training_yes_no,notes
generated_01,Aster,HELLO YOU READY,,,,,,,
generated_01,Cobalt,HELLO YOU READY,,,,,,,
generated_01,Juniper,HELLO YOU READY,,,,,,,
generated_02,Aster,GOOD MORNING FRIEND,,,,,,,
generated_02,Cobalt,GOOD MORNING FRIEND,,,,,,,
generated_02,Juniper,GOOD MORNING FRIEND,,,,,,,
generated_03,Aster,GOOD NIGHT FAMILY,,,,,,,
generated_03,Cobalt,GOOD NIGHT FAMILY,,,,,,,
generated_03,Juniper,GOOD NIGHT FAMILY,,,,,,,
generated_04,Aster,PLEASE WAIT,,,,,,,
generated_04,Cobalt,PLEASE WAIT,,,,,,,
generated_04,Juniper,PLEASE WAIT,,,,,,,
generated_05,Aster,PLEASE STOP,,,,,,,
generated_05,Cobalt,PLEASE STOP,,,,,,,
generated_05,Juniper,PLEASE STOP,,,,,,,
generated_06,Aster,I HELP YOU,,,,,,,
generated_06,Cobalt,I HELP YOU,,,,,,,
generated_06,Juniper,I HELP YOU,,,,,,,
generated_07,Aster,YOU HELP I,,,,,,,
generated_07,Cobalt,YOU HELP I,,,,,,,
generated_07,Juniper,YOU HELP I,,,,,,,
generated_08,Aster,I NEED WATER,,,,,,,
generated_08,Cobalt,I NEED WATER,,,,,,,
generated_08,Juniper,I NEED WATER,,,,,,,
generated_09,Aster,I NEED DOCTOR NOW,,,,,,,
generated_09,Cobalt,I NEED DOCTOR NOW,,,,,,,
generated_09,Juniper,I NEED DOCTOR NOW,,,,,,,
generated_10,Aster,YOU WANT EAT,,,,,,,
generated_10,Cobalt,YOU WANT EAT,,,,,,,
generated_10,Juniper,YOU WANT EAT,,,,,,,
