session,participant,tier,video,start_ms,end_ms,citizen_raw_gloss,canonical_label,citizen_asl_lex_code,class_index,variant_review_status
002,LG,RightHand_IDg,data/local/open_asl_alternatives_20260913/o5s5/videos/211016_O5S5_002_N_LG.mov,1520,1980,HELLO,HELLO,D_02_055,14,PENDING
002,LG,RightHand_IDg,data/local/open_asl_alternatives_20260913/o5s5/videos/211016_O5S5_002_N_LG.mov,6260,7140,WHEN,WHEN,C_03_086,10,PENDING
002,LG,RightHand_IDg,data/local/open_asl_alternatives_20260913/o5s5/videos/211016_O5S5_002_N_LG.mov,14815,14975,IMPORTANT,IMPORTANT,B_01_081,75,PENDING
002,LG,RightHand_IDg,data/local/open_asl_alternatives_20260913/o5s5/videos/211016_O5S5_002_N_LG.mov,15285,15515,UNDERSTAND,UNDERSTAND,C_01_006,28,PENDING
002,LG,RightHand_IDg,data/local/open_asl_alternatives_20260913/o5s5/videos/211016_O5S5_002_N_LG.mov,16870,17480,HAVE,HAVE,B_03_057,31,PENDING
002,LG,RightHand_IDg,data/local/open_asl_alternatives_20260913/o5s5/videos/211016_O5S5_002_N_LG.mov,26510,26650,MAYBE,MAYBE,B_03_022,21,PENDING
002,LG,RightHand_IDg,data/local/open_asl_alternatives_20260913/o5s5/videos/211016_O5S5_002_N_LG.mov,26740,27000,NOW,NOW,C_03_062,77,PENDING
002,LG,RightHand_IDg,data/local/open_asl_alternatives_20260913/o5s5/videos/211016_O5S5_002_N_LG.mov,32060,32200,WHERE,WHERE,B_02_035,9,PENDING
002,LG,RightHand_IDg,data/local/open_asl_alternatives_20260913/o5s5/videos/211016_O5S5_002_N_LG.mov,33170,33330,WHERE,WHERE,B_02_035,9,PENDING
002,LG,RightHand_IDg,data/local/open_asl_alternatives_20260913/o5s5/videos/211016_O5S5_002_N_LG.mov,38830,39170,YES,YES,G_03_074,19,PENDING
002,LG,RightHand_IDg,data/local/open_asl_alternatives_20260913/o5s5/videos/211016_O5S5_002_N_LG.mov,60450,60850,YES,YES,G_03_074,19,PENDING
002,LG,RightHand_IDg,data/local/open_asl_alternatives_20260913/o5s5/videos/211016_O5S5_002_N_LG.mov,82720,83090,STOP,STOP,D_01_010,36,PENDING
002,LG,RightHand_IDg,data/local/open_asl_alternatives_20260913/o5s5/videos/211016_O5S5_002_N_LG.mov,85410,85750,FEEL,FEEL,C_02_001,30,PENDING
002,LG,RightHand_IDg,data/local/open_asl_alternatives_20260913/o5s5/videos/211016_O5S5_002_N_LG.mov,85850,86330,MORE,MORE,B_03_032,70,PENDING
002,LG,RightHand_IDg,data/local/open_asl_alternatives_20260913/o5s5/videos/211016_O5S5_002_N_LG.mov,92150,92470,WHEN,WHEN,C_03_086,10,PENDING
002,LG,RightHand_IDg,data/local/open_asl_alternatives_20260913/o5s5/videos/211016_O5S5_002_N_LG.mov,92760,93110,TIME,TIME,B_02_080,82,PENDING
002,LG,RightHand_IDg,data/local/open_asl_alternatives_20260913/o5s5/videos/211016_O5S5_002_N_LG.mov,109975,110345,SEE,SEE,C_02_030,42,PENDING
002,LG,RightHand_IDg,data/local/open_asl_alternatives_20260913/o5s5/videos/211016_O5S5_002_N_LG.mov,115400,115660,TIME,TIME,B_02_080,82,PENDING
002,LG,RightHand_IDg,data/local/open_asl_alternatives_20260913/o5s5/videos/211016_O5S5_002_N_LG.mov,119290,119800,TIME,TIME,B_02_080,82,PENDING
002,LG,RightHand_IDg,data/local/open_asl_alternatives_20260913/o5s5/videos/211016_O5S5_002_N_LG.mov,134697,135276,TIME,TIME,B_02_080,82,PENDING
002,LG,RightHand_IDg,data/local/open_asl_alternatives_20260913/o5s5/videos/211016_O5S5_002_N_LG.mov,155164,155536,YES,YES,G_03_074,19,PENDING
002,LG,RightHand_IDg,data/local/open_asl_alternatives_20260913/o5s5/videos/211016_O5S5_002_N_LG.mov,166629,167102,MAYBE,MAYBE,B_03_022,21,PENDING
002,LG,RightHand_IDg,data/local/open_asl_alternatives_20260913/o5s5/videos/211016_O5S5_002_N_LG.mov,172901,173293,NEED,NEED,C_02_034,24,PENDING
002,LG,RightHand_IDg,data/local/open_asl_alternatives_20260913/o5s5/videos/211016_O5S5_002_N_LG.mov,179117,179257,MAYBE,MAYBE,B_03_022,21,PENDING
002,LG,RightHand_IDg,data/local/open_asl_alternatives_20260913/o5s5/videos/211016_O5S5_002_N_LG.mov,187678,188024,MAYBE,MAYBE,B_03_022,21,PENDING
002,LG,RightHand_IDg,data/local/open_asl_alternatives_20260913/o5s5/videos/211016_O5S5_002_N_LG.mov,197339,197761,OUR,OUR,G_02_067,7,PENDING
002,LG,RightHand_IDg,data/local/open_asl_alternatives_20260913/o5s5/videos/211016_O5S5_002_N_LG.mov,213504,213936,TIME,TIME,B_02_080,82,PENDING
002,LG,RightHand_IDg,data/local/open_asl_alternatives_20260913/o5s5/videos/211016_O5S5_002_N_LG.mov,214225,214753,WEEK,WEEK,B_02_079,84,PENDING
002,LG,RightHand_IDg,data/local/open_asl_alternatives_20260913/o5s5/videos/211016_O5S5_002_N_LG.mov,226979,227107,HAVE,HAVE,B_03_057,31,PENDING
002,LG,RightHand_IDg,data/local/open_asl_alternatives_20260913/o5s5/videos/211016_O5S5_002_N_LG.mov,229381,229705,OUR,OUR,G_02_067,7,PENDING
002,LG,RightHand_IDg,data/local/open_asl_alternatives_20260913/o5s5/videos/211016_O5S5_002_N_LG.mov,237032,237593,SCHOOL,SCHOOL,C_03_089,87,PENDING
002,LG,RightHand_IDg,data/local/open_asl_alternatives_20260913/o5s5/videos/211016_O5S5_002_N_LG.mov,245267,245678,WORK,WORK,B_03_059,50,PENDING
002,LG,RightHand_IDg,data/local/open_asl_alternatives_20260913/o5s5/videos/211016_O5S5_002_N_LG.mov,246423,246975,SCHOOL,SCHOOL,C_03_089,87,PENDING
002,LG,RightHand_IDg,data/local/open_asl_alternatives_20260913/o5s5/videos/211016_O5S5_002_N_LG.mov,253149,253634,TIME,TIME,B_02_080,82,PENDING
002,LG,RightHand_IDg,data/local/open_asl_alternatives_20260913/o5s5/videos/211016_O5S5_002_N_LG.mov,254900,255241,WHEN,WHEN,C_03_086,10,PENDING
002,LG,RightHand_IDg,data/local/open_asl_alternatives_20260913/o5s5/videos/211016_O5S5_002_N_LG.mov,264382,264714,MAYBE,MAYBE,B_03_022,21,PENDING
002,LG,LeftHand_IDg,data/local/open_asl_alternatives_20260913/o5s5/videos/211016_O5S5_002_N_LG.mov,6260,7140,WHEN,WHEN,C_03_086,10,PENDING
002,LG,LeftHand_IDg,data/local/open_asl_alternatives_20260913/o5s5/videos/211016_O5S5_002_N_LG.mov,14815,14975,IMPORTANT,IMPORTANT,B_01_081,75,PENDING
002,LG,LeftHand_IDg,data/local/open_asl_alternatives_20260913/o5s5/videos/211016_O5S5_002_N_LG.mov,16870,17480,HAVE,HAVE,B_03_057,31,PENDING
002,LG,LeftHand_IDg,data/local/open_asl_alternatives_20260913/o5s5/videos/211016_O5S5_002_N_LG.mov,26510,26650,MAYBE,MAYBE,B_03_022,21,PENDING
002,LG,LeftHand_IDg,data/local/open_asl_alternatives_20260913/o5s5/videos/211016_O5S5_002_N_LG.mov,26740,27000,NOW,NOW,C_03_062,77,PENDING
002,LG,LeftHand_IDg,data/local/open_asl_alternatives_20260913/o5s5/videos/211016_O5S5_002_N_LG.mov,33170,33330,WHERE,WHERE,B_02_035,9,PENDING
002,LG,LeftHand_IDg,data/local/open_asl_alternatives_20260913/o5s5/videos/211016_O5S5_002_N_LG.mov,38830,39170,YES,YES,G_03_074,19,PENDING
002,LG,LeftHand_IDg,data/local/open_asl_alternatives_20260913/o5s5/videos/211016_O5S5_002_N_LG.mov,82720,83090,STOP,STOP,D_01_010,36,PENDING
002,LG,LeftHand_IDg,data/local/open_asl_alternatives_20260913/o5s5/videos/211016_O5S5_002_N_LG.mov,85850,86330,MORE,MORE,B_03_032,70,PENDING
002,LG,LeftHand_IDg,data/local/open_asl_alternatives_20260913/o5s5/videos/211016_O5S5_002_N_LG.mov,92150,92470,WHEN,WHEN,C_03_086,10,PENDING
002,LG,LeftHand_IDg,data/local/open_asl_alternatives_20260913/o5s5/videos/211016_O5S5_002_N_LG.mov,92760,93110,TIME,TIME,B_02_080,82,PENDING
002,LG,LeftHand_IDg,data/local/open_asl_alternatives_20260913/o5s5/videos/211016_O5S5_002_N_LG.mov,109975,110345,SEE,SEE,C_02_030,42,PENDING
002,LG,LeftHand_IDg,data/local/open_asl_alternatives_20260913/o5s5/videos/211016_O5S5_002_N_LG.mov,115400,115660,TIME,TIME,B_02_080,82,PENDING
002,LG,LeftHand_IDg,data/local/open_asl_alternatives_20260913/o5s5/videos/211016_O5S5_002_N_LG.mov,119290,119800,TIME,TIME,B_02_080,82,PENDING
002,LG,LeftHand_IDg,data/local/open_asl_alternatives_20260913/o5s5/videos/211016_O5S5_002_N_LG.mov,134697,135276,TIME,TIME,B_02_080,82,PENDING
002,LG,LeftHand_IDg,data/local/open_asl_alternatives_20260913/o5s5/videos/211016_O5S5_002_N_LG.mov,166629,167497,MAYBE,MAYBE,B_03_022,21,PENDING
002,LG,LeftHand_IDg,data/local/open_asl_alternatives_20260913/o5s5/videos/211016_O5S5_002_N_LG.mov,179117,179257,MAYBE,MAYBE,B_03_022,21,PENDING
002,LG,LeftHand_IDg,data/local/open_asl_alternatives_20260913/o5s5/videos/211016_O5S5_002_N_LG.mov,187678,188211,MAYBE,MAYBE,B_03_022,21,PENDING
002,LG,LeftHand_IDg,data/local/open_asl_alternatives_20260913/o5s5/videos/211016_O5S5_002_N_LG.mov,213504,213936,TIME,TIME,B_02_080,82,PENDING
002,LG,LeftHand_IDg,data/local/open_asl_alternatives_20260913/o5s5/videos/211016_O5S5_002_N_LG.mov,214225,214753,WEEK,WEEK,B_02_079,84,PENDING
002,LG,LeftHand_IDg,data/local/open_asl_alternatives_20260913/o5s5/videos/211016_O5S5_002_N_LG.mov,237032,237593,SCHOOL,SCHOOL,C_03_089,87,PENDING
002,LG,LeftHand_IDg,data/local/open_asl_alternatives_20260913/o5s5/videos/211016_O5S5_002_N_LG.mov,245267,245678,WORK,WORK,B_03_059,50,PENDING
002,LG,LeftHand_IDg,data/local/open_asl_alternatives_20260913/o5s5/videos/211016_O5S5_002_N_LG.mov,246423,246975,SCHOOL,SCHOOL,C_03_089,87,PENDING
002,LG,LeftHand_IDg,data/local/open_asl_alternatives_20260913/o5s5/videos/211016_O5S5_002_N_LG.mov,253149,253634,TIME,TIME,B_02_080,82,PENDING
002,LG,LeftHand_IDg,data/local/open_asl_alternatives_20260913/o5s5/videos/211016_O5S5_002_N_LG.mov,254900,255241,WHEN,WHEN,C_03_086,10,PENDING
002,LG,LeftHand_IDg,data/local/open_asl_alternatives_20260913/o5s5/videos/211016_O5S5_002_N_LG.mov,264382,264714,MAYBE,MAYBE,B_03_022,21,PENDING
007,JAH,RightHand_IDg,data/local/open_asl_alternatives_20260913/o5s5/videos/211020_O5S5_007_N_JAH.mp4,13244,13538,WORK,WORK,B_03_059,50,PENDING
007,JAH,RightHand_IDg,data/local/open_asl_alternatives_20260913/o5s5/videos/211020_O5S5_007_N_JAH.mp4,15991,16353,IMPORTANT,IMPORTANT,B_01_081,75,PENDING
007,JAH,RightHand_IDg,data/local/open_asl_alternatives_20260913/o5s5/videos/211020_O5S5_007_N_JAH.mp4,28757,29072,WORK,WORK,B_03_059,50,PENDING
007,JAH,RightHand_IDg,data/local/open_asl_alternatives_20260913/o5s5/videos/211020_O5S5_007_N_JAH.mp4,32578,32905,SCHOOL,SCHOOL,C_03_089,87,PENDING
007,JAH,RightHand_IDg,data/local/open_asl_alternatives_20260913/o5s5/videos/211020_O5S5_007_N_JAH.mp4,35513,35908,WHEN,WHEN,C_03_086,10,PENDING
007,JAH,RightHand_IDg,data/local/open_asl_alternatives_20260913/o5s5/videos/211020_O5S5_007_N_JAH.mp4,39077,39336,WHEN,WHEN,C_03_086,10,PENDING
007,JAH,RightHand_IDg,data/local/open_asl_alternatives_20260913/o5s5/videos/211020_O5S5_007_N_JAH.mp4,52778,52999,TIME,TIME,B_02_080,82,PENDING
007,JAH,RightHand_IDg,data/local/open_asl_alternatives_20260913/o5s5/videos/211020_O5S5_007_N_JAH.mp4,60743,60939,TIME,TIME,B_02_080,82,PENDING
007,JAH,RightHand_IDg,data/local/open_asl_alternatives_20260913/o5s5/videos/211020_O5S5_007_N_JAH.mp4,78254,78699,NEED,NEED,C_02_034,24,PENDING
007,JAH,RightHand_IDg,data/local/open_asl_alternatives_20260913/o5s5/videos/211020_O5S5_007_N_JAH.mp4,90096,90251,NEED,NEED,C_02_034,24,PENDING
007,JAH,RightHand_IDg,data/local/open_asl_alternatives_20260913/o5s5/videos/211020_O5S5_007_N_JAH.mp4,99115,99473,FEEL,FEEL,C_02_001,30,PENDING
007,JAH,RightHand_IDg,data/local/open_asl_alternatives_20260913/o5s5/videos/211020_O5S5_007_N_JAH.mp4,108949,109131,THINK,THINK,C_03_053,29,PENDING
007,JAH,RightHand_IDg,data/local/open_asl_alternatives_20260913/o5s5/videos/211020_O5S5_007_N_JAH.mp4,110743,110896,YES,YES,G_03_074,19,PENDING
007,JAH,RightHand_IDg,data/local/open_asl_alternatives_20260913/o5s5/videos/211020_O5S5_007_N_JAH.mp4,111929,112224,FEEL,FEEL,C_02_001,30,PENDING
007,JAH,RightHand_IDg,data/local/open_asl_alternatives_20260913/o5s5/videos/211020_O5S5_007_N_JAH.mp4,112701,112888,NEED,NEED,C_02_034,24,PENDING
007,JAH,RightHand_IDg,data/local/open_asl_alternatives_20260913/o5s5/videos/211020_O5S5_007_N_JAH.mp4,113574,113757,NEED,NEED,C_02_034,24,PENDING
007,JAH,RightHand_IDg,data/local/open_asl_alternatives_20260913/o5s5/videos/211020_O5S5_007_N_JAH.mp4,114317,114635,YES,YES,G_03_074,19,PENDING
007,JAH,RightHand_IDg,data/local/open_asl_alternatives_20260913/o5s5/videos/211020_O5S5_007_N_JAH.mp4,120350,120462,HAVE,HAVE,B_03_057,31,PENDING
007,JAH,RightHand_IDg,data/local/open_asl_alternatives_20260913/o5s5/videos/211020_O5S5_007_N_JAH.mp4,138325,138903,HOME,HOME,B_03_063,86,PENDING
007,JAH,RightHand_IDg,data/local/open_asl_alternatives_20260913/o5s5/videos/211020_O5S5_007_N_JAH.mp4,149112,149332,HOME,HOME,B_03_063,86,PENDING
007,JAH,RightHand_IDg,data/local/open_asl_alternatives_20260913/o5s5/videos/211020_O5S5_007_N_JAH.mp4,154043,154785,NO,NO,C_03_041,20,PENDING
007,JAH,RightHand_IDg,data/local/open_asl_alternatives_20260913/o5s5/videos/211020_O5S5_007_N_JAH.mp4,157895,158080,TIME,TIME,B_02_080,82,PENDING
007,JAH,RightHand_IDg,data/local/open_asl_alternatives_20260913/o5s5/videos/211020_O5S5_007_N_JAH.mp4,158284,158483,SEE,SEE,C_02_030,42,PENDING
007,JAH,RightHand_IDg,data/local/open_asl_alternatives_20260913/o5s5/videos/211020_O5S5_007_N_JAH.mp4,160932,161423,YES,YES,G_03_074,19,PENDING
007,JAH,RightHand_IDg,data/local/open_asl_alternatives_20260913/o5s5/videos/211020_O5S5_007_N_JAH.mp4,163316,163504,WEEK,WEEK,B_02_079,84,PENDING
007,JAH,RightHand_IDg,data/local/open_asl_alternatives_20260913/o5s5/videos/211020_O5S5_007_N_JAH.mp4,169083,169438,HOME,HOME,B_03_063,86,PENDING
007,JAH,RightHand_IDg,data/local/open_asl_alternatives_20260913/o5s5/videos/211020_O5S5_007_N_JAH.mp4,175773,176005,WHEN,WHEN,C_03_086,10,PENDING
007,JAH,RightHand_IDg,data/local/open_asl_alternatives_20260913/o5s5/videos/211020_O5S5_007_N_JAH.mp4,179379,179767,HOME,HOME,B_03_063,86,PENDING
007,JAH,RightHand_IDg,data/local/open_asl_alternatives_20260913/o5s5/videos/211020_O5S5_007_N_JAH.mp4,182069,182449,HOME,HOME,B_03_063,86,PENDING
007,JAH,RightHand_IDg,data/local/open_asl_alternatives_20260913/o5s5/videos/211020_O5S5_007_N_JAH.mp4,183690,184042,SMALL,SMALL,D_01_030,69,PENDING
007,JAH,RightHand_IDg,data/local/open_asl_alternatives_20260913/o5s5/videos/211020_O5S5_007_N_JAH.mp4,184138,184372,HOME,HOME,B_03_063,86,PENDING
007,JAH,RightHand_IDg,data/local/open_asl_alternatives_20260913/o5s5/videos/211020_O5S5_007_N_JAH.mp4,186642,186807,OUR,OUR,G_02_067,7,PENDING
007,JAH,RightHand_IDg,data/local/open_asl_alternatives_20260913/o5s5/videos/211020_O5S5_007_N_JAH.mp4,190625,190813,WORK,WORK,B_03_059,50,PENDING
007,JAH,RightHand_IDg,data/local/open_asl_alternatives_20260913/o5s5/videos/211020_O5S5_007_N_JAH.mp4,191121,191299,HOME,HOME,B_03_063,86,PENDING
007,JAH,RightHand_IDg,data/local/open_asl_alternatives_20260913/o5s5/videos/211020_O5S5_007_N_JAH.mp4,193752,194093,WORK,WORK,B_03_059,50,PENDING
007,JAH,RightHand_IDg,data/local/open_asl_alternatives_20260913/o5s5/videos/211020_O5S5_007_N_JAH.mp4,209640,209723,THINK,THINK,C_03_053,29,PENDING
007,JAH,RightHand_IDg,data/local/open_asl_alternatives_20260913/o5s5/videos/211020_O5S5_007_N_JAH.mp4,215305,215458,WHEN,WHEN,C_03_086,10,PENDING
007,JAH,RightHand_IDg,data/local/open_asl_alternatives_20260913/o5s5/videos/211020_O5S5_007_N_JAH.mp4,227594,227729,TIME,TIME,B_02_080,82,PENDING
007,JAH,RightHand_IDg,data/local/open_asl_alternatives_20260913/o5s5/videos/211020_O5S5_007_N_JAH.mp4,239592,239760,GOOD,GOOD,B_01_052,57,PENDING
007,JAH,RightHand_IDg,data/local/open_asl_alternatives_20260913/o5s5/videos/211020_O5S5_007_N_JAH.mp4,241721,241990,WHEN,WHEN,C_03_086,10,PENDING
007,JAH,RightHand_IDg,data/local/open_asl_alternatives_20260913/o5s5/videos/211020_O5S5_007_N_JAH.mp4,242473,242855,HOME,HOME,B_03_063,86,PENDING
007,JAH,RightHand_IDg,data/local/open_asl_alternatives_20260913/o5s5/videos/211020_O5S5_007_N_JAH.mp4,244226,244492,HOME,HOME,B_03_063,86,PENDING
007,JAH,RightHand_IDg,data/local/open_asl_alternatives_20260913/o5s5/videos/211020_O5S5_007_N_JAH.mp4,265585,265728,HAVE,HAVE,B_03_057,31,PENDING
007,JAH,RightHand_IDg,data/local/open_asl_alternatives_20260913/o5s5/videos/211020_O5S5_007_N_JAH.mp4,269287,269447,HAPPY,HAPPY,C_03_078,59,PENDING
007,JAH,RightHand_IDg,data/local/open_asl_alternatives_20260913/o5s5/videos/211020_O5S5_007_N_JAH.mp4,278329,278611,FEEL,FEEL,C_02_001,30,PENDING
007,JAH,RightHand_IDg,data/local/open_asl_alternatives_20260913/o5s5/videos/211020_O5S5_007_N_JAH.mp4,279837,280227,WORK,WORK,B_03_059,50,PENDING
007,JAH,RightHand_IDg,data/local/open_asl_alternatives_20260913/o5s5/videos/211020_O5S5_007_N_JAH.mp4,281597,282090,WORK,WORK,B_03_059,50,PENDING
007,JAH,RightHand_IDg,data/local/open_asl_alternatives_20260913/o5s5/videos/211020_O5S5_007_N_JAH.mp4,286543,286881,MORE,MORE,B_03_032,70,PENDING
007,JAH,LeftHand_IDg,data/local/open_asl_alternatives_20260913/o5s5/videos/211020_O5S5_007_N_JAH.mp4,13244,13538,WORK,WORK,B_03_059,50,PENDING
007,JAH,LeftHand_IDg,data/local/open_asl_alternatives_20260913/o5s5/videos/211020_O5S5_007_N_JAH.mp4,15991,16353,IMPORTANT,IMPORTANT,B_01_081,75,PENDING
007,JAH,LeftHand_IDg,data/local/open_asl_alternatives_20260913/o5s5/videos/211020_O5S5_007_N_JAH.mp4,28757,29072,WORK,WORK,B_03_059,50,PENDING
007,JAH,LeftHand_IDg,data/local/open_asl_alternatives_20260913/o5s5/videos/211020_O5S5_007_N_JAH.mp4,32578,32905,SCHOOL,SCHOOL,C_03_089,87,PENDING
007,JAH,LeftHand_IDg,data/local/open_asl_alternatives_20260913/o5s5/videos/211020_O5S5_007_N_JAH.mp4,35513,35908,WHEN,WHEN,C_03_086,10,PENDING
007,JAH,LeftHand_IDg,data/local/open_asl_alternatives_20260913/o5s5/videos/211020_O5S5_007_N_JAH.mp4,39077,39336,WHEN,WHEN,C_03_086,10,PENDING
007,JAH,LeftHand_IDg,data/local/open_asl_alternatives_20260913/o5s5/videos/211020_O5S5_007_N_JAH.mp4,52778,52999,TIME,TIME,B_02_080,82,PENDING
007,JAH,LeftHand_IDg,data/local/open_asl_alternatives_20260913/o5s5/videos/211020_O5S5_007_N_JAH.mp4,60743,60939,TIME,TIME,B_02_080,82,PENDING
007,JAH,LeftHand_IDg,data/local/open_asl_alternatives_20260913/o5s5/videos/211020_O5S5_007_N_JAH.mp4,90096,90251,NEED,NEED,C_02_034,24,PENDING
007,JAH,LeftHand_IDg,data/local/open_asl_alternatives_20260913/o5s5/videos/211020_O5S5_007_N_JAH.mp4,113574,113757,NEED,NEED,C_02_034,24,PENDING
007,JAH,LeftHand_IDg,data/local/open_asl_alternatives_20260913/o5s5/videos/211020_O5S5_007_N_JAH.mp4,154043,154785,NO,NO,C_03_041,20,PENDING
007,JAH,LeftHand_IDg,data/local/open_asl_alternatives_20260913/o5s5/videos/211020_O5S5_007_N_JAH.mp4,157895,158080,TIME,TIME,B_02_080,82,PENDING
007,JAH,LeftHand_IDg,data/local/open_asl_alternatives_20260913/o5s5/videos/211020_O5S5_007_N_JAH.mp4,160932,161423,YES,YES,G_03_074,19,PENDING
007,JAH,LeftHand_IDg,data/local/open_asl_alternatives_20260913/o5s5/videos/211020_O5S5_007_N_JAH.mp4,163316,163504,WEEK,WEEK,B_02_079,84,PENDING
007,JAH,LeftHand_IDg,data/local/open_asl_alternatives_20260913/o5s5/videos/211020_O5S5_007_N_JAH.mp4,175773,176005,WHEN,WHEN,C_03_086,10,PENDING
007,JAH,LeftHand_IDg,data/local/open_asl_alternatives_20260913/o5s5/videos/211020_O5S5_007_N_JAH.mp4,183690,184042,SMALL,SMALL,D_01_030,69,PENDING
007,JAH,LeftHand_IDg,data/local/open_asl_alternatives_20260913/o5s5/videos/211020_O5S5_007_N_JAH.mp4,190625,190813,WORK,WORK,B_03_059,50,PENDING
007,JAH,LeftHand_IDg,data/local/open_asl_alternatives_20260913/o5s5/videos/211020_O5S5_007_N_JAH.mp4,193752,194093,WORK,WORK,B_03_059,50,PENDING
007,JAH,LeftHand_IDg,data/local/open_asl_alternatives_20260913/o5s5/videos/211020_O5S5_007_N_JAH.mp4,215305,215458,WHEN,WHEN,C_03_086,10,PENDING
007,JAH,LeftHand_IDg,data/local/open_asl_alternatives_20260913/o5s5/videos/211020_O5S5_007_N_JAH.mp4,227594,227729,TIME,TIME,B_02_080,82,PENDING
007,JAH,LeftHand_IDg,data/local/open_asl_alternatives_20260913/o5s5/videos/211020_O5S5_007_N_JAH.mp4,241721,241990,WHEN,WHEN,C_03_086,10,PENDING
007,JAH,LeftHand_IDg,data/local/open_asl_alternatives_20260913/o5s5/videos/211020_O5S5_007_N_JAH.mp4,265585,265728,HAVE,HAVE,B_03_057,31,PENDING
007,JAH,LeftHand_IDg,data/local/open_asl_alternatives_20260913/o5s5/videos/211020_O5S5_007_N_JAH.mp4,279837,280227,WORK,WORK,B_03_059,50,PENDING
007,JAH,LeftHand_IDg,data/local/open_asl_alternatives_20260913/o5s5/videos/211020_O5S5_007_N_JAH.mp4,281597,282090,WORK,WORK,B_03_059,50,PENDING
007,JAH,LeftHand_IDg,data/local/open_asl_alternatives_20260913/o5s5/videos/211020_O5S5_007_N_JAH.mp4,286543,286881,MORE,MORE,B_03_032,70,PENDING
025,CK,RightHand_IDg,data/local/open_asl_alternatives_20260913/o5s5/videos/211118_O5S5_025_N_CK.mov.mp4,1410,2060,HELLO,HELLO,D_02_055,14,PENDING
025,CK,RightHand_IDg,data/local/open_asl_alternatives_20260913/o5s5/videos/211118_O5S5_025_N_CK.mov.mp4,2358,2458,NAME,NAME,D_01_021,97,PENDING
025,CK,RightHand_IDg,data/local/open_asl_alternatives_20260913/o5s5/videos/211118_O5S5_025_N_CK.mov.mp4,6763,6874,NOW,NOW,C_03_062,77,PENDING
025,CK,RightHand_IDg,data/local/open_asl_alternatives_20260913/o5s5/videos/211118_O5S5_025_N_CK.mov.mp4,25895,26053,HAVE,HAVE,B_03_057,31,PENDING
025,CK,RightHand_IDg,data/local/open_asl_alternatives_20260913/o5s5/videos/211118_O5S5_025_N_CK.mov.mp4,27855,28255,WORK,WORK,B_03_059,50,PENDING
025,CK,RightHand_IDg,data/local/open_asl_alternatives_20260913/o5s5/videos/211118_O5S5_025_N_CK.mov.mp4,33698,34292,EXCITED,EXCITED,H_01_102,62,PENDING
025,CK,RightHand_IDg,data/local/open_asl_alternatives_20260913/o5s5/videos/211118_O5S5_025_N_CK.mov.mp4,43212,43588,TIME,TIME,B_02_080,82,PENDING
025,CK,RightHand_IDg,data/local/open_asl_alternatives_20260913/o5s5/videos/211118_O5S5_025_N_CK.mov.mp4,51617,51944,TIME,TIME,B_02_080,82,PENDING
025,CK,RightHand_IDg,data/local/open_asl_alternatives_20260913/o5s5/videos/211118_O5S5_025_N_CK.mov.mp4,53500,53764,WORK,WORK,B_03_059,50,PENDING
025,CK,RightHand_IDg,data/local/open_asl_alternatives_20260913/o5s5/videos/211118_O5S5_025_N_CK.mov.mp4,54525,54699,NO,NO,C_03_041,20,PENDING
025,CK,RightHand_IDg,data/local/open_asl_alternatives_20260913/o5s5/videos/211118_O5S5_025_N_CK.mov.mp4,55123,55544,NO,NO,C_03_041,20,PENDING
025,CK,RightHand_IDg,data/local/open_asl_alternatives_20260913/o5s5/videos/211118_O5S5_025_N_CK.mov.mp4,70055,70286,EASY,EASY,D_01_070,74,PENDING
025,CK,RightHand_IDg,data/local/open_asl_alternatives_20260913/o5s5/videos/211118_O5S5_025_N_CK.mov.mp4,73359,73771,EASY,EASY,D_01_070,74,PENDING
025,CK,RightHand_IDg,data/local/open_asl_alternatives_20260913/o5s5/videos/211118_O5S5_025_N_CK.mov.mp4,80334,80447,FEEL,FEEL,C_02_001,30,PENDING
025,CK,RightHand_IDg,data/local/open_asl_alternatives_20260913/o5s5/videos/211118_O5S5_025_N_CK.mov.mp4,84712,84986,TELL,TELL,C_02_013,46,PENDING
025,CK,RightHand_IDg,data/local/open_asl_alternatives_20260913/o5s5/videos/211118_O5S5_025_N_CK.mov.mp4,88246,88476,HOME,HOME,B_03_063,86,PENDING
025,CK,RightHand_IDg,data/local/open_asl_alternatives_20260913/o5s5/videos/211118_O5S5_025_N_CK.mov.mp4,88609,88861,MORE,MORE,B_03_032,70,PENDING
025,CK,RightHand_IDg,data/local/open_asl_alternatives_20260913/o5s5/videos/211118_O5S5_025_N_CK.mov.mp4,89143,89288,HAVE,HAVE,B_03_057,31,PENDING
025,CK,RightHand_IDg,data/local/open_asl_alternatives_20260913/o5s5/videos/211118_O5S5_025_N_CK.mov.mp4,105603,106055,THINK,THINK,C_03_053,29,PENDING
025,CK,RightHand_IDg,data/local/open_asl_alternatives_20260913/o5s5/videos/211118_O5S5_025_N_CK.mov.mp4,108377,108750,MAYBE,MAYBE,B_03_022,21,PENDING
025,CK,RightHand_IDg,data/local/open_asl_alternatives_20260913/o5s5/videos/211118_O5S5_025_N_CK.mov.mp4,121086,121698,MORE,MORE,B_03_032,70,PENDING
025,CK,RightHand_IDg,data/local/open_asl_alternatives_20260913/o5s5/videos/211118_O5S5_025_N_CK.mov.mp4,122137,122414,MORE,MORE,B_03_032,70,PENDING
025,CK,RightHand_IDg,data/local/open_asl_alternatives_20260913/o5s5/videos/211118_O5S5_025_N_CK.mov.mp4,129300,129713,MORE,MORE,B_03_032,70,PENDING
025,CK,RightHand_IDg,data/local/open_asl_alternatives_20260913/o5s5/videos/211118_O5S5_025_N_CK.mov.mp4,132092,132412,GOOD,GOOD,B_01_052,57,PENDING
025,CK,RightHand_IDg,data/local/open_asl_alternatives_20260913/o5s5/videos/211118_O5S5_025_N_CK.mov.mp4,134792,134989,STOP,STOP,D_01_010,36,PENDING
025,CK,RightHand_IDg,data/local/open_asl_alternatives_20260913/o5s5/videos/211118_O5S5_025_N_CK.mov.mp4,140841,141296,NOW,NOW,C_03_062,77,PENDING
025,CK,LeftHand_IDg,data/local/open_asl_alternatives_20260913/o5s5/videos/211118_O5S5_025_N_CK.mov.mp4,2358,2458,NAME,NAME,D_01_021,97,PENDING
025,CK,LeftHand_IDg,data/local/open_asl_alternatives_20260913/o5s5/videos/211118_O5S5_025_N_CK.mov.mp4,6763,6874,NOW,NOW,C_03_062,77,PENDING
025,CK,LeftHand_IDg,data/local/open_asl_alternatives_20260913/o5s5/videos/211118_O5S5_025_N_CK.mov.mp4,27855,28255,WORK,WORK,B_03_059,50,PENDING
025,CK,LeftHand_IDg,data/local/open_asl_alternatives_20260913/o5s5/videos/211118_O5S5_025_N_CK.mov.mp4,33698,34292,EXCITED,EXCITED,H_01_102,62,PENDING
025,CK,LeftHand_IDg,data/local/open_asl_alternatives_20260913/o5s5/videos/211118_O5S5_025_N_CK.mov.mp4,43212,43588,TIME,TIME,B_02_080,82,PENDING
025,CK,LeftHand_IDg,data/local/open_asl_alternatives_20260913/o5s5/videos/211118_O5S5_025_N_CK.mov.mp4,51617,51944,TIME,TIME,B_02_080,82,PENDING
025,CK,LeftHand_IDg,data/local/open_asl_alternatives_20260913/o5s5/videos/211118_O5S5_025_N_CK.mov.mp4,53500,53764,WORK,WORK,B_03_059,50,PENDING
025,CK,LeftHand_IDg,data/local/open_asl_alternatives_20260913/o5s5/videos/211118_O5S5_025_N_CK.mov.mp4,73359,73771,EASY,EASY,D_01_070,74,PENDING
025,CK,LeftHand_IDg,data/local/open_asl_alternatives_20260913/o5s5/videos/211118_O5S5_025_N_CK.mov.mp4,75522,76347,WEEK,WEEK,B_02_079,84,PENDING
025,CK,LeftHand_IDg,data/local/open_asl_alternatives_20260913/o5s5/videos/211118_O5S5_025_N_CK.mov.mp4,88609,88965,MORE,MORE,B_03_032,70,PENDING
025,CK,LeftHand_IDg,data/local/open_asl_alternatives_20260913/o5s5/videos/211118_O5S5_025_N_CK.mov.mp4,108377,108750,MAYBE,MAYBE,B_03_022,21,PENDING
025,CK,LeftHand_IDg,data/local/open_asl_alternatives_20260913/o5s5/videos/211118_O5S5_025_N_CK.mov.mp4,121086,121698,MORE,MORE,B_03_032,70,PENDING
025,CK,LeftHand_IDg,data/local/open_asl_alternatives_20260913/o5s5/videos/211118_O5S5_025_N_CK.mov.mp4,122137,122414,MORE,MORE,B_03_032,70,PENDING
025,CK,LeftHand_IDg,data/local/open_asl_alternatives_20260913/o5s5/videos/211118_O5S5_025_N_CK.mov.mp4,129300,129713,MORE,MORE,B_03_032,70,PENDING
025,CK,LeftHand_IDg,data/local/open_asl_alternatives_20260913/o5s5/videos/211118_O5S5_025_N_CK.mov.mp4,134792,134989,STOP,STOP,D_01_010,36,PENDING
025,CK,LeftHand_IDg,data/local/open_asl_alternatives_20260913/o5s5/videos/211118_O5S5_025_N_CK.mov.mp4,140841,141234,NOW,NOW,C_03_062,77,PENDING
026,Doug Ridloff,RightHand_IDg,data/local/open_asl_alternatives_20260913/o5s5/videos/211119_O5S5_026_N_DR.mov,1049,1421,HELLO,HELLO,D_02_055,14,PENDING
026,Doug Ridloff,RightHand_IDg,data/local/open_asl_alternatives_20260913/o5s5/videos/211119_O5S5_026_N_DR.mov,21090,21903,STOP,STOP,D_01_010,36,PENDING
026,Doug Ridloff,RightHand_IDg,data/local/open_asl_alternatives_20260913/o5s5/videos/211119_O5S5_026_N_DR.mov,35718,36022,MORE,MORE,B_03_032,70,PENDING
026,Doug Ridloff,RightHand_IDg,data/local/open_asl_alternatives_20260913/o5s5/videos/211119_O5S5_026_N_DR.mov,51040,51460,THINK,THINK,C_03_053,29,PENDING
026,Doug Ridloff,RightHand_IDg,data/local/open_asl_alternatives_20260913/o5s5/videos/211119_O5S5_026_N_DR.mov,62440,62680,WHY,WHY,D_01_067,12,PENDING
026,Doug Ridloff,RightHand_IDg,data/local/open_asl_alternatives_20260913/o5s5/videos/211119_O5S5_026_N_DR.mov,85760,85860,NOW,NOW,C_03_062,77,PENDING
026,Doug Ridloff,RightHand_IDg,data/local/open_asl_alternatives_20260913/o5s5/videos/211119_O5S5_026_N_DR.mov,97870,98550,YES,YES,G_03_074,19,PENDING
026,Doug Ridloff,RightHand_IDg,data/local/open_asl_alternatives_20260913/o5s5/videos/211119_O5S5_026_N_DR.mov,102310,102510,HAVE,HAVE,B_03_057,31,PENDING
026,Doug Ridloff,RightHand_IDg,data/local/open_asl_alternatives_20260913/o5s5/videos/211119_O5S5_026_N_DR.mov,140960,141410,WORK,WORK,B_03_059,50,PENDING
026,Doug Ridloff,RightHand_IDg,data/local/open_asl_alternatives_20260913/o5s5/videos/211119_O5S5_026_N_DR.mov,162630,162760,WHERE,WHERE,B_02_035,9,PENDING
026,Doug Ridloff,LeftHand_IDg,data/local/open_asl_alternatives_20260913/o5s5/videos/211119_O5S5_026_N_DR.mov,21090,21904,STOP,STOP,D_01_010,36,PENDING
026,Doug Ridloff,LeftHand_IDg,data/local/open_asl_alternatives_20260913/o5s5/videos/211119_O5S5_026_N_DR.mov,35751,36060,MORE,MORE,B_03_032,70,PENDING
026,Doug Ridloff,LeftHand_IDg,data/local/open_asl_alternatives_20260913/o5s5/videos/211119_O5S5_026_N_DR.mov,85760,85860,NOW,NOW,C_03_062,77,PENDING
026,Doug Ridloff,LeftHand_IDg,data/local/open_asl_alternatives_20260913/o5s5/videos/211119_O5S5_026_N_DR.mov,108660,109127,YES,YES,G_03_074,19,PENDING
026,Doug Ridloff,LeftHand_IDg,data/local/open_asl_alternatives_20260913/o5s5/videos/211119_O5S5_026_N_DR.mov,140960,141410,WORK,WORK,B_03_059,50,PENDING
027,LR,RightHand_IDg,data/local/open_asl_alternatives_20260913/o5s5/videos/211119_O5S5_027_N_LR.mov,2010,2710,HELLO,HELLO,D_02_055,14,PENDING
027,LR,RightHand_IDg,data/local/open_asl_alternatives_20260913/o5s5/videos/211119_O5S5_027_N_LR.mov,8860,9260,WHEN,WHEN,C_03_086,10,PENDING
027,LR,RightHand_IDg,data/local/open_asl_alternatives_20260913/o5s5/videos/211119_O5S5_027_N_LR.mov,13960,14180,TIME,TIME,B_02_080,82,PENDING
027,LR,RightHand_IDg,data/local/open_asl_alternatives_20260913/o5s5/videos/211119_O5S5_027_N_LR.mov,18775,19785,WORK,WORK,B_03_059,50,PENDING
027,LR,RightHand_IDg,data/local/open_asl_alternatives_20260913/o5s5/videos/211119_O5S5_027_N_LR.mov,20430,20990,EXCITED,EXCITED,H_01_102,62,PENDING
027,LR,RightHand_IDg,data/local/open_asl_alternatives_20260913/o5s5/videos/211119_O5S5_027_N_LR.mov,23880,24050,SEE,SEE,C_02_030,42,PENDING
027,LR,RightHand_IDg,data/local/open_asl_alternatives_20260913/o5s5/videos/211119_O5S5_027_N_LR.mov,24415,25475,FRIEND,FRIEND,D_03_010,91,PENDING
027,LR,RightHand_IDg,data/local/open_asl_alternatives_20260913/o5s5/videos/211119_O5S5_027_N_LR.mov,33030,33620,FRIEND,FRIEND,D_03_010,91,PENDING
027,LR,RightHand_IDg,data/local/open_asl_alternatives_20260913/o5s5/videos/211119_O5S5_027_N_LR.mov,36005,36365,FRIEND,FRIEND,D_03_010,91,PENDING
027,LR,RightHand_IDg,data/local/open_asl_alternatives_20260913/o5s5/videos/211119_O5S5_027_N_LR.mov,61012,61274,TIME,TIME,B_02_080,82,PENDING
027,LR,RightHand_IDg,data/local/open_asl_alternatives_20260913/o5s5/videos/211119_O5S5_027_N_LR.mov,74345,74565,NEED,NEED,C_02_034,24,PENDING
027,LR,RightHand_IDg,data/local/open_asl_alternatives_20260913/o5s5/videos/211119_O5S5_027_N_LR.mov,77660,78100,FRIEND,FRIEND,D_03_010,91,PENDING
027,LR,RightHand_IDg,data/local/open_asl_alternatives_20260913/o5s5/videos/211119_O5S5_027_N_LR.mov,92795,93695,EXCITED,EXCITED,H_01_102,62,PENDING
027,LR,RightHand_IDg,data/local/open_asl_alternatives_20260913/o5s5/videos/211119_O5S5_027_N_LR.mov,103755,103995,WHEN,WHEN,C_03_086,10,PENDING
027,LR,RightHand_IDg,data/local/open_asl_alternatives_20260913/o5s5/videos/211119_O5S5_027_N_LR.mov,106090,106400,SEE,SEE,C_02_030,42,PENDING
027,LR,RightHand_IDg,data/local/open_asl_alternatives_20260913/o5s5/videos/211119_O5S5_027_N_LR.mov,111526,112115,READY,READY,F_03_042,76,PENDING
027,LR,RightHand_IDg,data/local/open_asl_alternatives_20260913/o5s5/videos/211119_O5S5_027_N_LR.mov,118600,119150,NOW,NOW,C_03_062,77,PENDING
027,LR,RightHand_IDg,data/local/open_asl_alternatives_20260913/o5s5/videos/211119_O5S5_027_N_LR.mov,128975,129315,TIME,TIME,B_02_080,82,PENDING
027,LR,RightHand_IDg,data/local/open_asl_alternatives_20260913/o5s5/videos/211119_O5S5_027_N_LR.mov,129465,129705,HAVE,HAVE,B_03_057,31,PENDING
027,LR,RightHand_IDg,data/local/open_asl_alternatives_20260913/o5s5/videos/211119_O5S5_027_N_LR.mov,131278,131407,FRIEND,FRIEND,D_03_010,91,PENDING
027,LR,RightHand_IDg,data/local/open_asl_alternatives_20260913/o5s5/videos/211119_O5S5_027_N_LR.mov,133785,133945,OUR,OUR,G_02_067,7,PENDING
027,LR,RightHand_IDg,data/local/open_asl_alternatives_20260913/o5s5/videos/211119_O5S5_027_N_LR.mov,144545,144925,FRIEND,FRIEND,D_03_010,91,PENDING
027,LR,RightHand_IDg,data/local/open_asl_alternatives_20260913/o5s5/videos/211119_O5S5_027_N_LR.mov,146000,146460,UNDERSTAND,UNDERSTAND,C_01_006,28,PENDING
027,LR,RightHand_IDg,data/local/open_asl_alternatives_20260913/o5s5/videos/211119_O5S5_027_N_LR.mov,154015,154215,HAVE,HAVE,B_03_057,31,PENDING
027,LR,RightHand_IDg,data/local/open_asl_alternatives_20260913/o5s5/videos/211119_O5S5_027_N_LR.mov,154395,154625,TIME,TIME,B_02_080,82,PENDING
027,LR,RightHand_IDg,data/local/open_asl_alternatives_20260913/o5s5/videos/211119_O5S5_027_N_LR.mov,160070,160430,TIME,TIME,B_02_080,82,PENDING
027,LR,LeftHand_IDg,data/local/open_asl_alternatives_20260913/o5s5/videos/211119_O5S5_027_N_LR.mov,8855,9795,WHEN,WHEN,C_03_086,10,PENDING
027,LR,LeftHand_IDg,data/local/open_asl_alternatives_20260913/o5s5/videos/211119_O5S5_027_N_LR.mov,13960,14180,TIME,TIME,B_02_080,82,PENDING
027,LR,LeftHand_IDg,data/local/open_asl_alternatives_20260913/o5s5/videos/211119_O5S5_027_N_LR.mov,18775,19785,WORK,WORK,B_03_059,50,PENDING
027,LR,LeftHand_IDg,data/local/open_asl_alternatives_20260913/o5s5/videos/211119_O5S5_027_N_LR.mov,20430,20990,EXCITED,EXCITED,H_01_102,62,PENDING
027,LR,LeftHand_IDg,data/local/open_asl_alternatives_20260913/o5s5/videos/211119_O5S5_027_N_LR.mov,24415,25475,FRIEND,FRIEND,D_03_010,91,PENDING
027,LR,LeftHand_IDg,data/local/open_asl_alternatives_20260913/o5s5/videos/211119_O5S5_027_N_LR.mov,33030,33620,FRIEND,FRIEND,D_03_010,91,PENDING
027,LR,LeftHand_IDg,data/local/open_asl_alternatives_20260913/o5s5/videos/211119_O5S5_027_N_LR.mov,36005,36365,FRIEND,FRIEND,D_03_010,91,PENDING
027,LR,LeftHand_IDg,data/local/open_asl_alternatives_20260913/o5s5/videos/211119_O5S5_027_N_LR.mov,77660,78100,FRIEND,FRIEND,D_03_010,91,PENDING
027,LR,LeftHand_IDg,data/local/open_asl_alternatives_20260913/o5s5/videos/211119_O5S5_027_N_LR.mov,92795,93695,EXCITED,EXCITED,H_01_102,62,PENDING
027,LR,LeftHand_IDg,data/local/open_asl_alternatives_20260913/o5s5/videos/211119_O5S5_027_N_LR.mov,103755,103995,WHEN,WHEN,C_03_086,10,PENDING
027,LR,LeftHand_IDg,data/local/open_asl_alternatives_20260913/o5s5/videos/211119_O5S5_027_N_LR.mov,111526,112115,READY,READY,F_03_042,76,PENDING
027,LR,LeftHand_IDg,data/local/open_asl_alternatives_20260913/o5s5/videos/211119_O5S5_027_N_LR.mov,118600,119150,NOW,NOW,C_03_062,77,PENDING
027,LR,LeftHand_IDg,data/local/open_asl_alternatives_20260913/o5s5/videos/211119_O5S5_027_N_LR.mov,128975,129315,TIME,TIME,B_02_080,82,PENDING
027,LR,LeftHand_IDg,data/local/open_asl_alternatives_20260913/o5s5/videos/211119_O5S5_027_N_LR.mov,129465,129705,HAVE,HAVE,B_03_057,31,PENDING
027,LR,LeftHand_IDg,data/local/open_asl_alternatives_20260913/o5s5/videos/211119_O5S5_027_N_LR.mov,131278,131407,FRIEND,FRIEND,D_03_010,91,PENDING
027,LR,LeftHand_IDg,data/local/open_asl_alternatives_20260913/o5s5/videos/211119_O5S5_027_N_LR.mov,144545,144925,FRIEND,FRIEND,D_03_010,91,PENDING
027,LR,LeftHand_IDg,data/local/open_asl_alternatives_20260913/o5s5/videos/211119_O5S5_027_N_LR.mov,154015,154215,HAVE,HAVE,B_03_057,31,PENDING
027,LR,LeftHand_IDg,data/local/open_asl_alternatives_20260913/o5s5/videos/211119_O5S5_027_N_LR.mov,154395,154625,TIME,TIME,B_02_080,82,PENDING
027,LR,LeftHand_IDg,data/local/open_asl_alternatives_20260913/o5s5/videos/211119_O5S5_027_N_LR.mov,160070,160430,TIME,TIME,B_02_080,82,PENDING
029,RD,RightHand_IDg,data/local/open_asl_alternatives_20260913/o5s5/videos/211201_O5S5_029_N_RD.MOV,2162,2412,TIME,TIME,B_02_080,82,PENDING
029,RD,RightHand_IDg,data/local/open_asl_alternatives_20260913/o5s5/videos/211201_O5S5_029_N_RD.MOV,5889,6245,FEEL,FEEL,C_02_001,30,PENDING
029,RD,RightHand_IDg,data/local/open_asl_alternatives_20260913/o5s5/videos/211201_O5S5_029_N_RD.MOV,10741,11069,FEEL,FEEL,C_02_001,30,PENDING
029,RD,RightHand_IDg,data/local/open_asl_alternatives_20260913/o5s5/videos/211201_O5S5_029_N_RD.MOV,21472,21634,FEEL,FEEL,C_02_001,30,PENDING
029,RD,RightHand_IDg,data/local/open_asl_alternatives_20260913/o5s5/videos/211201_O5S5_029_N_RD.MOV,33306,33458,FEEL,FEEL,C_02_001,30,PENDING
029,RD,RightHand_IDg,data/local/open_asl_alternatives_20260913/o5s5/videos/211201_O5S5_029_N_RD.MOV,33685,34079,COLD,COLD,C_02_068,67,PENDING
029,RD,RightHand_IDg,data/local/open_asl_alternatives_20260913/o5s5/videos/211201_O5S5_029_N_RD.MOV,36102,36356,FEEL,FEEL,C_02_001,30,PENDING
029,RD,RightHand_IDg,data/local/open_asl_alternatives_20260913/o5s5/videos/211201_O5S5_029_N_RD.MOV,36458,36810,COLD,COLD,C_02_068,67,PENDING
029,RD,RightHand_IDg,data/local/open_asl_alternatives_20260913/o5s5/videos/211201_O5S5_029_N_RD.MOV,37995,38153,THINK,THINK,C_03_053,29,PENDING
029,RD,RightHand_IDg,data/local/open_asl_alternatives_20260913/o5s5/videos/211201_O5S5_029_N_RD.MOV,40421,40583,FEEL,FEEL,C_02_001,30,PENDING
029,RD,RightHand_IDg,data/local/open_asl_alternatives_20260913/o5s5/videos/211201_O5S5_029_N_RD.MOV,44431,44639,HAVE,HAVE,B_03_057,31,PENDING
029,RD,RightHand_IDg,data/local/open_asl_alternatives_20260913/o5s5/videos/211201_O5S5_029_N_RD.MOV,46231,46343,HAVE,HAVE,B_03_057,31,PENDING
029,RD,RightHand_IDg,data/local/open_asl_alternatives_20260913/o5s5/videos/211201_O5S5_029_N_RD.MOV,56120,56421,NEED,NEED,C_02_034,24,PENDING
029,RD,RightHand_IDg,data/local/open_asl_alternatives_20260913/o5s5/videos/211201_O5S5_029_N_RD.MOV,57083,57190,FEEL,FEEL,C_02_001,30,PENDING
029,RD,RightHand_IDg,data/local/open_asl_alternatives_20260913/o5s5/videos/211201_O5S5_029_N_RD.MOV,57204,57329,NEED,NEED,C_02_034,24,PENDING
029,RD,RightHand_IDg,data/local/open_asl_alternatives_20260913/o5s5/videos/211201_O5S5_029_N_RD.MOV,58634,58977,NO,NO,C_03_041,20,PENDING
029,RD,RightHand_IDg,data/local/open_asl_alternatives_20260913/o5s5/videos/211201_O5S5_029_N_RD.MOV,65801,66042,FIND,FIND,B_03_076,41,PENDING
029,RD,RightHand_IDg,data/local/open_asl_alternatives_20260913/o5s5/videos/211201_O5S5_029_N_RD.MOV,70870,70949,YES,YES,G_03_074,19,PENDING
029,RD,RightHand_IDg,data/local/open_asl_alternatives_20260913/o5s5/videos/211201_O5S5_029_N_RD.MOV,73389,73593,NO,NO,C_03_041,20,PENDING
029,RD,RightHand_IDg,data/local/open_asl_alternatives_20260913/o5s5/videos/211201_O5S5_029_N_RD.MOV,76773,76921,FIND,FIND,B_03_076,41,PENDING
029,RD,RightHand_IDg,data/local/open_asl_alternatives_20260913/o5s5/videos/211201_O5S5_029_N_RD.MOV,96525,96648,FEEL,FEEL,C_02_001,30,PENDING
029,RD,RightHand_IDg,data/local/open_asl_alternatives_20260913/o5s5/videos/211201_O5S5_029_N_RD.MOV,102714,102854,HAVE,HAVE,B_03_057,31,PENDING
029,RD,RightHand_IDg,data/local/open_asl_alternatives_20260913/o5s5/videos/211201_O5S5_029_N_RD.MOV,105755,106449,FEEL,FEEL,C_02_001,30,PENDING
029,RD,RightHand_IDg,data/local/open_asl_alternatives_20260913/o5s5/videos/211201_O5S5_029_N_RD.MOV,133875,133952,HAVE,HAVE,B_03_057,31,PENDING
029,RD,RightHand_IDg,data/local/open_asl_alternatives_20260913/o5s5/videos/211201_O5S5_029_N_RD.MOV,143019,143125,NEED,NEED,C_02_034,24,PENDING
029,RD,RightHand_IDg,data/local/open_asl_alternatives_20260913/o5s5/videos/211201_O5S5_029_N_RD.MOV,146037,146250,UNDERSTAND,UNDERSTAND,C_01_006,28,PENDING
029,RD,RightHand_IDg,data/local/open_asl_alternatives_20260913/o5s5/videos/211201_O5S5_029_N_RD.MOV,152648,152940,FEEL,FEEL,C_02_001,30,PENDING
029,RD,RightHand_IDg,data/local/open_asl_alternatives_20260913/o5s5/videos/211201_O5S5_029_N_RD.MOV,153171,153421,FEEL,FEEL,C_02_001,30,PENDING
029,RD,RightHand_IDg,data/local/open_asl_alternatives_20260913/o5s5/videos/211201_O5S5_029_N_RD.MOV,177690,177880,FEEL,FEEL,C_02_001,30,PENDING
029,RD,RightHand_IDg,data/local/open_asl_alternatives_20260913/o5s5/videos/211201_O5S5_029_N_RD.MOV,177987,178129,FEEL,FEEL,C_02_001,30,PENDING
029,RD,RightHand_IDg,data/local/open_asl_alternatives_20260913/o5s5/videos/211201_O5S5_029_N_RD.MOV,179468,179570,FEEL,FEEL,C_02_001,30,PENDING
029,RD,RightHand_IDg,data/local/open_asl_alternatives_20260913/o5s5/videos/211201_O5S5_029_N_RD.MOV,180050,180361,FEEL,FEEL,C_02_001,30,PENDING
029,RD,RightHand_IDg,data/local/open_asl_alternatives_20260913/o5s5/videos/211201_O5S5_029_N_RD.MOV,181518,181867,FEEL,FEEL,C_02_001,30,PENDING
029,RD,RightHand_IDg,data/local/open_asl_alternatives_20260913/o5s5/videos/211201_O5S5_029_N_RD.MOV,198864,199051,OUR,OUR,G_02_067,7,PENDING
029,RD,RightHand_IDg,data/local/open_asl_alternatives_20260913/o5s5/videos/211201_O5S5_029_N_RD.MOV,200418,200665,FEEL,FEEL,C_02_001,30,PENDING
029,RD,RightHand_IDg,data/local/open_asl_alternatives_20260913/o5s5/videos/211201_O5S5_029_N_RD.MOV,207206,207453,FEEL,FEEL,C_02_001,30,PENDING
029,RD,RightHand_IDg,data/local/open_asl_alternatives_20260913/o5s5/videos/211201_O5S5_029_N_RD.MOV,212617,212860,FIND,FIND,B_03_076,41,PENDING
029,RD,RightHand_IDg,data/local/open_asl_alternatives_20260913/o5s5/videos/211201_O5S5_029_N_RD.MOV,219976,220175,FEEL,FEEL,C_02_001,30,PENDING
029,RD,RightHand_IDg,data/local/open_asl_alternatives_20260913/o5s5/videos/211201_O5S5_029_N_RD.MOV,225324,225671,FEEL,FEEL,C_02_001,30,PENDING
029,RD,RightHand_IDg,data/local/open_asl_alternatives_20260913/o5s5/videos/211201_O5S5_029_N_RD.MOV,227185,227438,FEEL,FEEL,C_02_001,30,PENDING
029,RD,RightHand_IDg,data/local/open_asl_alternatives_20260913/o5s5/videos/211201_O5S5_029_N_RD.MOV,227592,227843,YES,YES,G_03_074,19,PENDING
029,RD,RightHand_IDg,data/local/open_asl_alternatives_20260913/o5s5/videos/211201_O5S5_029_N_RD.MOV,228679,228823,NOW,NOW,C_03_062,77,PENDING
029,RD,RightHand_IDg,data/local/open_asl_alternatives_20260913/o5s5/videos/211201_O5S5_029_N_RD.MOV,237770,237830,FEEL,FEEL,C_02_001,30,PENDING
029,RD,RightHand_IDg,data/local/open_asl_alternatives_20260913/o5s5/videos/211201_O5S5_029_N_RD.MOV,241268,241632,OUR,OUR,G_02_067,7,PENDING
029,RD,RightHand_IDg,data/local/open_asl_alternatives_20260913/o5s5/videos/211201_O5S5_029_N_RD.MOV,246318,246510,TIME,TIME,B_02_080,82,PENDING
029,RD,LeftHand_IDg,data/local/open_asl_alternatives_20260913/o5s5/videos/211201_O5S5_029_N_RD.MOV,2162,2412,TIME,TIME,B_02_080,82,PENDING
029,RD,LeftHand_IDg,data/local/open_asl_alternatives_20260913/o5s5/videos/211201_O5S5_029_N_RD.MOV,33685,34079,COLD,COLD,C_02_068,67,PENDING
029,RD,LeftHand_IDg,data/local/open_asl_alternatives_20260913/o5s5/videos/211201_O5S5_029_N_RD.MOV,36458,36810,COLD,COLD,C_02_068,67,PENDING
029,RD,LeftHand_IDg,data/local/open_asl_alternatives_20260913/o5s5/videos/211201_O5S5_029_N_RD.MOV,65801,66042,FIND,FIND,B_03_076,41,PENDING
029,RD,LeftHand_IDg,data/local/open_asl_alternatives_20260913/o5s5/videos/211201_O5S5_029_N_RD.MOV,76773,76921,FIND,FIND,B_03_076,41,PENDING
029,RD,LeftHand_IDg,data/local/open_asl_alternatives_20260913/o5s5/videos/211201_O5S5_029_N_RD.MOV,212617,212860,FIND,FIND,B_03_076,41,PENDING
029,RD,LeftHand_IDg,data/local/open_asl_alternatives_20260913/o5s5/videos/211201_O5S5_029_N_RD.MOV,228679,228823,NOW,NOW,C_03_062,77,PENDING
029,RD,LeftHand_IDg,data/local/open_asl_alternatives_20260913/o5s5/videos/211201_O5S5_029_N_RD.MOV,246318,246510,TIME,TIME,B_02_080,82,PENDING
