recording,speaker,split,video,gloss_sequence
001,woman-1,train,data/local/open_asl_alternatives_20260913/rwth_boston_104/videoBank/camera0/001_0.mpg,JOHN WRITE HOMEWORK
003,woman-2,train,data/local/open_asl_alternatives_20260913/rwth_boston_104/videoBank/camera0/003_0.mpg,IX-1P SEE JOHN YESTERDAY IX
004,woman-1,train,data/local/open_asl_alternatives_20260913/rwth_boston_104/videoBank/camera0/004_0.mpg,JOHN IX-1P SEE IX YESTERDAY
005,woman-2,train,data/local/open_asl_alternatives_20260913/rwth_boston_104/videoBank/camera0/005_0.mpg,LOVE MARY JOHN
006,woman-2,train,data/local/open_asl_alternatives_20260913/rwth_boston_104/videoBank/camera0/006_0.mpg,LOVE MARY JOHN IX
008,man-1,train,data/local/open_asl_alternatives_20260913/rwth_boston_104/videoBank/camera0/008_0.mpg,JOHN CAN GO CAN
009,woman-2,train,data/local/open_asl_alternatives_20260913/rwth_boston_104/videoBank/camera0/009_0.mpg,JOHN CAN GO1 CAN
010,woman-1,train,data/local/open_asl_alternatives_20260913/rwth_boston_104/videoBank/camera0/010_0.mpg,JOHN CAN GO CAN
011,woman-2,train,data/local/open_asl_alternatives_20260913/rwth_boston_104/videoBank/camera0/011_0.mpg,JOHN CAN GO1 CAN
013,woman-2,train,data/local/open_asl_alternatives_20260913/rwth_boston_104/videoBank/camera0/013_0.mpg,JOHN CAN GO1 CAN
014,woman-2,train,data/local/open_asl_alternatives_20260913/rwth_boston_104/videoBank/camera0/014_0.mpg,JOHN CAN GO1 CAN
015,woman-2,train,data/local/open_asl_alternatives_20260913/rwth_boston_104/videoBank/camera0/015_0.mpg,JOHN FUTURE GO2 PARTY FUTURE
016,man-1,train,data/local/open_asl_alternatives_20260913/rwth_boston_104/videoBank/camera0/016_0.mpg,JOHN FUTURE1 GO IX
017,woman-2,train,data/local/open_asl_alternatives_20260913/rwth_boston_104/videoBank/camera0/017_0.mpg,JOHN FUTURE1 GO IX
018,woman-1,train,data/local/open_asl_alternatives_20260913/rwth_boston_104/videoBank/camera0/018_0.mpg,JOHN IX HIT BLAME FRED IX
019,woman-2,train,data/local/open_asl_alternatives_20260913/rwth_boston_104/videoBank/camera0/019_0.mpg,JOHN FISH WONT EAT BUT CAN EAT CHICKEN
020,woman-2,train,data/local/open_asl_alternatives_20260913/rwth_boston_104/videoBank/camera0/020_0.mpg,JOHN FISH WONT EAT BUT CAN EAT CHICKEN
022,woman-2,train,data/local/open_asl_alternatives_20260913/rwth_boston_104/videoBank/camera0/022_0.mpg,VEGETABLE CHINA IX PEOPLE PREFER BROCCOLI
023,woman-2,train,data/local/open_asl_alternatives_20260913/rwth_boston_104/videoBank/camera0/023_0.mpg,VEGETABLE CHINA IX PEOPLE PREFER BROCCOLI
024,woman-2,train,data/local/open_asl_alternatives_20260913/rwth_boston_104/videoBank/camera0/024_0.mpg,JOHN LIKE IX IX IX
026,woman-2,train,data/local/open_asl_alternatives_20260913/rwth_boston_104/videoBank/camera0/026_0.mpg,JOHN LIKE IX IX IX
027,woman-2,train,data/local/open_asl_alternatives_20260913/rwth_boston_104/videoBank/camera0/027_0.mpg,JOHN LIKE IX IX IX
029,man-1,train,data/local/open_asl_alternatives_20260913/rwth_boston_104/videoBank/camera0/029_0.mpg,JOHN LIKE IX IX IX
031,man-1,train,data/local/open_asl_alternatives_20260913/rwth_boston_104/videoBank/camera0/031_0.mpg,JOHN LEAVE IX
032,woman-2,train,data/local/open_asl_alternatives_20260913/rwth_boston_104/videoBank/camera0/032_0.mpg,JOHN LEAVE IX
033,woman-2,train,data/local/open_asl_alternatives_20260913/rwth_boston_104/videoBank/camera0/033_0.mpg,JOHN LEAVE IX
034,woman-2,train,data/local/open_asl_alternatives_20260913/rwth_boston_104/videoBank/camera0/034_0.mpg,JOHN SAY MARY IX-1P BUY HOUSE
035,man-1,train,data/local/open_asl_alternatives_20260913/rwth_boston_104/videoBank/camera0/035_0.mpg,MARY VEGETABLE KNOW IX LIKE CORN
037,woman-2,train,data/local/open_asl_alternatives_20260913/rwth_boston_104/videoBank/camera0/037_0.mpg,MARY VEGETABLE IX-1P KNOW IX LIKE CORN1
038,woman-2,train,data/local/open_asl_alternatives_20260913/rwth_boston_104/videoBank/camera0/038_0.mpg,MARY VEGETABLE KNOW IX LIKE CORN1
039,man-1,train,data/local/open_asl_alternatives_20260913/rwth_boston_104/videoBank/camera0/039_0.mpg,JOHN IX THINK MARY LOVE
041,woman-2,train,data/local/open_asl_alternatives_20260913/rwth_boston_104/videoBank/camera0/041_0.mpg,JOHN IX THINK MARY LOVE
042,woman-1,train,data/local/open_asl_alternatives_20260913/rwth_boston_104/videoBank/camera0/042_0.mpg,JOHN CAN BUY HOUSE
044,woman-2,train,data/local/open_asl_alternatives_20260913/rwth_boston_104/videoBank/camera0/044_0.mpg,JOHN FUTURE BUY HOUSE
045,woman-1,train,data/local/open_asl_alternatives_20260913/rwth_boston_104/videoBank/camera0/045_0.mpg,JOHN FUTURE NOT BUY HOUSE
046,woman-1,train,data/local/open_asl_alternatives_20260913/rwth_boston_104/videoBank/camera0/046_0.mpg,JOHN PAST LIVE CHICAGO
047,woman-2,train,data/local/open_asl_alternatives_20260913/rwth_boston_104/videoBank/camera0/047_0.mpg,JOHN BUY CAR FUTURE
048,woman-1,train,data/local/open_asl_alternatives_20260913/rwth_boston_104/videoBank/camera0/048_0.mpg,JOHN BUY CAR FUTURE
049,woman-1,train,data/local/open_asl_alternatives_20260913/rwth_boston_104/videoBank/camera0/049_0.mpg,JOHN BUY CAR SHOULD
051,woman-1,train,data/local/open_asl_alternatives_20260913/rwth_boston_104/videoBank/camera0/051_0.mpg,JOHN BUY CAR FUTURE NOT
052,woman-1,train,data/local/open_asl_alternatives_20260913/rwth_boston_104/videoBank/camera0/052_0.mpg,JOHN SHOULD NOT BUY HOUSE
053,woman-2,train,data/local/open_asl_alternatives_20260913/rwth_boston_104/videoBank/camera0/053_0.mpg,JOHN SHOULD NOT BUY HOUSE
055,woman-2,train,data/local/open_asl_alternatives_20260913/rwth_boston_104/videoBank/camera0/055_0.mpg,JOHN SHOULD BUY HOUSE
056,man-1,train,data/local/open_asl_alternatives_20260913/rwth_boston_104/videoBank/camera0/056_0.mpg,JOHN DECIDE VISIT MARY
058,man-1,train,data/local/open_asl_alternatives_20260913/rwth_boston_104/videoBank/camera0/058_0.mpg,JOHN DECIDE VISIT MARY
059,woman-1,train,data/local/open_asl_alternatives_20260913/rwth_boston_104/videoBank/camera0/059_0.mpg,JOHN FUTURE NOT BUY HOUSE
060,woman-1,train,data/local/open_asl_alternatives_20260913/rwth_boston_104/videoBank/camera0/060_0.mpg,JOHN PREFER GO MOVIE
061,woman-1,train,data/local/open_asl_alternatives_20260913/rwth_boston_104/videoBank/camera0/061_0.mpg,JOHN WANT SELL CAR
062,woman-1,train,data/local/open_asl_alternatives_20260913/rwth_boston_104/videoBank/camera0/062_0.mpg,JOHN WANT SELL CAR FUTURE
063,woman-1,train,data/local/open_asl_alternatives_20260913/rwth_boston_104/videoBank/camera0/063_0.mpg,FUTURE JOHN GO FUTURE
064,woman-1,train,data/local/open_asl_alternatives_20260913/rwth_boston_104/videoBank/camera0/064_0.mpg,JOHN PREFER GO MOVIE TOMORROW
065,woman-1,train,data/local/open_asl_alternatives_20260913/rwth_boston_104/videoBank/camera0/065_0.mpg,NEXT-WEEK JOHN GO NEW-YORK
066,woman-1,train,data/local/open_asl_alternatives_20260913/rwth_boston_104/videoBank/camera0/066_0.mpg,JOHN FUTURE NOT BUY HOUSE
068,woman-2,train,data/local/open_asl_alternatives_20260913/rwth_boston_104/videoBank/camera0/068_0.mpg,LAST-WEEK JOHN GO NEW-YORK
069,woman-2,train,data/local/open_asl_alternatives_20260913/rwth_boston_104/videoBank/camera0/069_0.mpg,JOHN WILL VISIT MARY
070,woman-2,train,data/local/open_asl_alternatives_20260913/rwth_boston_104/videoBank/camera0/070_0.mpg,JOHN WILL VISIT MARY
072,woman-2,train,data/local/open_asl_alternatives_20260913/rwth_boston_104/videoBank/camera0/072_0.mpg,JOHN FINISH VISIT MARY
073,man-1,train,data/local/open_asl_alternatives_20260913/rwth_boston_104/videoBank/camera0/073_0.mpg,JOHN NOT VISIT MARY
075,woman-2,train,data/local/open_asl_alternatives_20260913/rwth_boston_104/videoBank/camera0/075_0.mpg,JOHN FUTURE FINISH VISIT MARY
076,woman-2,train,data/local/open_asl_alternatives_20260913/rwth_boston_104/videoBank/camera0/076_0.mpg,ANN BLAME MARY
078,woman-2,train,data/local/open_asl_alternatives_20260913/rwth_boston_104/videoBank/camera0/078_0.mpg,JOHN FUTURE FINISH SEE MARY
079,woman-2,train,data/local/open_asl_alternatives_20260913/rwth_boston_104/videoBank/camera0/079_0.mpg,JOHN SHOULD FINISH READ BOOK
080,woman-2,train,data/local/open_asl_alternatives_20260913/rwth_boston_104/videoBank/camera0/080_0.mpg,JOHN FUTURE FINISH READ BOOK
081,woman-2,train,data/local/open_asl_alternatives_20260913/rwth_boston_104/videoBank/camera0/081_0.mpg,JOHN LIKE CHOCOLATE
082,woman-1,train,data/local/open_asl_alternatives_20260913/rwth_boston_104/videoBank/camera0/082_0.mpg,JOHN SHOULD NOT LIKE CHOCOLATE
083,woman-1,train,data/local/open_asl_alternatives_20260913/rwth_boston_104/videoBank/camera0/083_0.mpg,IX-1P FIND SOMETHING-ONE POSS BOOK
085,woman-1,train,data/local/open_asl_alternatives_20260913/rwth_boston_104/videoBank/camera0/085_0.mpg,JOHN BROTHER ARRIVE
086,woman-1,train,data/local/open_asl_alternatives_20260913/rwth_boston_104/videoBank/camera0/086_0.mpg,SOMETHING-ONE ARRIVE HERE
087,woman-2,train,data/local/open_asl_alternatives_20260913/rwth_boston_104/videoBank/camera0/087_0.mpg,JOHN GIVE IX MAN IX NEW COAT
088,woman-2,train,data/local/open_asl_alternatives_20260913/rwth_boston_104/videoBank/camera0/088_0.mpg,JOHN GIVE IX MAN NEW COAT
091,woman-2,train,data/local/open_asl_alternatives_20260913/rwth_boston_104/videoBank/camera0/091_0.mpg,JOHN IX GIVE IX WOMAN IX BOOK
093,man-1,train,data/local/open_asl_alternatives_20260913/rwth_boston_104/videoBank/camera0/093_0.mpg,JOHN GIVE1 IX SOMETHING-ONE WOMAN BOOK
094,woman-2,train,data/local/open_asl_alternatives_20260913/rwth_boston_104/videoBank/camera0/094_0.mpg,JOHN GIVE1 IX SOMETHING-ONE WOMAN BOOK
095,man-1,train,data/local/open_asl_alternatives_20260913/rwth_boston_104/videoBank/camera0/095_0.mpg,IX WOMAN HAVE BOOK
096,man-1,train,data/local/open_asl_alternatives_20260913/rwth_boston_104/videoBank/camera0/096_0.mpg,IX HAVE BOOK
097,woman-2,train,data/local/open_asl_alternatives_20260913/rwth_boston_104/videoBank/camera0/097_0.mpg,FRANK POSS NEW CAR BREAK-DOWN
098,woman-1,train,data/local/open_asl_alternatives_20260913/rwth_boston_104/videoBank/camera0/098_0.mpg,POSS FRANK NEW CAR BREAK-DOWN
099,woman-1,train,data/local/open_asl_alternatives_20260913/rwth_boston_104/videoBank/camera0/099_0.mpg,FRANK POSS CAR BREAK-DOWN
101,woman-1,train,data/local/open_asl_alternatives_20260913/rwth_boston_104/videoBank/camera0/101_0.mpg,POSS NEW CAR BREAK-DOWN
102,woman-2,train,data/local/open_asl_alternatives_20260913/rwth_boston_104/videoBank/camera0/102_0.mpg,JOHN SEARCH-FOR WHO POSS BOOK WHAT
103,woman-1,train,data/local/open_asl_alternatives_20260913/rwth_boston_104/videoBank/camera0/103_0.mpg,JOHN POSS BROTHER ARRIVE
104,woman-1,train,data/local/open_asl_alternatives_20260913/rwth_boston_104/videoBank/camera0/104_0.mpg,JOHN POSS LEG
106,man-1,train,data/local/open_asl_alternatives_20260913/rwth_boston_104/videoBank/camera0/106_0.mpg,JOHN POSS FRIEND POSS CANDY
109,woman-2,train,data/local/open_asl_alternatives_20260913/rwth_boston_104/videoBank/camera0/109_0.mpg,WOMAN ARRIVE HERE
110,woman-2,train,data/local/open_asl_alternatives_20260913/rwth_boston_104/videoBank/camera0/110_0.mpg,WHAT SOMETHING-ONE WHAT WOMAN ARRIVE
111,woman-2,train,data/local/open_asl_alternatives_20260913/rwth_boston_104/videoBank/camera0/111_0.mpg,WHAT WOMAN WHAT ARRIVE HERE
112,man-1,train,data/local/open_asl_alternatives_20260913/rwth_boston_104/videoBank/camera0/112_0.mpg,IX CAR BLUE SUE BUY1
114,man-1,train,data/local/open_asl_alternatives_20260913/rwth_boston_104/videoBank/camera0/114_0.mpg,SOMETHING-ONE POSS CAR STOLEN
115,woman-2,train,data/local/open_asl_alternatives_20260913/rwth_boston_104/videoBank/camera0/115_0.mpg,SOMETHING-ONE CAR STOLEN
116,man-1,train,data/local/open_asl_alternatives_20260913/rwth_boston_104/videoBank/camera0/116_0.mpg,JOHN POSS OLD HOUSE SELL YESTERDAY
117,man-1,train,data/local/open_asl_alternatives_20260913/rwth_boston_104/videoBank/camera0/117_0.mpg,SUE BUY1 IX CAR BLUE
118,man-1,train,data/local/open_asl_alternatives_20260913/rwth_boston_104/videoBank/camera0/118_0.mpg,SUE BUY1 IX CAR BLUE
120,man-1,train,data/local/open_asl_alternatives_20260913/rwth_boston_104/videoBank/camera0/120_0.mpg,SUE BUY1 CAR BLUE
121,woman-2,train,data/local/open_asl_alternatives_20260913/rwth_boston_104/videoBank/camera0/121_0.mpg,JOHN READ BOOK
123,woman-1,train,data/local/open_asl_alternatives_20260913/rwth_boston_104/videoBank/camera0/123_0.mpg,SOMETHING-ONE STUDENT HAVE VIDEOTAPE
124,man-1,train,data/local/open_asl_alternatives_20260913/rwth_boston_104/videoBank/camera0/124_0.mpg,SOMETHING-ONE STUDENT SOMETHING-ONE BORROW VIDEOTAPE
125,woman-1,train,data/local/open_asl_alternatives_20260913/rwth_boston_104/videoBank/camera0/125_0.mpg,STUDENT HAVE VIDEOTAPE
126,woman-1,train,data/local/open_asl_alternatives_20260913/rwth_boston_104/videoBank/camera0/126_0.mpg,JOHN MOTHER ARRIVE WHO MOTHER ARRIVE
127,man-1,train,data/local/open_asl_alternatives_20260913/rwth_boston_104/videoBank/camera0/127_0.mpg,JOHN SEE WHO WHAT
128,woman-1,train,data/local/open_asl_alternatives_20260913/rwth_boston_104/videoBank/camera0/128_0.mpg,IX JOHN SEE WHO IX WHO
129,man-1,train,data/local/open_asl_alternatives_20260913/rwth_boston_104/videoBank/camera0/129_0.mpg,WHAT MARY WONT EAT WHAT
130,man-1,train,data/local/open_asl_alternatives_20260913/rwth_boston_104/videoBank/camera0/130_0.mpg,JOHN MARY LOVE IX
131,man-1,train,data/local/open_asl_alternatives_20260913/rwth_boston_104/videoBank/camera0/131_0.mpg,JOHN IX LIKE MARY
132,man-1,train,data/local/open_asl_alternatives_20260913/rwth_boston_104/videoBank/camera0/132_0.mpg,WHO VEGETABLE PREFER POTATO WHAT
133,man-1,train,data/local/open_asl_alternatives_20260913/rwth_boston_104/videoBank/camera0/133_0.mpg,WHAT JOHN LOVE WHAT
134,woman-1,train,data/local/open_asl_alternatives_20260913/rwth_boston_104/videoBank/camera0/134_0.mpg,WHAT JOHN LOVE WHAT
135,woman-1,train,data/local/open_asl_alternatives_20260913/rwth_boston_104/videoBank/camera0/135_0.mpg,WHAT JOHN LOVE WHAT
136,woman-1,train,data/local/open_asl_alternatives_20260913/rwth_boston_104/videoBank/camera0/136_0.mpg,WHO TELL BILL MARY
137,man-1,train,data/local/open_asl_alternatives_20260913/rwth_boston_104/videoBank/camera0/137_0.mpg,JOHN BUY1 WHAT YESTERDAY BOOK
138,woman-1,train,data/local/open_asl_alternatives_20260913/rwth_boston_104/videoBank/camera0/138_0.mpg,JOHN BUY WHAT YESTERDAY BOOK
140,woman-1,train,data/local/open_asl_alternatives_20260913/rwth_boston_104/videoBank/camera0/140_0.mpg,JOHN BUY YESTERDAY WHAT BOOK
141,woman-1,train,data/local/open_asl_alternatives_20260913/rwth_boston_104/videoBank/camera0/141_0.mpg,JOHN BUY WHAT BOOK
143,man-1,train,data/local/open_asl_alternatives_20260913/rwth_boston_104/videoBank/camera0/143_0.mpg,TELL BILL YESTERDAY WHO MARY
144,woman-1,train,data/local/open_asl_alternatives_20260913/rwth_boston_104/videoBank/camera0/144_0.mpg,TELL BILL YESTERDAY WHO MARY
145,woman-1,train,data/local/open_asl_alternatives_20260913/rwth_boston_104/videoBank/camera0/145_0.mpg,WHO TELL BILL WHAT MARY
146,woman-1,train,data/local/open_asl_alternatives_20260913/rwth_boston_104/videoBank/camera0/146_0.mpg,WHO JOHN VISIT WHAT MARY
147,woman-1,train,data/local/open_asl_alternatives_20260913/rwth_boston_104/videoBank/camera0/147_0.mpg,TELL BILL YESTERDAY WHO MARY
148,man-1,train,data/local/open_asl_alternatives_20260913/rwth_boston_104/videoBank/camera0/148_0.mpg,JOHN BUY1 YESTERDAY WHAT BOOK
149,man-1,train,data/local/open_asl_alternatives_20260913/rwth_boston_104/videoBank/camera0/149_0.mpg,WHO JOHN SEE WHAT MARY
150,woman-1,train,data/local/open_asl_alternatives_20260913/rwth_boston_104/videoBank/camera0/150_0.mpg,JOHN SEE THROW APPLE WHO MARY
151,woman-1,train,data/local/open_asl_alternatives_20260913/rwth_boston_104/videoBank/camera0/151_0.mpg,JOHN SEE THROW APPLE WHO MARY
152,man-1,train,data/local/open_asl_alternatives_20260913/rwth_boston_104/videoBank/camera0/152_0.mpg,JOHN SEE THROW APPLE WHO MARY
153,man-1,train,data/local/open_asl_alternatives_20260913/rwth_boston_104/videoBank/camera0/153_0.mpg,ARRIVE WHO
154,woman-1,train,data/local/open_asl_alternatives_20260913/rwth_boston_104/videoBank/camera0/154_0.mpg,ARRIVE WHO
155,man-1,train,data/local/open_asl_alternatives_20260913/rwth_boston_104/videoBank/camera0/155_0.mpg,JOHN GO SHOULD SHOULD
156,woman-1,train,data/local/open_asl_alternatives_20260913/rwth_boston_104/videoBank/camera0/156_0.mpg,JOHN GO SHOULD
157,man-1,train,data/local/open_asl_alternatives_20260913/rwth_boston_104/videoBank/camera0/157_0.mpg,JOHN SHOULD GO SHOULD SHOULD
159,man-1,train,data/local/open_asl_alternatives_20260913/rwth_boston_104/videoBank/camera0/159_0.mpg,LOVE JOHN WHO
160,woman-1,train,data/local/open_asl_alternatives_20260913/rwth_boston_104/videoBank/camera0/160_0.mpg,LOVE JOHN WHO
161,woman-1,train,data/local/open_asl_alternatives_20260913/rwth_boston_104/videoBank/camera0/161_0.mpg,WHO JOHN LOVE WHO
162,woman-1,train,data/local/open_asl_alternatives_20260913/rwth_boston_104/videoBank/camera0/162_0.mpg,WHAT JOHN LIKE
163,woman-1,train,data/local/open_asl_alternatives_20260913/rwth_boston_104/videoBank/camera0/163_0.mpg,WHO ARRIVE
164,woman-1,train,data/local/open_asl_alternatives_20260913/rwth_boston_104/videoBank/camera0/164_0.mpg,NAME
165,man-1,train,data/local/open_asl_alternatives_20260913/rwth_boston_104/videoBank/camera0/165_0.mpg,SHOOT FRANK
166,man-1,train,data/local/open_asl_alternatives_20260913/rwth_boston_104/videoBank/camera0/166_0.mpg,JOHN IX SAY-1P LOVE MARY
168,man-1,train,data/local/open_asl_alternatives_20260913/rwth_boston_104/videoBank/camera0/168_0.mpg,JOHN BLAME
169,man-1,train,data/local/open_asl_alternatives_20260913/rwth_boston_104/videoBank/camera0/169_0.mpg,MARY BILL SAY JOHN LOVE
170,man-1,train,data/local/open_asl_alternatives_20260913/rwth_boston_104/videoBank/camera0/170_0.mpg,JOHN MARY BLAME
172,man-1,train,data/local/open_asl_alternatives_20260913/rwth_boston_104/videoBank/camera0/172_0.mpg,MARY SELF PREFER CORN
173,man-1,train,data/local/open_asl_alternatives_20260913/rwth_boston_104/videoBank/camera0/173_0.mpg,MARY SELF PREFER CORN
175,man-1,train,data/local/open_asl_alternatives_20260913/rwth_boston_104/videoBank/camera0/175_0.mpg,PEOPLE GROUP GIVE1 JANA TOY
176,man-1,train,data/local/open_asl_alternatives_20260913/rwth_boston_104/videoBank/camera0/176_0.mpg,MANY PEOPLE GIVE1 JANA TOY1
177,man-1,train,data/local/open_asl_alternatives_20260913/rwth_boston_104/videoBank/camera0/177_0.mpg,JOHN LOVE MARY
178,man-1,train,data/local/open_asl_alternatives_20260913/rwth_boston_104/videoBank/camera0/178_0.mpg,JOHN ARRIVE
179,man-1,train,data/local/open_asl_alternatives_20260913/rwth_boston_104/videoBank/camera0/179_0.mpg,JOHN ARRIVE
180,man-1,train,data/local/open_asl_alternatives_20260913/rwth_boston_104/videoBank/camera0/180_0.mpg,JOHN ARRIVE
182,man-1,train,data/local/open_asl_alternatives_20260913/rwth_boston_104/videoBank/camera0/182_0.mpg,ALL BOY GIVE1 TEACHER APPLE
183,man-1,train,data/local/open_asl_alternatives_20260913/rwth_boston_104/videoBank/camera0/183_0.mpg,ALL BOY GIVE1 TEACHER APPLE
185,man-1,train,data/local/open_asl_alternatives_20260913/rwth_boston_104/videoBank/camera0/185_0.mpg,IX GIRL GIVE JOHN BOX
186,man-1,train,data/local/open_asl_alternatives_20260913/rwth_boston_104/videoBank/camera0/186_0.mpg,IX GIRL GIVE2 JOHN BOX
187,man-1,train,data/local/open_asl_alternatives_20260913/rwth_boston_104/videoBank/camera0/187_0.mpg,TEACHER GIVE GIVE GIVE BOY BOOK
188,man-1,train,data/local/open_asl_alternatives_20260913/rwth_boston_104/videoBank/camera0/188_0.mpg,TEACHER GIVE3 BOY BOOK
190,man-1,train,data/local/open_asl_alternatives_20260913/rwth_boston_104/videoBank/camera0/190_0.mpg,IX GIRL GIVE JOHN BOX
191,man-1,train,data/local/open_asl_alternatives_20260913/rwth_boston_104/videoBank/camera0/191_0.mpg,JOHN GIVE GIRL BOX
192,man-1,train,data/local/open_asl_alternatives_20260913/rwth_boston_104/videoBank/camera0/192_0.mpg,JOHN GIVE3 GIRL BOX
194,woman-1,train,data/local/open_asl_alternatives_20260913/rwth_boston_104/videoBank/camera0/194_0.mpg,JOHN CAN GET CAN
195,woman-2,train,data/local/open_asl_alternatives_20260913/rwth_boston_104/videoBank/camera0/195_0.mpg,JOHN NOT VISIT MARY VISIT MOTHER IX
196,man-1,train,data/local/open_asl_alternatives_20260913/rwth_boston_104/videoBank/camera0/196_0.mpg,IX BOOK PUTASIDE
197,man-1,train,data/local/open_asl_alternatives_20260913/rwth_boston_104/videoBank/camera0/197_0.mpg,JOHN ARRIVE NOT WHAT
198,man-1,train,data/local/open_asl_alternatives_20260913/rwth_boston_104/videoBank/camera0/198_0.mpg,LIKE CHOCOLATE WHO
200,woman-1,train,data/local/open_asl_alternatives_20260913/rwth_boston_104/videoBank/camera0/200_0.mpg,JOHN VISIT WHO WHAT
002,woman-1,test,data/local/open_asl_alternatives_20260913/rwth_boston_104/videoBank/camera0/002_0.mpg,JOHN WRITE HOMEWORK
007,man-1,test,data/local/open_asl_alternatives_20260913/rwth_boston_104/videoBank/camera0/007_0.mpg,JOHN CAN GO CAN
012,woman-2,test,data/local/open_asl_alternatives_20260913/rwth_boston_104/videoBank/camera0/012_0.mpg,JOHN CAN GO CAN
021,woman-2,test,data/local/open_asl_alternatives_20260913/rwth_boston_104/videoBank/camera0/021_0.mpg,JOHN FISH WONT EAT BUT CAN EAT CHICKEN
025,woman-2,test,data/local/open_asl_alternatives_20260913/rwth_boston_104/videoBank/camera0/025_0.mpg,JOHN LIKE IX IX IX
028,woman-2,test,data/local/open_asl_alternatives_20260913/rwth_boston_104/videoBank/camera0/028_0.mpg,JOHN LIKE IX IX IX
030,man-1,test,data/local/open_asl_alternatives_20260913/rwth_boston_104/videoBank/camera0/030_0.mpg,JOHN LIKE IX IX IX
036,man-1,test,data/local/open_asl_alternatives_20260913/rwth_boston_104/videoBank/camera0/036_0.mpg,MARY VEGETABLE KNOW IX LIKE CORN
040,man-1,test,data/local/open_asl_alternatives_20260913/rwth_boston_104/videoBank/camera0/040_0.mpg,JOHN IX THINK MARY LOVE
043,woman-1,test,data/local/open_asl_alternatives_20260913/rwth_boston_104/videoBank/camera0/043_0.mpg,JOHN MUST BUY HOUSE
050,woman-1,test,data/local/open_asl_alternatives_20260913/rwth_boston_104/videoBank/camera0/050_0.mpg,FUTURE JOHN BUY CAR SHOULD
054,woman-2,test,data/local/open_asl_alternatives_20260913/rwth_boston_104/videoBank/camera0/054_0.mpg,JOHN SHOULD NOT BUY HOUSE
057,man-1,test,data/local/open_asl_alternatives_20260913/rwth_boston_104/videoBank/camera0/057_0.mpg,JOHN DECIDE VISIT MARY
067,woman-1,test,data/local/open_asl_alternatives_20260913/rwth_boston_104/videoBank/camera0/067_0.mpg,JOHN FUTURE NOT BUY HOUSE
071,woman-2,test,data/local/open_asl_alternatives_20260913/rwth_boston_104/videoBank/camera0/071_0.mpg,JOHN WILL VISIT MARY
074,man-1,test,data/local/open_asl_alternatives_20260913/rwth_boston_104/videoBank/camera0/074_0.mpg,JOHN NOT VISIT MARY
077,woman-2,test,data/local/open_asl_alternatives_20260913/rwth_boston_104/videoBank/camera0/077_0.mpg,ANN BLAME MARY
084,woman-1,test,data/local/open_asl_alternatives_20260913/rwth_boston_104/videoBank/camera0/084_0.mpg,IX-1P FIND SOMETHING-ONE BOOK
089,woman-2,test,data/local/open_asl_alternatives_20260913/rwth_boston_104/videoBank/camera0/089_0.mpg,JOHN IX GIVE MAN IX NEW COAT
090,man-1,test,data/local/open_asl_alternatives_20260913/rwth_boston_104/videoBank/camera0/090_0.mpg,JOHN GIVE IX SOMETHING-ONE WOMAN BOOK
092,woman-2,test,data/local/open_asl_alternatives_20260913/rwth_boston_104/videoBank/camera0/092_0.mpg,JOHN GIVE IX SOMETHING-ONE WOMAN BOOK
100,woman-1,test,data/local/open_asl_alternatives_20260913/rwth_boston_104/videoBank/camera0/100_0.mpg,POSS NEW CAR BREAK-DOWN
105,woman-1,test,data/local/open_asl_alternatives_20260913/rwth_boston_104/videoBank/camera0/105_0.mpg,JOHN LEG
107,man-1,test,data/local/open_asl_alternatives_20260913/rwth_boston_104/videoBank/camera0/107_0.mpg,JOHN POSS FRIEND HAVE CANDY
108,woman-2,test,data/local/open_asl_alternatives_20260913/rwth_boston_104/videoBank/camera0/108_0.mpg,WOMAN ARRIVE
113,man-1,test,data/local/open_asl_alternatives_20260913/rwth_boston_104/videoBank/camera0/113_0.mpg,IX CAR BLUE SUE BUY
119,man-1,test,data/local/open_asl_alternatives_20260913/rwth_boston_104/videoBank/camera0/119_0.mpg,SUE BUY IX CAR BLUE
122,woman-2,test,data/local/open_asl_alternatives_20260913/rwth_boston_104/videoBank/camera0/122_0.mpg,JOHN READ BOOK
139,man-1,test,data/local/open_asl_alternatives_20260913/rwth_boston_104/videoBank/camera0/139_0.mpg,JOHN BUY WHAT YESTERDAY BOOK
142,woman-1,test,data/local/open_asl_alternatives_20260913/rwth_boston_104/videoBank/camera0/142_0.mpg,JOHN BUY YESTERDAY WHAT BOOK
158,man-1,test,data/local/open_asl_alternatives_20260913/rwth_boston_104/videoBank/camera0/158_0.mpg,LOVE JOHN WHO
167,man-1,test,data/local/open_asl_alternatives_20260913/rwth_boston_104/videoBank/camera0/167_0.mpg,JOHN IX SAY LOVE MARY
171,man-1,test,data/local/open_asl_alternatives_20260913/rwth_boston_104/videoBank/camera0/171_0.mpg,JOHN MARY BLAME
174,man-1,test,data/local/open_asl_alternatives_20260913/rwth_boston_104/videoBank/camera0/174_0.mpg,PEOPLE GROUP GIVE JANA TOY
181,man-1,test,data/local/open_asl_alternatives_20260913/rwth_boston_104/videoBank/camera0/181_0.mpg,JOHN ARRIVE
184,man-1,test,data/local/open_asl_alternatives_20260913/rwth_boston_104/videoBank/camera0/184_0.mpg,ALL BOY GIVE TEACHER APPLE
189,man-1,test,data/local/open_asl_alternatives_20260913/rwth_boston_104/videoBank/camera0/189_0.mpg,JOHN GIVE GIRL BOX
193,man-1,test,data/local/open_asl_alternatives_20260913/rwth_boston_104/videoBank/camera0/193_0.mpg,JOHN GIVE GIRL BOX
199,woman-1,test,data/local/open_asl_alternatives_20260913/rwth_boston_104/videoBank/camera0/199_0.mpg,LIKE CHOCOLATE WHO
201,woman-2,test,data/local/open_asl_alternatives_20260913/rwth_boston_104/videoBank/camera0/201_0.mpg,JOHN TELL MARY IX-1P BUY HOUSE
