participant,explicit_subject_id,signer_status,raw_gloss,canonical_label,citizen_asl_lex_code,filename,video_path,video_sha256,manual_token_index,proposed_frame,proposed_start_frame,proposed_end_frame,pseudo_confidence,pseudo_candidate_index,pseudo_alignment_matches,signer_quality_decision,variant_decision,verified_start_frame,verified_end_frame,reviewer_notes,signer_quality_verified,variant_verified,boundary_verified,training_eligible
P0,,subject_mapping_unresolved,YEAR,YEAR,B_02_015,5626139912842181-34341_0_6.mp4,data/local/asl_stem_wiki_bootstrap_v1/raw/P0/5626139912842181-34341_0_6.mp4,f1f58cf85654ab9347df34044cd3c77e2fb7df3a48a4909bcc0165cb3bbef1c3,10,273,,,0.955,0,6,yes,yes,138,163,,True,True,True,True
P10,,subject_mapping_unresolved,FIND,FIND,B_03_076,37446586066003995-18838_20_12.mp4,data/local/asl_stem_wiki_bootstrap_v1/raw/P10/37446586066003995-18838_20_12.mp4,d0f8b8c9c5b690464c1c5ed1f152b076537d54ae413179add1de0d56fc4d5557,2,,,,,0,6,yes,yes,96,118,,True,True,True,True
P11,,subject_mapping_unresolved,WATER,WATER,A_02_031,8753407196020644-674_10_39.mp4,data/local/asl_stem_wiki_bootstrap_v1/raw/P11/8753407196020644-674_10_39.mp4,49472a9e192353dd3fa57d3b40a7b50324993896faaa27f811430dd58d3ce3cb,2,,,,,1,2,yes,yes,44,53,,True,True,True,True
P12,,subject_mapping_unresolved,DIFFERENT,DIFFERENT,E_03_095,0067223742005897424-221722_4_1.mp4,data/local/asl_stem_wiki_bootstrap_v1/raw/P12/0067223742005897424-221722_4_1.mp4,2c0c9b59c4b45836455dbec99a8aa4bcd6fe8ef9a2224ef454f324c124ae4f4b,4,162,,,0.777,0,5,yes,yes,120,143,,True,True,True,True
P12,,subject_mapping_unresolved,HAVE,HAVE,B_03_057,016194510073002544-221722_0_6.mp4,data/local/asl_stem_wiki_bootstrap_v1/raw/P12/016194510073002544-221722_0_6.mp4,313af1e6149d111bb172367810ee347673c4aea444ffbbc0bccebb3944f30c54,25,956,,,0.0,1,14,yes,yes,721,741,,True,True,True,True
P12,,subject_mapping_unresolved,HELP,HELP,D_01_042,5040655708400374-221722_8_1.mp4,data/local/asl_stem_wiki_bootstrap_v1/raw/P12/5040655708400374-221722_8_1.mp4,8f137563a928ec62125307cf20b4c3f282a8988e0d8c122cbe27231013a47fb3,13,545,,,0.28,4,5,yes,yes,515,522,,True,True,True,True
P12,,subject_mapping_unresolved,IMPORTANT,IMPORTANT,B_01_081,2939371285805106-221722_6_1.mp4,data/local/asl_stem_wiki_bootstrap_v1/raw/P12/2939371285805106-221722_6_1.mp4,ab263374ebadadae6357dc68826561cb22e7eec003a2219a547979daf490ae3d,20,878,,,0.982,0,12,yes,yes,842,861,,True,True,True,True
P12,,subject_mapping_unresolved,KNOW,KNOW,C_01_048,535669651158293-221722_2_1.mp4,data/local/asl_stem_wiki_bootstrap_v1/raw/P12/535669651158293-221722_2_1.mp4,2c9995f0c6298b7dece449eb385bc1e75c8e01a9161a388fd330d957f189225a,20,647,,,0.299,0,8,yes,yes,608,631,,True,True,True,True
P12,,subject_mapping_unresolved,MORE,MORE,B_03_032,3829449355876362-221722_4_5.mp4,data/local/asl_stem_wiki_bootstrap_v1/raw/P12/3829449355876362-221722_4_5.mp4,288a76dfd134557fb28472d2a431c4498646fa55254de3092e2b12b2b04859a5,4,262,,,0.0,1,7,no,no,160,167,,False,False,True,False
P12,,subject_mapping_unresolved,NAME,NAME,D_01_021,06334789503996108-221722_0_3.mp4,data/local/asl_stem_wiki_bootstrap_v1/raw/P12/06334789503996108-221722_0_3.mp4,b11049fac2d30021b9cc607ab40fb691fd34e1cd6c507fa51a753c8d1c761df6,7,277,,,0.004,1,7,yes,yes,238,245,,True,True,True,True
P12,,subject_mapping_unresolved,TAKE,TAKE,G_01_093,3829449355876362-221722_4_5.mp4,data/local/asl_stem_wiki_bootstrap_v1/raw/P12/3829449355876362-221722_4_5.mp4,288a76dfd134557fb28472d2a431c4498646fa55254de3092e2b12b2b04859a5,25,604,,,0.165,1,7,no,no,508,523,,False,False,True,False
P12,,subject_mapping_unresolved,TIME,TIME,B_02_080,43967130647992625-221722_2_2.mp4,data/local/asl_stem_wiki_bootstrap_v1/raw/P12/43967130647992625-221722_2_2.mp4,1be9a9e9765a27a3dc31194aa8e0b0f2efbcaf0277f292c90abb834b4145c888,2,,,,,1,4,yes,yes,114,141,,True,True,True,True
P12,,subject_mapping_unresolved,UNDERSTAND,UNDERSTAND,C_01_006,003737066908240605-221722_7_1.mp4,data/local/asl_stem_wiki_bootstrap_v1/raw/P12/003737066908240605-221722_7_1.mp4,e3ec96a73a7c88298536afbae121cfa2f8793c4dd05cbf80ac17df43668d45b8,17,,,,,0,8,yes,yes,653,665,,True,True,True,True
P12,,subject_mapping_unresolved,USE,USE,D_03_043,5682689217683123-221722_1_5.mp4,data/local/asl_stem_wiki_bootstrap_v1/raw/P12/5682689217683123-221722_1_5.mp4,3a353dd6290682d5658ede3db389e49a52e6248759b29c88db700af1d6c96a71,12,471,,,0.815,1,3,yes,unsure,339,402,,True,False,True,False
P12,,subject_mapping_unresolved,WE,WE,G_03_019,29345911702564975-221722_0_0.mp4,data/local/asl_stem_wiki_bootstrap_v1/raw/P12/29345911702564975-221722_0_0.mp4,5102497743bc200cf17dfb3876142212067ae0f82fa1f89e641bd4eed55891b7,28,,,,,2,10,yes,no,874,887,,True,False,True,False
P13,2,source_review_unclassified,BAD,BAD,B_02_082,7704212340252432-2053312_2_7.mp4,data/local/asl_stem_wiki_bootstrap_v1/raw/P13/7704212340252432-2053312_2_7.mp4,819e3ca65ef4533e237422bb49b0343e5aa9b33703e240f9ee623f95149a5a51,5,,,,,,0,yes,yes,227,250,,True,True,True,True
P13,2,source_review_unclassified,BIG,BIG,F_02_054,8518295529708098-2053312_2_4.mp4,data/local/asl_stem_wiki_bootstrap_v1/raw/P13/8518295529708098-2053312_2_4.mp4,ec1fa79fe7d920937081fa0fe1d822c0b3e747fa00b3236b82f2858e6e8acb4a,3,,,,,1,5,yes,yes,105,120,,True,True,True,True
P13,2,source_review_unclassified,DIFFERENT,DIFFERENT,E_03_095,7119216712801826-2053312_4_5.mp4,data/local/asl_stem_wiki_bootstrap_v1/raw/P13/7119216712801826-2053312_4_5.mp4,3edfbe9b976760b9fcf3cdb7e915f06e90b381d1e45886ebd4b0463efea95e2e,19,513,,,0.002,3,5,yes,yes,474,493,,True,True,True,True
P13,2,source_review_unclassified,GIVE,GIVE,F_01_023,6535246360763078-2053312_0_1.mp4,data/local/asl_stem_wiki_bootstrap_v1/raw/P13/6535246360763078-2053312_0_1.mp4,87000d5d3c9baaf498b4faedfa0c0cde14a2bc39f7c694bfa3b1f097fad05d22,6,315,,,0.0,1,5,no,no,363,374,,False,False,True,False
P13,2,source_review_unclassified,GOOD,GOOD,B_01_052,7704212340252432-2053312_2_7.mp4,data/local/asl_stem_wiki_bootstrap_v1/raw/P13/7704212340252432-2053312_2_7.mp4,819e3ca65ef4533e237422bb49b0343e5aa9b33703e240f9ee623f95149a5a51,9,,,,,,0,yes,yes,287,294,,True,True,True,True
P13,2,source_review_unclassified,IMPORTANT,IMPORTANT,B_01_081,0068039261249772665-2053312_5_6.mp4,data/local/asl_stem_wiki_bootstrap_v1/raw/P13/0068039261249772665-2053312_5_6.mp4,4a3c9e0e54a2c43c1553f09c46114d1cce009cf5bdd6b112f0adc2cfc15c2654,11,303,,,0.712,0,5,yes,unsure,264,275,,True,False,True,False
P13,2,source_review_unclassified,READY,READY,F_03_042,48359716481613013-2053312_2_6.mp4,data/local/asl_stem_wiki_bootstrap_v1/raw/P13/48359716481613013-2053312_2_6.mp4,650a1ad63397f5e224a14bb460a39c3463c72acc01d7180b3693c80c518177d5,2,,,,,7,4,no,no,138,161,,False,False,True,False
P13,2,source_review_unclassified,USE,USE,D_03_043,48619019696520116-2053312_2_3.mp4,data/local/asl_stem_wiki_bootstrap_v1/raw/P13/48619019696520116-2053312_2_3.mp4,e8fa1719d23a8f81936cdcfd0cf2b510e11f7284c7d45d916eb74a885697f411,2,118,,,0.92,4,3,yes,no,66,73,,True,False,True,False
P13,2,source_review_unclassified,WATER,WATER,A_02_031,22884475902786172-2053312_4_4.mp4,data/local/asl_stem_wiki_bootstrap_v1/raw/P13/22884475902786172-2053312_4_4.mp4,33bdfa3448bc26a3c5d7670136f75839a743cf126d23d4fea31695542630a97d,11,,,,,,0,yes,yes,251,258,,True,True,True,True
P13,2,source_review_unclassified,WHEN,WHEN,C_03_086,7029413779561873-2053312_4_6.mp4,data/local/asl_stem_wiki_bootstrap_v1/raw/P13/7029413779561873-2053312_4_6.mp4,045cc4646c32ef67b3d7d6f1c75079922ab9e8545075cc1f61c9e33106a78b59,8,258,,,0.0,0,10,yes,unsure,177,218,,True,False,True,False
P13,2,source_review_unclassified,WHERE,WHERE,B_02_035,3762750176404053-2053312_5_3.mp4,data/local/asl_stem_wiki_bootstrap_v1/raw/P13/3762750176404053-2053312_5_3.mp4,afa6c0a10cbe647d49a8f2a2e4ee7243fd100bce8888f287ac9a79d5d9bc3781,2,,,,,,0,no,no,27,34,,False,False,True,False
P14,,subject_mapping_unresolved,GIVE,GIVE,F_01_023,7182482966141335-1953120_2_0.mp4,data/local/asl_stem_wiki_bootstrap_v1/raw/P14/7182482966141335-1953120_2_0.mp4,2771c316b8daa6538b05fc31a437ba0df043629faa805cabdc0e8638146341fb,1,76,,,0.137,0,1,yes,no,45,52,,True,False,True,False
P14,,subject_mapping_unresolved,GOOD,GOOD,B_01_052,7700655978400326-1953120_1_7.mp4,data/local/asl_stem_wiki_bootstrap_v1/raw/P14/7700655978400326-1953120_1_7.mp4,3715ac8711b4ac9aa9989209205a077153e1e5e7fafac165109934eccff072b1,6,,,,,1,7,yes,no,168,195,,True,False,True,False
P14,,subject_mapping_unresolved,HAVE,HAVE,B_03_057,03139146947132909-1953120_0_1.mp4,data/local/asl_stem_wiki_bootstrap_v1/raw/P14/03139146947132909-1953120_0_1.mp4,485a8f4661773862791accc8923bbbebc62fca249f51fc71c3cdccc10e669f93,3,,,,,0,6,yes,unsure,147,158,,True,False,True,False
P14,,subject_mapping_unresolved,KNOW,KNOW,C_01_048,5241200130435812-1953120_0_0.mp4,data/local/asl_stem_wiki_bootstrap_v1/raw/P14/5241200130435812-1953120_0_0.mp4,ecd281ab450601c5262497d64136a91a60edf9ed818fb7a9d85d649b59bf89cd,24,,,,,1,11,yes,unsure,615,622,,True,False,True,False
P14,,subject_mapping_unresolved,MAKE,MAKE,C_01_032,7309077949748264-1953120_1_5.mp4,data/local/asl_stem_wiki_bootstrap_v1/raw/P14/7309077949748264-1953120_1_5.mp4,61f2eefb34c5c5565335222ce5586de8dd3f7d6a462bc83325cd9a4f4827dff1,8,,,,,3,3,yes,yes,194,215,,True,True,True,True
P14,,subject_mapping_unresolved,NAME,NAME,D_01_021,21037428043948814-1953120_2_1.mp4,data/local/asl_stem_wiki_bootstrap_v1/raw/P14/21037428043948814-1953120_2_1.mp4,0afc818563d0fe58ef0f0789b426837b158424c5dd8c0ae85ff342f73b2cf78e,26,,,,,1,11,yes,yes,744,759,,True,True,True,True
P14,,subject_mapping_unresolved,UNDERSTAND,UNDERSTAND,C_01_006,7700655978400326-1953120_1_7.mp4,data/local/asl_stem_wiki_bootstrap_v1/raw/P14/7700655978400326-1953120_1_7.mp4,3715ac8711b4ac9aa9989209205a077153e1e5e7fafac165109934eccff072b1,0,,,,,1,7,yes,yes,6,21,,True,True,True,True
P14,,subject_mapping_unresolved,USE,USE,D_03_043,8302556226696087-1953120_1_3.mp4,data/local/asl_stem_wiki_bootstrap_v1/raw/P14/8302556226696087-1953120_1_3.mp4,e3edbca6fd8fc951f3a8a155383f7dca9b67cb7976fdacff0c99279a5caa35d8,8,469,,,0.07,0,1,yes,yes,319,346,,True,True,True,True
P14,,subject_mapping_unresolved,WORK,WORK,B_03_059,8601935181046967-1953120_1_0.mp4,data/local/asl_stem_wiki_bootstrap_v1/raw/P14/8601935181046967-1953120_1_0.mp4,4391134b62e88b39625457802d43b22349b461305a454cfc7a4745d760673a84,2,153,,,0.909,1,1,yes,yes,113,131,,True,True,True,True
P14,,subject_mapping_unresolved,YEAR,YEAR,B_02_015,21037428043948814-1953120_2_1.mp4,data/local/asl_stem_wiki_bootstrap_v1/raw/P14/21037428043948814-1953120_2_1.mp4,0afc818563d0fe58ef0f0789b426837b158424c5dd8c0ae85ff342f73b2cf78e,1,95,,,0.572,1,11,yes,yes,69,88,,True,True,True,True
P16,,subject_mapping_unresolved,DIFFERENT,DIFFERENT,E_03_095,299211449134942-12438552_1_3.mp4,data/local/asl_stem_wiki_bootstrap_v1/raw/P16/299211449134942-12438552_1_3.mp4,0a51175a5fc1e3b4060d03c3731c075e62e921dcf59c075dea951c4e9117382f,12,,,,,,0,yes,unsure,274,285,,True,False,True,False
P16,,subject_mapping_unresolved,GIVE,GIVE,F_01_023,37960116418342915-12438552_1_9.mp4,data/local/asl_stem_wiki_bootstrap_v1/raw/P16/37960116418342915-12438552_1_9.mp4,4e7be2b75033d9adead7de6985942a6b9b25f740ab3708786493d0087b8a5e9c,5,,,,,0,8,yes,no,27,38,,True,False,True,False
P16,,subject_mapping_unresolved,HAVE,HAVE,B_03_057,17990819993155327-12438552_1_2.mp4,data/local/asl_stem_wiki_bootstrap_v1/raw/P16/17990819993155327-12438552_1_2.mp4,0b284058b271eb11940d920bec2e9702ca08903a0fe22ddb3aaba60360dadcb4,3,146,,,0.0,0,9,yes,no,126,133,,True,False,True,False
P16,,subject_mapping_unresolved,IMPORTANT,IMPORTANT,B_01_081,0346904477281349-12438552_4_3.mp4,data/local/asl_stem_wiki_bootstrap_v1/raw/P16/0346904477281349-12438552_4_3.mp4,8fafc5944dcfecc9818042eadd52dd5bf9301241fed1513bde29a0f98ae9f1e9,14,,,,,0,12,yes,yes,363,383,,True,True,True,True
P16,,subject_mapping_unresolved,LIKE,LIKE,F_03_063,17990819993155327-12438552_1_2.mp4,data/local/asl_stem_wiki_bootstrap_v1/raw/P16/17990819993155327-12438552_1_2.mp4,0b284058b271eb11940d920bec2e9702ca08903a0fe22ddb3aaba60360dadcb4,1,108,,,0.0,0,9,yes,no,114,129,,True,False,True,False
P16,,subject_mapping_unresolved,MAKE,MAKE,C_01_032,37960116418342915-12438552_1_9.mp4,data/local/asl_stem_wiki_bootstrap_v1/raw/P16/37960116418342915-12438552_1_9.mp4,4e7be2b75033d9adead7de6985942a6b9b25f740ab3708786493d0087b8a5e9c,29,,,,,0,8,yes,yes,333,340,,True,True,True,True
P16,,subject_mapping_unresolved,MORE,MORE,B_03_032,7418392017365552-12438552_2_1.mp4,data/local/asl_stem_wiki_bootstrap_v1/raw/P16/7418392017365552-12438552_2_1.mp4,001a862541e78e3e25977fa30369fb575f711fe73797066c5661d7338f97b94e,18,416,,,0.924,0,6,yes,yes,380,399,,True,True,True,True
P16,,subject_mapping_unresolved,NAME,NAME,D_01_021,2909580785831043-12438552_1_8.mp4,data/local/asl_stem_wiki_bootstrap_v1/raw/P16/2909580785831043-12438552_1_8.mp4,3392b82102133f0ba331f8cea645c9d06918a650954a23a3befc04f764fde695,14,,,,,,0,yes,yes,256,267,,True,True,True,True
P16,,subject_mapping_unresolved,NOW,NOW,C_03_062,2736855085278065-12438552_0_4.mp4,data/local/asl_stem_wiki_bootstrap_v1/raw/P16/2736855085278065-12438552_0_4.mp4,01bb539722be1b45736f581f8457d6f9800388649be307e179df1a6654ab1516,12,,,,,,0,yes,yes,244,251,,True,True,True,True
P16,,subject_mapping_unresolved,TIME,TIME,B_02_080,37960116418342915-12438552_1_9.mp4,data/local/asl_stem_wiki_bootstrap_v1/raw/P16/37960116418342915-12438552_1_9.mp4,4e7be2b75033d9adead7de6985942a6b9b25f740ab3708786493d0087b8a5e9c,10,,,,,0,8,yes,yes,201,212,,True,True,True,True
P16,,subject_mapping_unresolved,UNDERSTAND,UNDERSTAND,C_01_006,17990819993155327-12438552_1_2.mp4,data/local/asl_stem_wiki_bootstrap_v1/raw/P16/17990819993155327-12438552_1_2.mp4,0b284058b271eb11940d920bec2e9702ca08903a0fe22ddb3aaba60360dadcb4,8,,,,,0,9,yes,no,192,215,,True,False,True,False
P16,,subject_mapping_unresolved,USE,USE,D_03_043,09873237676082192-12438552_1_5.mp4,data/local/asl_stem_wiki_bootstrap_v1/raw/P16/09873237676082192-12438552_1_5.mp4,c879710c4dbcc441e82adf761768a75a606a228b52142c4267cbdfcccb9023ea,4,,,,,8,2,yes,yes,120,127,,True,True,True,True
P16,,subject_mapping_unresolved,WORK,WORK,B_03_059,0346904477281349-12438552_4_3.mp4,data/local/asl_stem_wiki_bootstrap_v1/raw/P16/0346904477281349-12438552_4_3.mp4,8fafc5944dcfecc9818042eadd52dd5bf9301241fed1513bde29a0f98ae9f1e9,18,477,,,0.001,0,12,yes,yes,453,464,,True,True,True,True
P16,,subject_mapping_unresolved,YEAR,YEAR,B_02_015,37960116418342915-12438552_1_9.mp4,data/local/asl_stem_wiki_bootstrap_v1/raw/P16/37960116418342915-12438552_1_9.mp4,4e7be2b75033d9adead7de6985942a6b9b25f740ab3708786493d0087b8a5e9c,18,357,,,0.782,0,8,yes,yes,321,344,,True,True,True,True
P19,,subject_mapping_unresolved,DIFFERENT,DIFFERENT,E_03_095,3671483502504529-2053312_2_8.mp4,data/local/asl_stem_wiki_bootstrap_v1/raw/P19/3671483502504529-2053312_2_8.mp4,fe317ef992edb5b3a26d2592571305dad7832f1124cfc286e24b73c346ce79fa,6,,,,,0,1,yes,unsure,230,271,,True,False,True,False
P19,,subject_mapping_unresolved,GIVE,GIVE,F_01_023,1816078482801209-2053312_4_3.mp4,data/local/asl_stem_wiki_bootstrap_v1/raw/P19/1816078482801209-2053312_4_3.mp4,724407dc40a7532aa269f780f42f22279810c8aa266cbfbc0f960a560901daa2,5,,,,,0,12,yes,no,279,307,,True,False,True,False
P19,,subject_mapping_unresolved,GOOD,GOOD,B_01_052,7185802698827408-2053312_2_7.mp4,data/local/asl_stem_wiki_bootstrap_v1/raw/P19/7185802698827408-2053312_2_7.mp4,ace63182a0985629f01269ac5522d7da878f9d82054e8ebe836581a31612f551,11,432,,,0.379,3,10,yes,unsure,402,414,,True,False,True,False
P19,,subject_mapping_unresolved,IMPORTANT,IMPORTANT,B_01_081,27111782689705666-2053312_5_6.mp4,data/local/asl_stem_wiki_bootstrap_v1/raw/P19/27111782689705666-2053312_5_6.mp4,53328040d42d8516ba0caa5ed1bed815f1d57bba2e9e5b1a8d328ea221fd8b79,11,391,,,0.723,0,9,yes,unsure,361,372,,True,False,True,False
P19,,subject_mapping_unresolved,TRY,TRY,B_02_034,1816078482801209-2053312_4_3.mp4,data/local/asl_stem_wiki_bootstrap_v1/raw/P19/1816078482801209-2053312_4_3.mp4,724407dc40a7532aa269f780f42f22279810c8aa266cbfbc0f960a560901daa2,8,,,,,0,12,yes,no,294,343,,True,False,True,False
P19,,subject_mapping_unresolved,USE,USE,D_03_043,6897811028438536-2053312_2_5.mp4,data/local/asl_stem_wiki_bootstrap_v1/raw/P19/6897811028438536-2053312_2_5.mp4,b75461a353528f4b0d34126072623aea0075bb8ec33d339dadd133217289e4f6,2,122,,,0.94,5,3,yes,no,45,76,,True,False,True,False
P19,,subject_mapping_unresolved,WATER,WATER,A_02_031,0624048379366855-2053312_4_4.mp4,data/local/asl_stem_wiki_bootstrap_v1/raw/P19/0624048379366855-2053312_4_4.mp4,a12ac6c5bf46efd2fba53d089721f7fa174bf13c29434dedb08041d9608c88e5,12,443,,,0.88,3,8,yes,yes,389,396,,True,True,True,True
P19,,subject_mapping_unresolved,WHEN,WHEN,C_03_086,27111782689705666-2053312_5_6.mp4,data/local/asl_stem_wiki_bootstrap_v1/raw/P19/27111782689705666-2053312_5_6.mp4,53328040d42d8516ba0caa5ed1bed815f1d57bba2e9e5b1a8d328ea221fd8b79,0,46,,,0.234,0,9,yes,yes,42,53,,True,True,True,True
P19,,subject_mapping_unresolved,WHERE,WHERE,B_02_035,6724875355165019-2053312_5_3.mp4,data/local/asl_stem_wiki_bootstrap_v1/raw/P19/6724875355165019-2053312_5_3.mp4,35ebcdd41338552354bc848f564073b6c6a1edf83a1f19c6b07c4e7f22fa1887,1,,,,,,0,yes,no,162,173,,True,False,True,False
P20,,subject_mapping_unresolved,DIFFERENT,DIFFERENT,E_03_095,03497751245248337-221722_6_1.mp4,data/local/asl_stem_wiki_bootstrap_v1/raw/P20/03497751245248337-221722_6_1.mp4,17504d7e8740faa35c29d013b93e6fb904860f988304cddbc9e74a65cd42e178,32,818,,,0.25,1,13,yes,unsure,790,802,,True,False,True,False
P20,,subject_mapping_unresolved,GIVE,GIVE,F_01_023,44224322237211133-221722_4_2.mp4,data/local/asl_stem_wiki_bootstrap_v1/raw/P20/44224322237211133-221722_4_2.mp4,e7af1d9a79089040541c3fc1fa4798ad2df4ac61f7d7ede202c23d2a386d9d34,3,199,,,0.225,0,6,yes,unsure,124,140,,True,False,True,False
P20,,subject_mapping_unresolved,HAVE,HAVE,B_03_057,966080265796315-221722_9_1.mp4,data/local/asl_stem_wiki_bootstrap_v1/raw/P20/966080265796315-221722_9_1.mp4,990a18b7c923dc64585ec8c17ec6615d176f7cd951def40ef9f1c5d1ed9b0098,12,341,,,0.054,1,4,yes,yes,304,324,,True,True,True,True
P20,,subject_mapping_unresolved,HELP,HELP,D_01_042,4880596628409042-221722_4_1.mp4,data/local/asl_stem_wiki_bootstrap_v1/raw/P20/4880596628409042-221722_4_1.mp4,f79c9637cbc1821502b7e03c73110b8930341a66a47e61f171d804559b5d09c2,11,262,,,0.577,9,5,yes,yes,222,245,,True,True,True,True
P20,,subject_mapping_unresolved,IMPORTANT,IMPORTANT,B_01_081,2981603239457895-221722_8_0.mp4,data/local/asl_stem_wiki_bootstrap_v1/raw/P20/2981603239457895-221722_8_0.mp4,43ef77cc3c979eb5b3cc22de7e9c6e127664e5bb9d8a68e4fedc806c65c56d9f,1,57,,,0.982,1,1,yes,yes,15,38,,True,True,True,True
P20,,subject_mapping_unresolved,KNOW,KNOW,C_01_048,37224750958480257-221722_1_1.mp4,data/local/asl_stem_wiki_bootstrap_v1/raw/P20/37224750958480257-221722_1_1.mp4,cb8722e7c1345e7ca672585990fc5cd7c3ba802ffd5bc22bd62f66626d52737a,8,292,,,0.78,0,8,yes,no,160,207,,True,False,True,False
P20,,subject_mapping_unresolved,MAKE,MAKE,C_01_032,03497751245248337-221722_6_1.mp4,data/local/asl_stem_wiki_bootstrap_v1/raw/P20/03497751245248337-221722_6_1.mp4,17504d7e8740faa35c29d013b93e6fb904860f988304cddbc9e74a65cd42e178,34,,,,,1,13,yes,no,861,868,,True,False,True,False
P20,,subject_mapping_unresolved,MAYBE,MAYBE,B_03_022,4880596628409042-221722_4_1.mp4,data/local/asl_stem_wiki_bootstrap_v1/raw/P20/4880596628409042-221722_4_1.mp4,f79c9637cbc1821502b7e03c73110b8930341a66a47e61f171d804559b5d09c2,5,,,,,9,5,yes,yes,133,145,,True,True,True,True
P20,,subject_mapping_unresolved,MORE,MORE,B_03_032,9848370972700979-221722_2_2.mp4,data/local/asl_stem_wiki_bootstrap_v1/raw/P20/9848370972700979-221722_2_2.mp4,e03e342bd291cf746e1e9b943444865e41c9816b3e564d35e26630dcd4e19b92,6,297,,,0.84,0,3,yes,yes,239,278,,True,True,True,True
P20,,subject_mapping_unresolved,NAME,NAME,D_01_021,27599014384564646-221722_0_3.mp4,data/local/asl_stem_wiki_bootstrap_v1/raw/P20/27599014384564646-221722_0_3.mp4,c8e93a1733263f237866c1878bc33681d8391284c7d3faaba44715251e1a326c,9,222,,,0.907,5,6,yes,yes,180,200,,True,True,True,True
P20,,subject_mapping_unresolved,TAKE,TAKE,G_01_093,7598322172919485-221722_4_5.mp4,data/local/asl_stem_wiki_bootstrap_v1/raw/P20/7598322172919485-221722_4_5.mp4,d4d670138587ab0f71d79a35f03e39034747892f213f10ca55c084caa76f0257,16,,,,,5,2,yes,no,211,223,,True,False,True,False
P20,,subject_mapping_unresolved,UNDERSTAND,UNDERSTAND,C_01_006,03497751245248337-221722_6_1.mp4,data/local/asl_stem_wiki_bootstrap_v1/raw/P20/03497751245248337-221722_6_1.mp4,17504d7e8740faa35c29d013b93e6fb904860f988304cddbc9e74a65cd42e178,35,,,,,1,13,yes,yes,865,878,,True,True,True,True
P20,,subject_mapping_unresolved,USE,USE,D_03_043,01764820242546028-221722_1_3.mp4,data/local/asl_stem_wiki_bootstrap_v1/raw/P20/01764820242546028-221722_1_3.mp4,0e8e345d20ce3d6a61403753aaf2f0d30c9a9273bf5d3c8de6128002d8340edd,2,432,,,0.73,5,2,yes,no,426,449,,True,False,True,False
P20,,subject_mapping_unresolved,WHEN,WHEN,C_03_086,03497751245248337-221722_6_1.mp4,data/local/asl_stem_wiki_bootstrap_v1/raw/P20/03497751245248337-221722_6_1.mp4,17504d7e8740faa35c29d013b93e6fb904860f988304cddbc9e74a65cd42e178,25,703,,,0.355,1,13,yes,unsure,648,660,,True,False,True,False
P21,,subject_mapping_unresolved,GIVE,GIVE,F_01_023,6904313902583721-1953120_1_11.mp4,data/local/asl_stem_wiki_bootstrap_v1/raw/P21/6904313902583721-1953120_1_11.mp4,0d00c5cb628ba9e402c032ed32afe426bd3195a13e8ed88ea36e3297bc6bbb91,3,75,,,0.0,2,4,no,no,18,29,,False,False,True,False
P21,,subject_mapping_unresolved,GOOD,GOOD,B_01_052,2601502500352406-1953120_1_7.mp4,data/local/asl_stem_wiki_bootstrap_v1/raw/P21/2601502500352406-1953120_1_7.mp4,eea671ad4eb28f965a404b092dda7a965ccb44a64289f5cbcf7da93503398581,4,,,,,2,6,yes,yes,186,197,,True,True,True,True
P21,,subject_mapping_unresolved,HAVE,HAVE,B_03_057,40685329357650635-1953120_1_19.mp4,data/local/asl_stem_wiki_bootstrap_v1/raw/P21/40685329357650635-1953120_1_19.mp4,5d1971f47351d7361374e579a07af7a894d8bdf5f569f2fa68d3639718e14222,14,,,,,2,7,yes,yes,387,406,,True,True,True,True
P21,,subject_mapping_unresolved,HE,HE,F_02_044,6608671360818361-1953120_0_1.mp4,data/local/asl_stem_wiki_bootstrap_v1/raw/P21/6608671360818361-1953120_0_1.mp4,86cbdc1da5fa9d91092148bed094c37161d9b047cf2d4007d2698ed3449dc410,6,,,,,,0,yes,no,212,231,he is signing WHERE instead of HE,True,False,True,False
P21,,subject_mapping_unresolved,HELP,HELP,D_01_042,790869129941806-1953120_2_1.mp4,data/local/asl_stem_wiki_bootstrap_v1/raw/P21/790869129941806-1953120_2_1.mp4,a273f308ecb5f1933a96862f1e631c614385945ce38a9ed7d48d7f1ec4f59d0b,25,680,,,0.005,5,15,yes,yes,647,658,,True,True,True,True
P21,,subject_mapping_unresolved,KNOW,KNOW,C_01_048,3089990189284344-1953120_0_0.mp4,data/local/asl_stem_wiki_bootstrap_v1/raw/P21/3089990189284344-1953120_0_0.mp4,a167174e6f226fa8b021e938f8ae55d715f5896263533bcd43dd022e86c47eef,26,,,,,0,16,yes,yes,781,788,,True,True,True,True
P21,,subject_mapping_unresolved,MAKE,MAKE,C_01_032,16328552713937583-1953120_1_21.mp4,data/local/asl_stem_wiki_bootstrap_v1/raw/P21/16328552713937583-1953120_1_21.mp4,b7aa526c5dfba3be04552c688b8aa2a970160d94e77abd21841aea0f3e442f67,13,,,,,0,7,yes,yes,339,346,,True,True,True,True
P21,,subject_mapping_unresolved,NAME,NAME,D_01_021,5051403383391311-1953120_1_2.mp4,data/local/asl_stem_wiki_bootstrap_v1/raw/P21/5051403383391311-1953120_1_2.mp4,29d0fb143901c5c7219ccf13ce81f92cb2a32a598b821f420640ece6746229d9,3,155,,,0.945,2,1,yes,yes,116,129,,True,True,True,True
P21,,subject_mapping_unresolved,TRY,TRY,B_02_034,16328552713937583-1953120_1_21.mp4,data/local/asl_stem_wiki_bootstrap_v1/raw/P21/16328552713937583-1953120_1_21.mp4,b7aa526c5dfba3be04552c688b8aa2a970160d94e77abd21841aea0f3e442f67,19,,,,,0,7,yes,unsure,484,492,,True,False,True,False
P21,,subject_mapping_unresolved,USE,USE,D_03_043,8323179102396145-1953120_1_3.mp4,data/local/asl_stem_wiki_bootstrap_v1/raw/P21/8323179102396145-1953120_1_3.mp4,2a219087f330a251d8411b61f792f9c8cd6a52ebcf927c50a665f2b3fe62c010,10,491,,,0.003,0,10,yes,yes,458,469,,True,True,True,True
P21,,subject_mapping_unresolved,WHERE,WHERE,B_02_035,3089990189284344-1953120_0_0.mp4,data/local/asl_stem_wiki_bootstrap_v1/raw/P21/3089990189284344-1953120_0_0.mp4,a167174e6f226fa8b021e938f8ae55d715f5896263533bcd43dd022e86c47eef,18,,,,,0,16,yes,yes,504,511,,True,True,True,True
P21,,subject_mapping_unresolved,WHO,WHO,C_01_041,2351126249224169-1953120_1_5.mp4,data/local/asl_stem_wiki_bootstrap_v1/raw/P21/2351126249224169-1953120_1_5.mp4,973d6860999a9eb7663d34c3a9d89c79c0df02a569f8cd7dbb63b45a1a1dd6c6,12,,,,,4,1,yes,no,243,284,,True,False,True,False
P21,,subject_mapping_unresolved,WORK,WORK,B_03_059,2601502500352406-1953120_1_7.mp4,data/local/asl_stem_wiki_bootstrap_v1/raw/P21/2601502500352406-1953120_1_7.mp4,eea671ad4eb28f965a404b092dda7a965ccb44a64289f5cbcf7da93503398581,14,,,,,2,6,yes,no,462,469,,True,False,True,False
P21,,subject_mapping_unresolved,YEAR,YEAR,B_02_015,5513411788593914-1953120_1_1.mp4,data/local/asl_stem_wiki_bootstrap_v1/raw/P21/5513411788593914-1953120_1_1.mp4,96c7999e74b333d73643f1526c944f3d0207d13654ab5e89d5872119f5a8797e,0,352,,,0.0,2,1,yes,no,336,402,,True,False,True,False
P23,,subject_mapping_unresolved,MORE,MORE,B_03_032,29134386193868744-14220_6_25.mp4,data/local/asl_stem_wiki_bootstrap_v1/raw/P23/29134386193868744-14220_6_25.mp4,8eb6471ac9d6b6bbdc0a1f209df5150d16ab1be013f39fedc6cfd31d8382db0a,20,456,,,0.0,1,6,yes,yes,430,435,,True,True,True,True
P23,,subject_mapping_unresolved,SCHOOL,SCHOOL,C_03_089,29134386193868744-14220_6_25.mp4,data/local/asl_stem_wiki_bootstrap_v1/raw/P23/29134386193868744-14220_6_25.mp4,8eb6471ac9d6b6bbdc0a1f209df5150d16ab1be013f39fedc6cfd31d8382db0a,24,505,,,0.632,1,6,yes,yes,475,483,,True,True,True,True
P24,,subject_mapping_unresolved,DIFFERENT,DIFFERENT,E_03_095,42803721372129333-2962357_1_6.mp4,data/local/asl_stem_wiki_bootstrap_v1/raw/P24/42803721372129333-2962357_1_6.mp4,98bb4530e7ac051bc235bdcf455058fbc41bf60650ddd1e4b1dff62d744d2f23,26,806,,,0.975,3,1,yes,yes,905,916,,True,True,True,True
P24,,subject_mapping_unresolved,FIND,FIND,B_03_076,20598391656959136-2962357_3_9.mp4,data/local/asl_stem_wiki_bootstrap_v1/raw/P24/20598391656959136-2962357_3_9.mp4,9e8a49296bc786e1df8d14a5a03cb8d35718ed6b79389678606420d9a519b28b,5,168,,,0.0,1,4,yes,no,84,95,,True,False,True,False
P24,,subject_mapping_unresolved,HE,HE,F_02_044,3871685603469621-2962357_3_5.mp4,data/local/asl_stem_wiki_bootstrap_v1/raw/P24/3871685603469621-2962357_3_5.mp4,17506e249a262b267361e15a5cc9af5be59e9f32de6206073d33708362216edb,10,445,,,0.076,3,9,yes,no,412,423,,True,False,True,False
P24,,subject_mapping_unresolved,IMPORTANT,IMPORTANT,B_01_081,6914038215019336-2962357_2_1.mp4,data/local/asl_stem_wiki_bootstrap_v1/raw/P24/6914038215019336-2962357_2_1.mp4,c85ceca2d597932310dac488d08394bd9d38b02f51aadb99915d1b6dc2de2cf3,25,,,,,0,9,yes,yes,519,534,,True,True,True,True
P24,,subject_mapping_unresolved,KNOW,KNOW,C_01_048,24407726764523852-2962357_2_3.mp4,data/local/asl_stem_wiki_bootstrap_v1/raw/P24/24407726764523852-2962357_2_3.mp4,506eba0a30d5fd31997e7c1bc3f05be8214866ad21cf115ba4ea07386e6d4c02,0,47,,,0.001,0,17,yes,no,27,34,,True,False,True,False
P24,,subject_mapping_unresolved,MAKE,MAKE,C_01_032,18393620506360597-2962357_2_2.mp4,data/local/asl_stem_wiki_bootstrap_v1/raw/P24/18393620506360597-2962357_2_2.mp4,8dbab3eccaf91033e768cb8b1131514efc149de41f882dc4fa19b7b5dcfea74c,6,,,,,1,6,yes,yes,153,164,,True,True,True,True
P24,,subject_mapping_unresolved,MAYBE,MAYBE,B_03_022,32862152109554055-2962357_3_8.mp4,data/local/asl_stem_wiki_bootstrap_v1/raw/P24/32862152109554055-2962357_3_8.mp4,03569371b64a0b5a59b459f42f121e0982a59e9bd080960ac105372259e3a109,6,,,,,,0,yes,yes,250,257,,True,True,True,True
P24,,subject_mapping_unresolved,NEED,NEED,C_02_034,24407726764523852-2962357_2_3.mp4,data/local/asl_stem_wiki_bootstrap_v1/raw/P24/24407726764523852-2962357_2_3.mp4,506eba0a30d5fd31997e7c1bc3f05be8214866ad21cf115ba4ea07386e6d4c02,25,,,,,0,17,yes,no,629,640,,True,False,True,False
P24,,subject_mapping_unresolved,NO,NO,C_03_041,47142508638164426-2962357_2_7.mp4,data/local/asl_stem_wiki_bootstrap_v1/raw/P24/47142508638164426-2962357_2_7.mp4,98f111489f20524b278e9b99619e206a65b35d643786dbb6a796a6e7dc1027bc,13,,,,,1,5,yes,no,159,182,,True,False,True,False
P24,,subject_mapping_unresolved,NOW,NOW,C_03_062,6077434730521585-2962357_2_8.mp4,data/local/asl_stem_wiki_bootstrap_v1/raw/P24/6077434730521585-2962357_2_8.mp4,0a8bed4f442f5fb04c256989542df652faa1268b3b6ce09acc9d9f28f522839e,11,,,,,5,6,yes,yes,261,276,,True,True,True,True
P24,,subject_mapping_unresolved,SEE,SEE,C_02_030,591888686974799-2962357_2_9.mp4,data/local/asl_stem_wiki_bootstrap_v1/raw/P24/591888686974799-2962357_2_9.mp4,292610fd13b4bdc49328beb06ca382dccc212f463640880021860c519c70a102,8,233,,,0.0,0,7,yes,yes,179,194,,True,True,True,True
P24,,subject_mapping_unresolved,TIME,TIME,B_02_080,24407726764523852-2962357_2_3.mp4,data/local/asl_stem_wiki_bootstrap_v1/raw/P24/24407726764523852-2962357_2_3.mp4,506eba0a30d5fd31997e7c1bc3f05be8214866ad21cf115ba4ea07386e6d4c02,9,188,,,0.146,0,17,yes,yes,152,167,,True,True,True,True
P24,,subject_mapping_unresolved,UNDERSTAND,UNDERSTAND,C_01_006,6914038215019336-2962357_2_1.mp4,data/local/asl_stem_wiki_bootstrap_v1/raw/P24/6914038215019336-2962357_2_1.mp4,c85ceca2d597932310dac488d08394bd9d38b02f51aadb99915d1b6dc2de2cf3,26,582,,,0.09,0,9,yes,no,544,571,,True,False,True,False
P24,,subject_mapping_unresolved,USE,USE,D_03_043,6553272152634098-2962357_1_11.mp4,data/local/asl_stem_wiki_bootstrap_v1/raw/P24/6553272152634098-2962357_1_11.mp4,7ddabe118de34b50d53602b905e3ba94cd0fc7eb48044c961e437a09e1d7b37e,0,61,,,0.046,7,6,yes,yes,30,57,,True,True,True,True
P24,,subject_mapping_unresolved,WHEN,WHEN,C_03_086,3871685603469621-2962357_3_5.mp4,data/local/asl_stem_wiki_bootstrap_v1/raw/P24/3871685603469621-2962357_3_5.mp4,17506e249a262b267361e15a5cc9af5be59e9f32de6206073d33708362216edb,0,63,,,0.309,3,9,yes,unsure,39,46,,True,False,True,False
P24,,subject_mapping_unresolved,WHERE,WHERE,B_02_035,8601742048371797-2962357_1_2.mp4,data/local/asl_stem_wiki_bootstrap_v1/raw/P24/8601742048371797-2962357_1_2.mp4,67a0750b1e4e121d841379508920ba91ef541dfa6df8ffb08e96a495ed85f222,15,,,,,0,6,yes,yes,485,496,,True,True,True,True
P24,,subject_mapping_unresolved,WORK,WORK,B_03_059,42803721372129333-2962357_1_6.mp4,data/local/asl_stem_wiki_bootstrap_v1/raw/P24/42803721372129333-2962357_1_6.mp4,98bb4530e7ac051bc235bdcf455058fbc41bf60650ddd1e4b1dff62d744d2f23,9,,,,,3,1,yes,yes,370,381,,True,True,True,True
P24,,subject_mapping_unresolved,WRITE,WRITE,D_01_051,9766373003563495-2962357_3_6.mp4,data/local/asl_stem_wiki_bootstrap_v1/raw/P24/9766373003563495-2962357_3_6.mp4,1a18725d43f30ca654bd3b7e6f25f9c2dffb7e7567d8a79e2bb0d259a1d6cb71,10,336,,,0.913,0,10,yes,yes,294,309,,True,True,True,True
P28,7,l2_excluded,GIVE,GIVE,F_01_023,87663073639151-1953120_1_19.mp4,data/local/asl_stem_wiki_bootstrap_v1/raw/P28/87663073639151-1953120_1_19.mp4,8691105b29d70d65cca9a3dea5563c7e966146426d97216980379fa3e7bf7981,14,325,,,0.0,0,8,,no,290,297,,False,False,True,False
P28,7,l2_excluded,GOOD,GOOD,B_01_052,7724898064525028-1953120_1_7.mp4,data/local/asl_stem_wiki_bootstrap_v1/raw/P28/7724898064525028-1953120_1_7.mp4,73a0e53ca4fe3568a95c3ce7bf9d906be3f5e85277e4a480f46d86765b0349bc,5,,,,,0,12,,no,77,86,,False,False,True,False
P28,7,l2_excluded,HAVE,HAVE,B_03_057,6843678396185988-1953120_0_1.mp4,data/local/asl_stem_wiki_bootstrap_v1/raw/P28/6843678396185988-1953120_0_1.mp4,87ebc17eed0dade46dd4e4251e0a9914a633a4e8c2ee6529b752e0efbb3d9702,4,,,,,0,7,,,,,,False,False,False,False
P28,7,l2_excluded,NAME,NAME,D_01_021,4423679114675527-1953120_1_8.mp4,data/local/asl_stem_wiki_bootstrap_v1/raw/P28/4423679114675527-1953120_1_8.mp4,90f89b0af604d48b605359dab0adc573f921ea85fef530dc5ba05dc067adc065,18,,,,,1,4,,,,,,False,False,False,False
P28,7,l2_excluded,TIME,TIME,B_02_080,8809634054582536-1953120_1_13.mp4,data/local/asl_stem_wiki_bootstrap_v1/raw/P28/8809634054582536-1953120_1_13.mp4,d10f0a7e876ce9586b8184da0009127f652f66cc81c5c002cfdd8085cc767ddc,8,189,,,0.0,2,9,,,,,,False,False,False,False
P28,7,l2_excluded,UNDERSTAND,UNDERSTAND,C_01_006,2725370133537872-1953120_1_5.mp4,data/local/asl_stem_wiki_bootstrap_v1/raw/P28/2725370133537872-1953120_1_5.mp4,2f72baae1208b89eed0e088330d7fcb9e2898f16a86fd27a512ae5fa3e8ebeca,0,,,,,1,2,,,,,,False,False,False,False
P28,7,l2_excluded,USE,USE,D_03_043,0637723962772867-1953120_1_2.mp4,data/local/asl_stem_wiki_bootstrap_v1/raw/P28/0637723962772867-1953120_1_2.mp4,84753d63efe408b749b0a457ea1e14e1ac58bd4c21fff2d9ae5970eb9634ad33,6,180,,,0.884,0,8,,,,,,False,False,False,False
P28,7,l2_excluded,WHERE,WHERE,B_02_035,21458620041282717-1953120_1_4.mp4,data/local/asl_stem_wiki_bootstrap_v1/raw/P28/21458620041282717-1953120_1_4.mp4,9a80105287dd5b49dbe321d7b12559df10da83e59e4c8f9de679b8b506ba184a,6,,,,,0,5,,,,,,False,False,False,False
P28,7,l2_excluded,WORK,WORK,B_03_059,6843678396185988-1953120_0_1.mp4,data/local/asl_stem_wiki_bootstrap_v1/raw/P28/6843678396185988-1953120_0_1.mp4,87ebc17eed0dade46dd4e4251e0a9914a633a4e8c2ee6529b752e0efbb3d9702,10,184,,,0.06,0,7,,,,,,False,False,False,False
P28,7,l2_excluded,YOUR,YOUR,F_01_052,07550952946663947-1953120_1_16.mp4,data/local/asl_stem_wiki_bootstrap_v1/raw/P28/07550952946663947-1953120_1_16.mp4,ed85325d03dd200385e7fdcfb3163ad5ea4072cc3f039275ea507cc08726bcbf,1,,,,,0,8,,,,,,False,False,False,False
P33,,subject_mapping_unresolved,BIG,BIG,F_02_054,004231509426761981-2053312_2_5.mp4,data/local/asl_stem_wiki_bootstrap_v1/raw/P33/004231509426761981-2053312_2_5.mp4,8bdc6d7f3629be85b8cd87bc493803ac2041cbe88358e6064b7335be9e872372,1,75,,,0.316,2,4,yes,unsure,48,63,,True,False,True,False
P33,,subject_mapping_unresolved,DIFFERENT,DIFFERENT,E_03_095,2613631019340008-2053312_3_1.mp4,data/local/asl_stem_wiki_bootstrap_v1/raw/P33/2613631019340008-2053312_3_1.mp4,5380a911779c0609ddf08e22a6c0ae98a9cdcd0fd56086823462218d19c1879d,1,,,,,0,10,yes,unsure,36,47,,True,False,True,False
P33,,subject_mapping_unresolved,GIVE,GIVE,F_01_023,36311297413855326-2053312_2_4.mp4,data/local/asl_stem_wiki_bootstrap_v1/raw/P33/36311297413855326-2053312_2_4.mp4,bb2fb8e44ca6d1992b1b766ad1f7585a9c4e7f6267df4a85f059ba4ef77d198a,13,457,,,0.0,0,5,yes,no,496,511,,True,False,True,False
P33,,subject_mapping_unresolved,GOOD,GOOD,B_01_052,08447770446289571-2053312_2_7.mp4,data/local/asl_stem_wiki_bootstrap_v1/raw/P33/08447770446289571-2053312_2_7.mp4,4a771abf94edac923247458db7bd56b51cedbce15472614e73ed55f5bd86d59c,10,,,,,,0,yes,no,162,181,,True,False,True,False
P33,,subject_mapping_unresolved,IMPORTANT,IMPORTANT,B_01_081,004231509426761981-2053312_2_5.mp4,data/local/asl_stem_wiki_bootstrap_v1/raw/P33/004231509426761981-2053312_2_5.mp4,8bdc6d7f3629be85b8cd87bc493803ac2041cbe88358e6064b7335be9e872372,2,,,,,2,4,yes,yes,66,81,,True,True,True,True
P33,,subject_mapping_unresolved,LIKE,LIKE,F_03_063,9247085060358196-2053312_4_4.mp4,data/local/asl_stem_wiki_bootstrap_v1/raw/P33/9247085060358196-2053312_4_4.mp4,4d22af5f148f0542346ea3f6805f42f443ab38ad944728ec5309d4661881dec9,10,277,,,0.028,1,5,yes,no,129,160,,True,False,True,False
P33,,subject_mapping_unresolved,MORE,MORE,B_03_032,5813571323095919-2053312_0_1.mp4,data/local/asl_stem_wiki_bootstrap_v1/raw/P33/5813571323095919-2053312_0_1.mp4,1627411bd7addee3508b4e151148a0e0ab7e533cd5e984a146d9c6a372662a04,8,,,,,,0,yes,yes,346,361,,True,True,True,True
P33,,subject_mapping_unresolved,USE,USE,D_03_043,004231509426761981-2053312_2_5.mp4,data/local/asl_stem_wiki_bootstrap_v1/raw/P33/004231509426761981-2053312_2_5.mp4,8bdc6d7f3629be85b8cd87bc493803ac2041cbe88358e6064b7335be9e872372,4,134,,,0.959,2,4,yes,no,141,148,,True,False,True,False
P33,,subject_mapping_unresolved,WATER,WATER,A_02_031,9247085060358196-2053312_4_4.mp4,data/local/asl_stem_wiki_bootstrap_v1/raw/P33/9247085060358196-2053312_4_4.mp4,4d22af5f148f0542346ea3f6805f42f443ab38ad944728ec5309d4661881dec9,11,296,,,0.11,1,5,yes,yes,253,268,,True,True,True,True
P33,,subject_mapping_unresolved,WHEN,WHEN,C_03_086,0748193140140403-2053312_4_6.mp4,data/local/asl_stem_wiki_bootstrap_v1/raw/P33/0748193140140403-2053312_4_6.mp4,b36858093b33b1b56e150d0a69fe10cfc683365d51679150602dd6e5e4a8d2dc,7,170,,,0.698,0,10,yes,yes,140,151,,True,True,True,True
P33,,subject_mapping_unresolved,WHY,WHY,D_01_067,9014849123462072-2053312_5_6.mp4,data/local/asl_stem_wiki_bootstrap_v1/raw/P33/9014849123462072-2053312_5_6.mp4,6959f8cf4f0c9d1158e794dbefc8136cd7050e6a4a2e0f46830138302bb9cd64,10,,,,,7,2,yes,no,335,342,,True,False,True,False
P34,,subject_mapping_unresolved,ANSWER,ANSWER,E_03_065,4153943856835858-221722_0_2.mp4,data/local/asl_stem_wiki_bootstrap_v1/raw/P34/4153943856835858-221722_0_2.mp4,a1ecfbef2bf1f90571f7b4bd14326463f1d833a32515973900cb9be569e4a1fe,13,,,,,8,6,yes,yes,413,423,,True,True,True,True
P34,,subject_mapping_unresolved,DIFFERENT,DIFFERENT,E_03_095,2589352123792583-221722_4_1.mp4,data/local/asl_stem_wiki_bootstrap_v1/raw/P34/2589352123792583-221722_4_1.mp4,3a3561b333f720a9d93b9beafeb400b4cc25ba35da7ea71e47769151ea2c5c6c,4,143,,,0.659,3,5,yes,yes,70,79,,True,True,True,True
P34,,subject_mapping_unresolved,HAVE,HAVE,B_03_057,29926244922330425-221722_4_5.mp4,data/local/asl_stem_wiki_bootstrap_v1/raw/P34/29926244922330425-221722_4_5.mp4,6a8c86b9e0a8732e0927812f514a35aa438fae3576e2988caeaccea1e9bdc1e1,6,546,,,0.25,1,1,yes,no,762,811,,True,False,True,False
P34,,subject_mapping_unresolved,HELP,HELP,D_01_042,04241043572665282-221722_8_1.mp4,data/local/asl_stem_wiki_bootstrap_v1/raw/P34/04241043572665282-221722_8_1.mp4,494ba190beb8f53d8f0e2beb1f80229f9576f057cea8764af43428a8a017186f,9,164,,,0.281,3,4,yes,yes,140,170,,True,True,True,True
P34,,subject_mapping_unresolved,IMPORTANT,IMPORTANT,B_01_081,6580807794215631-221722_8_0.mp4,data/local/asl_stem_wiki_bootstrap_v1/raw/P34/6580807794215631-221722_8_0.mp4,85ef2d10e33a56e248d23c4a2c882300922b965ea13a05b4df462eaffa10ca07,1,169,,,0.0,8,1,yes,yes,180,212,,True,True,True,True
P34,,subject_mapping_unresolved,KNOW,KNOW,C_01_048,25201749587243416-221722_1_4.mp4,data/local/asl_stem_wiki_bootstrap_v1/raw/P34/25201749587243416-221722_1_4.mp4,88060999b6ac322e3216220af1de42b58a22dd2115417ce24a066e526c2474fc,1,66,,,0.0,0,7,yes,no,50,54,,True,False,True,False
P34,,subject_mapping_unresolved,LEARN,LEARN,B_01_042,727813393035879-221722_0_3.mp4,data/local/asl_stem_wiki_bootstrap_v1/raw/P34/727813393035879-221722_0_3.mp4,970b3c9ee34ce77bc4abbbf050fad752b734118fb3a4b4ebffcb1d640d8ca930,31,,,,,,0,yes,unsure,586,607,,True,False,True,False
P34,,subject_mapping_unresolved,MORE,MORE,B_03_032,727813393035879-221722_0_3.mp4,data/local/asl_stem_wiki_bootstrap_v1/raw/P34/727813393035879-221722_0_3.mp4,970b3c9ee34ce77bc4abbbf050fad752b734118fb3a4b4ebffcb1d640d8ca930,32,,,,,,0,yes,yes,603,617,,True,True,True,True
P34,,subject_mapping_unresolved,NAME,NAME,D_01_021,15839622996173186-221722_4_4.mp4,data/local/asl_stem_wiki_bootstrap_v1/raw/P34/15839622996173186-221722_4_4.mp4,d075e52dfb485a286eca0202f54b1ebd70b24862905d57d54d2c59ae4dfe7507,2,,,,,0,3,yes,yes,140,158,,True,True,True,True
P34,,subject_mapping_unresolved,SEE,SEE,C_02_030,7909891906233406-221722_0_0.mp4,data/local/asl_stem_wiki_bootstrap_v1/raw/P34/7909891906233406-221722_0_0.mp4,e1da5013e3523d561c5dba6a426ed5a8c6ec787f49d086de1eec8aa3b5784682,5,,,,,0,4,yes,no,173,176,,True,False,True,False
P34,,subject_mapping_unresolved,TAKE,TAKE,G_01_093,29926244922330425-221722_4_5.mp4,data/local/asl_stem_wiki_bootstrap_v1/raw/P34/29926244922330425-221722_4_5.mp4,6a8c86b9e0a8732e0927812f514a35aa438fae3576e2988caeaccea1e9bdc1e1,17,,,,,1,1,yes,no,1091,1115,,True,False,True,False
P34,,subject_mapping_unresolved,UNDERSTAND,UNDERSTAND,C_01_006,04241043572665282-221722_8_1.mp4,data/local/asl_stem_wiki_bootstrap_v1/raw/P34/04241043572665282-221722_8_1.mp4,494ba190beb8f53d8f0e2beb1f80229f9576f057cea8764af43428a8a017186f,11,205,,,0.559,3,4,yes,yes,169,176,,True,True,True,True
P34,,subject_mapping_unresolved,USE,USE,D_03_043,7179746366005755-221722_5_1.mp4,data/local/asl_stem_wiki_bootstrap_v1/raw/P34/7179746366005755-221722_5_1.mp4,128f420873f5f85751185a955c8389a85d5d1bae2a2e0f3e47b744a5d29b479c,19,448,,,0.148,1,10,yes,unsure,407,425,,True,False,True,False
P34,,subject_mapping_unresolved,WE,WE,G_03_019,4623497980248654-221722_0_4.mp4,data/local/asl_stem_wiki_bootstrap_v1/raw/P34/4623497980248654-221722_0_4.mp4,5511caa244ba4e5e8fb9d53385359fff765a4468b2ab4636bfaf607968e60b7e,2,,,,,0,2,yes,no,30,51,,True,False,True,False
P34,,subject_mapping_unresolved,WHEN,WHEN,C_03_086,2589352123792583-221722_4_1.mp4,data/local/asl_stem_wiki_bootstrap_v1/raw/P34/2589352123792583-221722_4_1.mp4,3a3561b333f720a9d93b9beafeb400b4cc25ba35da7ea71e47769151ea2c5c6c,0,30,,,0.006,3,5,yes,yes,30,37,,True,True,True,True
P34,,subject_mapping_unresolved,WHY,WHY,D_01_067,25201749587243416-221722_1_4.mp4,data/local/asl_stem_wiki_bootstrap_v1/raw/P34/25201749587243416-221722_1_4.mp4,88060999b6ac322e3216220af1de42b58a22dd2115417ce24a066e526c2474fc,22,,,,,0,7,yes,no,484,488,,True,False,True,False
P34,,subject_mapping_unresolved,YOU,YOU,D_02_065,36670180253092877-221722_0_6.mp4,data/local/asl_stem_wiki_bootstrap_v1/raw/P34/36670180253092877-221722_0_6.mp4,c2467d094249c64caddf793cb1b585226d2e7fbcac041e9ab0a2e549e58610b4,22,,,,,6,7,yes,yes,384,393,,True,True,True,True
P35,,subject_mapping_unresolved,IMPORTANT,IMPORTANT,B_01_081,8108910638729669-2962357_2_1.mp4,data/local/asl_stem_wiki_bootstrap_v1/raw/P35/8108910638729669-2962357_2_1.mp4,2643943b0422f9602c7b38b0dd986cf01b7b958726c80a1eac18e2e4c5e1d2fb,0,,,,,,0,yes,no,141,152,,True,False,True,False
P35,,subject_mapping_unresolved,KNOW,KNOW,C_01_048,9653913911987229-2962357_2_3.mp4,data/local/asl_stem_wiki_bootstrap_v1/raw/P35/9653913911987229-2962357_2_3.mp4,7c0180995378704a5cd2c822ed04d79154d4b041906457cad9c0f285c2e3b603,0,38,,,0.0,0,13,yes,no,18,25,,True,False,True,False
P35,,subject_mapping_unresolved,MORE,MORE,B_03_032,9994270030137309-2962357_1_8.mp4,data/local/asl_stem_wiki_bootstrap_v1/raw/P35/9994270030137309-2962357_1_8.mp4,6ea4834dc52c1bdc52a61c11e14c7b0e109533260f8b08e62a3582eb5b6fd6bd,10,,,,,3,2,yes,yes,393,403,,True,True,True,True
P35,,subject_mapping_unresolved,NAME,NAME,D_01_021,07906847823687957-2962357_1_11.mp4,data/local/asl_stem_wiki_bootstrap_v1/raw/P35/07906847823687957-2962357_1_11.mp4,0d96c16db6282b497ca0e57d30cdf3d31e69c964dbc208ea171cce3e40ead5fa,6,,,,,0,3,yes,yes,144,167,,True,True,True,True
P35,,subject_mapping_unresolved,SEE,SEE,C_02_030,5084821280394272-2962357_2_9.mp4,data/local/asl_stem_wiki_bootstrap_v1/raw/P35/5084821280394272-2962357_2_9.mp4,72095425b4599e39c8d05c85c96b22d5c4672b43dcb311787b4250c17a9713ac,8,,,,,,0,yes,yes,187,223,,True,True,True,True
P35,,subject_mapping_unresolved,TIME,TIME,B_02_080,9653913911987229-2962357_2_3.mp4,data/local/asl_stem_wiki_bootstrap_v1/raw/P35/9653913911987229-2962357_2_3.mp4,7c0180995378704a5cd2c822ed04d79154d4b041906457cad9c0f285c2e3b603,9,255,,,0.971,0,13,yes,yes,211,244,,True,True,True,True
P35,,subject_mapping_unresolved,TRY,TRY,B_02_034,7076139153413412-2962357_1_6.mp4,data/local/asl_stem_wiki_bootstrap_v1/raw/P35/7076139153413412-2962357_1_6.mp4,3e109d548ca1119f8a55da15cb138de9dbbc8692e2b7643719f1a1acf9f44229,3,,,,,3,5,yes,yes,66,69,,True,True,True,True
P35,,subject_mapping_unresolved,UNDERSTAND,UNDERSTAND,C_01_006,017291317677431195-2962357_2_8.mp4,data/local/asl_stem_wiki_bootstrap_v1/raw/P35/017291317677431195-2962357_2_8.mp4,48c07e9bb482c768c64dc7eaec608ef8be52932b5a0773f040a1797a87ab5e42,0,,,,,0,3,yes,yes,18,45,,True,True,True,True
P35,,subject_mapping_unresolved,USE,USE,D_03_043,9758812176125946-2962357_3_3.mp4,data/local/asl_stem_wiki_bootstrap_v1/raw/P35/9758812176125946-2962357_3_3.mp4,bac250415254c86657063b020ecd44e95e9095c5e369cc7fca35ef1a58c9e127,11,277,,,0.365,2,4,yes,yes,235,255,,True,True,True,True
P35,,subject_mapping_unresolved,WHY,WHY,D_01_067,9847952458302445-2962357_0_0.mp4,data/local/asl_stem_wiki_bootstrap_v1/raw/P35/9847952458302445-2962357_0_0.mp4,50bf5e8a420ae353ac02bc926a46e9f86d355127f1cf0c1583ba1530b07d1c75,14,,,,,0,4,yes,no,591,654,,True,False,True,False
P35,,subject_mapping_unresolved,WORK,WORK,B_03_059,7076139153413412-2962357_1_6.mp4,data/local/asl_stem_wiki_bootstrap_v1/raw/P35/7076139153413412-2962357_1_6.mp4,3e109d548ca1119f8a55da15cb138de9dbbc8692e2b7643719f1a1acf9f44229,16,0,,,0.0,3,5,yes,no,68,71,,True,False,True,False
P35,,subject_mapping_unresolved,YEAR,YEAR,B_02_015,3838630052501635-2962357_3_5.mp4,data/local/asl_stem_wiki_bootstrap_v1/raw/P35/3838630052501635-2962357_3_5.mp4,ef7eadb38abb929a9d5d48ec8317e73297203a02dcb9c697530830f0c36fe644,10,,,,,1,3,yes,no,267,274,,True,False,True,False
P35,,subject_mapping_unresolved,YOUR,YOUR,F_01_052,7076139153413412-2962357_1_6.mp4,data/local/asl_stem_wiki_bootstrap_v1/raw/P35/7076139153413412-2962357_1_6.mp4,3e109d548ca1119f8a55da15cb138de9dbbc8692e2b7643719f1a1acf9f44229,21,,,,,3,5,yes,yes,382,390,,True,True,True,True
P36,,subject_mapping_unresolved,GOOD,GOOD,B_01_052,5798174461144328-12438552_0_3.mp4,data/local/asl_stem_wiki_bootstrap_v1/raw/P36/5798174461144328-12438552_0_3.mp4,08cc0a4b003f03f448ae43df15a6d23114fb038cf1cde531eb875d36631a276d,37,,,,,0,18,yes,yes,1482,1493,,True,True,True,True
P36,,subject_mapping_unresolved,HAVE,HAVE,B_03_057,7985338037514758-12438552_2_1.mp4,data/local/asl_stem_wiki_bootstrap_v1/raw/P36/7985338037514758-12438552_2_1.mp4,864672e4453531312beff106ccffa4b993da8bb15ed109c55cf17b659296202a,18,753,,,0.95,0,7,yes,yes,621,684,,True,True,True,True
P36,,subject_mapping_unresolved,IMPORTANT,IMPORTANT,B_01_081,27286379551552-12438552_4_3.mp4,data/local/asl_stem_wiki_bootstrap_v1/raw/P36/27286379551552-12438552_4_3.mp4,a34dfc74b9886c5aa60c78e7d685187cb6ca92b7eeb6e23537800a7c5f05d5f1,14,,,,,0,8,yes,yes,463,476,,True,True,True,True
P36,,subject_mapping_unresolved,MORE,MORE,B_03_032,7985338037514758-12438552_2_1.mp4,data/local/asl_stem_wiki_bootstrap_v1/raw/P36/7985338037514758-12438552_2_1.mp4,864672e4453531312beff106ccffa4b993da8bb15ed109c55cf17b659296202a,14,581,,,0.956,0,7,yes,yes,578,593,,True,True,True,True
P36,,subject_mapping_unresolved,NOW,NOW,C_03_062,17396633688905871-12438552_0_4.mp4,data/local/asl_stem_wiki_bootstrap_v1/raw/P36/17396633688905871-12438552_0_4.mp4,367db85d1229daba1897f61868c0d2641e5e9061576ad64cdd3f29a90ea05a3e,14,,,,,,0,yes,yes,340,387,,True,True,True,True
P36,,subject_mapping_unresolved,SMALL,SMALL,D_01_030,5798174461144328-12438552_0_3.mp4,data/local/asl_stem_wiki_bootstrap_v1/raw/P36/5798174461144328-12438552_0_3.mp4,08cc0a4b003f03f448ae43df15a6d23114fb038cf1cde531eb875d36631a276d,24,,,,,0,18,yes,yes,956,967,,True,True,True,True
P36,,subject_mapping_unresolved,TIME,TIME,B_02_080,5215464842460598-12438552_3_2.mp4,data/local/asl_stem_wiki_bootstrap_v1/raw/P36/5215464842460598-12438552_3_2.mp4,07dd0921b23e3db639c853bf653ba9172ccfb0fc2f0492a11e62b0e591498efb,11,494,,,0.772,0,6,yes,yes,455,479,,True,True,True,True
P36,,subject_mapping_unresolved,UNDERSTAND,UNDERSTAND,C_01_006,5798174461144328-12438552_0_3.mp4,data/local/asl_stem_wiki_bootstrap_v1/raw/P36/5798174461144328-12438552_0_3.mp4,08cc0a4b003f03f448ae43df15a6d23114fb038cf1cde531eb875d36631a276d,38,1548,,,0.936,0,18,yes,yes,1506,1522,,True,True,True,True
P36,,subject_mapping_unresolved,USE,USE,D_03_043,406230941584802-12438552_1_4.mp4,data/local/asl_stem_wiki_bootstrap_v1/raw/P36/406230941584802-12438552_1_4.mp4,fdd12df759003a727d37093452fc5eb25e16db5ed24efdb9eab8c414102db111,10,607,,,0.225,3,9,yes,unsure,574,581,,True,False,True,False
P36,,subject_mapping_unresolved,WHERE,WHERE,B_02_035,6267927457749183-12438552_1_5.mp4,data/local/asl_stem_wiki_bootstrap_v1/raw/P36/6267927457749183-12438552_1_5.mp4,e3558139d86a6464e5f989ca988f1739493d0720a0e02ba63bcfec88bfe22464,8,,,,,0,6,yes,no,226,233,,True,False,True,False
P36,,subject_mapping_unresolved,WHO,WHO,C_01_041,27286379551552-12438552_4_3.mp4,data/local/asl_stem_wiki_bootstrap_v1/raw/P36/27286379551552-12438552_4_3.mp4,a34dfc74b9886c5aa60c78e7d685187cb6ca92b7eeb6e23537800a7c5f05d5f1,10,449,,,0.365,0,8,yes,no,530,541,,True,False,True,False
P36,,subject_mapping_unresolved,YEAR,YEAR,B_02_015,14398074519958448-12438552_1_2.mp4,data/local/asl_stem_wiki_bootstrap_v1/raw/P36/14398074519958448-12438552_1_2.mp4,83cc7a9e2145372316e7ff33253fb91624b85615fd83beaad8e8593a97769154,11,496,,,0.935,0,7,yes,yes,448,463,,True,True,True,True
P4,,subject_mapping_unresolved,DIFFERENT,DIFFERENT,E_03_095,3007999847471501-2962357_2_1.mp4,data/local/asl_stem_wiki_bootstrap_v1/raw/P4/3007999847471501-2962357_2_1.mp4,6912686dce34e06700936cfd426520c6a058029d4625232e19cc7e191c8c713d,13,187,,,0.0,5,8,yes,no,166,197,,True,False,True,False
P4,,subject_mapping_unresolved,HE,HE,F_02_044,5687992669396638-2962357_3_5.mp4,data/local/asl_stem_wiki_bootstrap_v1/raw/P4/5687992669396638-2962357_3_5.mp4,a1f15d623a748d630e0c8891d4555dc41eb107c66d49f9e10721ec6e66b18f68,14,221,,,0.0,0,5,yes,yes,202,205,,True,True,True,True
P4,,subject_mapping_unresolved,HELP,HELP,D_01_042,8655234678038404-2962357_1_11.mp4,data/local/asl_stem_wiki_bootstrap_v1/raw/P4/8655234678038404-2962357_1_11.mp4,2fe5cfab9fccda543849be940079d469a032ca5a38ecd3799e0bd3bb97c6f441,2,,,,,0,2,yes,yes,28,33,,True,True,True,True
P4,,subject_mapping_unresolved,IMPORTANT,IMPORTANT,B_01_081,3007999847471501-2962357_2_1.mp4,data/local/asl_stem_wiki_bootstrap_v1/raw/P4/3007999847471501-2962357_2_1.mp4,6912686dce34e06700936cfd426520c6a058029d4625232e19cc7e191c8c713d,20,,,,,5,8,yes,no,286,309,,True,False,True,False
P4,,subject_mapping_unresolved,KNOW,KNOW,C_01_048,457438384714248-2962357_2_3.mp4,data/local/asl_stem_wiki_bootstrap_v1/raw/P4/457438384714248-2962357_2_3.mp4,6802a1e294725e6bf274224732c2f1b2e5bf98a7ad87d2e49a7152eb0476e373,14,153,,,0.0,3,7,yes,no,184,187,,True,False,True,False
P4,,subject_mapping_unresolved,MAKE,MAKE,C_01_032,7011010107002367-2962357_2_2.mp4,data/local/asl_stem_wiki_bootstrap_v1/raw/P4/7011010107002367-2962357_2_2.mp4,3607af857d7093c0498b97564d2b2461096bffbf9f1110bf3a2d01753e7eaf29,9,90,,,0.0,6,3,yes,yes,99,112,,True,True,True,True
P4,,subject_mapping_unresolved,MAYBE,MAYBE,B_03_022,7529357531348897-2962357_3_8.mp4,data/local/asl_stem_wiki_bootstrap_v1/raw/P4/7529357531348897-2962357_3_8.mp4,9de2c8b7b9291a9c7598dad83c62ae4cc5fa4d71febea87a912e6549c0578aa7,8,106,,,0.0,0,6,yes,yes,87,92,,True,True,True,True
P4,,subject_mapping_unresolved,MORE,MORE,B_03_032,2244309097848085-2962357_1_9.mp4,data/local/asl_stem_wiki_bootstrap_v1/raw/P4/2244309097848085-2962357_1_9.mp4,1f754f88e2cf556645e7daaa1effe3ae02231e7641a738a0356aec72c365085c,23,,,,,0,3,yes,yes,298,303,,True,True,True,True
P4,,subject_mapping_unresolved,NAME,NAME,D_01_021,9331694100151824-1609327_1_0.mp4,data/local/asl_stem_wiki_bootstrap_v1/raw/P4/9331694100151824-1609327_1_0.mp4,945f60e98f31be0d07fdf0f7d88fe757f8fafff34f6a6afeb6ce5948dc7d785b,0,44,,,0.993,0,1,yes,yes,6,25,,True,True,True,True
P4,,subject_mapping_unresolved,NEED,NEED,C_02_034,457438384714248-2962357_2_3.mp4,data/local/asl_stem_wiki_bootstrap_v1/raw/P4/457438384714248-2962357_2_3.mp4,6802a1e294725e6bf274224732c2f1b2e5bf98a7ad87d2e49a7152eb0476e373,23,286,,,0.001,3,7,yes,no,333,336,,True,False,True,False
P4,,subject_mapping_unresolved,NOW,NOW,C_03_062,07300936794712798-2962357_1_6.mp4,data/local/asl_stem_wiki_bootstrap_v1/raw/P4/07300936794712798-2962357_1_6.mp4,c01bcb3a0e4ead577e0ed59e88f2dfafee13311d967ab3dad9cb3832081a2d96,0,,,,,2,5,yes,yes,6,13,,True,True,True,True
P4,,subject_mapping_unresolved,SEE,SEE,C_02_030,07300936794712798-2962357_1_6.mp4,data/local/asl_stem_wiki_bootstrap_v1/raw/P4/07300936794712798-2962357_1_6.mp4,c01bcb3a0e4ead577e0ed59e88f2dfafee13311d967ab3dad9cb3832081a2d96,12,,,,,2,5,yes,unsure,164,169,,True,False,True,False
P4,,subject_mapping_unresolved,TIME,TIME,B_02_080,457438384714248-2962357_2_3.mp4,data/local/asl_stem_wiki_bootstrap_v1/raw/P4/457438384714248-2962357_2_3.mp4,6802a1e294725e6bf274224732c2f1b2e5bf98a7ad87d2e49a7152eb0476e373,7,136,,,0.0,3,7,yes,no,167,174,,True,False,True,False
P4,,subject_mapping_unresolved,TRY,TRY,B_02_034,07300936794712798-2962357_1_6.mp4,data/local/asl_stem_wiki_bootstrap_v1/raw/P4/07300936794712798-2962357_1_6.mp4,c01bcb3a0e4ead577e0ed59e88f2dfafee13311d967ab3dad9cb3832081a2d96,2,,,,,2,5,yes,yes,28,37,,True,True,True,True
P4,,subject_mapping_unresolved,UNDERSTAND,UNDERSTAND,C_01_006,7529357531348897-2962357_3_8.mp4,data/local/asl_stem_wiki_bootstrap_v1/raw/P4/7529357531348897-2962357_3_8.mp4,9de2c8b7b9291a9c7598dad83c62ae4cc5fa4d71febea87a912e6549c0578aa7,7,98,,,0.002,0,6,yes,no,63,78,,True,False,True,False
P4,,subject_mapping_unresolved,WHERE,WHERE,B_02_035,8735565206490767-2962357_1_2.mp4,data/local/asl_stem_wiki_bootstrap_v1/raw/P4/8735565206490767-2962357_1_2.mp4,713c75c707cd8201785ae821f8a18ef78b2396d76e1f7df25818d6e877717118,20,,,,,0,5,yes,unsure,302,305,,True,False,True,False
P4,,subject_mapping_unresolved,WORK,WORK,B_03_059,07300936794712798-2962357_1_6.mp4,data/local/asl_stem_wiki_bootstrap_v1/raw/P4/07300936794712798-2962357_1_6.mp4,c01bcb3a0e4ead577e0ed59e88f2dfafee13311d967ab3dad9cb3832081a2d96,14,,,,,2,5,yes,yes,178,185,,True,True,True,True
P4,,subject_mapping_unresolved,WRITE,WRITE,D_01_051,1776077338039821-2962357_3_6.mp4,data/local/asl_stem_wiki_bootstrap_v1/raw/P4/1776077338039821-2962357_3_6.mp4,34db5a5be68d81554b2dcf9594ec21c7db7d5390003cfa8f737b6c2fc4b01a65,9,203,,,0.0,4,6,yes,yes,182,185,,True,True,True,True
P4,,subject_mapping_unresolved,YEAR,YEAR,B_02_015,7277744137229831-2962357_1_1.mp4,data/local/asl_stem_wiki_bootstrap_v1/raw/P4/7277744137229831-2962357_1_1.mp4,64ffac017bd0244232bbb5c8f1dbb3bde3253c91f990c1398034d1a3aaeca416,36,520,,,0.541,3,10,yes,yes,488,496,,True,True,True,True
P4,,subject_mapping_unresolved,YOUR,YOUR,F_01_052,5668847499711287-2962357_2_9.mp4,data/local/asl_stem_wiki_bootstrap_v1/raw/P4/5668847499711287-2962357_2_9.mp4,cd5cfdfae6271868c3f6c456aeb07d2326f8e1049fb85d4cf7be187f59eec015,6,,,,,0,3,yes,no,73,76,,True,False,True,False
P6,,subject_mapping_unresolved,DIFFERENT,DIFFERENT,E_03_095,8262715159869318-12438552_0_1.mp4,data/local/asl_stem_wiki_bootstrap_v1/raw/P6/8262715159869318-12438552_0_1.mp4,41992ea7d16bf91b42c6d5fd6bdb6a9da2358024979d126bd64ef243a5d048d8,11,,,,,1,3,yes,yes,222,237,,True,True,True,True
P6,,subject_mapping_unresolved,FIND,FIND,B_03_076,8560902454267687-12438552_0_4.mp4,data/local/asl_stem_wiki_bootstrap_v1/raw/P6/8560902454267687-12438552_0_4.mp4,a94d5a372d74a411a87f880602dd4bbdf13621169cadd9676427ce47bcf615a0,2,,,,,0,7,yes,no,108,115,,True,False,True,False
P6,,subject_mapping_unresolved,FRIEND,FRIEND,D_03_010,80905832179006-12438552_1_3.mp4,data/local/asl_stem_wiki_bootstrap_v1/raw/P6/80905832179006-12438552_1_3.mp4,ff4cc902c4fad46d5561fa946e4483f26418c54ba3151f23a138865b07f22b63,12,,,,,0,7,yes,unsure,297,316,,True,False,True,False
P6,,subject_mapping_unresolved,HAVE,HAVE,B_03_057,24114128504978116-12438552_1_11.mp4,data/local/asl_stem_wiki_bootstrap_v1/raw/P6/24114128504978116-12438552_1_11.mp4,91df123bf53ba4b4a114777d9a9f56585cd011ec5f141db2fd6cdffa4fbc1d0f,8,305,,,0.0,5,6,yes,no,174,181,,True,False,True,False
P6,,subject_mapping_unresolved,IMPORTANT,IMPORTANT,B_01_081,09838938049654433-12438552_4_4.mp4,data/local/asl_stem_wiki_bootstrap_v1/raw/P6/09838938049654433-12438552_4_4.mp4,486b6bc421d3216da8f189ff5adf9361ce1e3e2d68c6e3bab6368e51297419b0,13,,,,,0,8,yes,yes,326,357,,True,True,True,True
P6,,subject_mapping_unresolved,KNOW,KNOW,C_01_048,1146113917623206-12438552_0_5.mp4,data/local/asl_stem_wiki_bootstrap_v1/raw/P6/1146113917623206-12438552_0_5.mp4,7079bbd23c145918af83c9716cfa7dc3c996a4eda375df9a43b857032a21ed37,24,,,,,9,8,yes,yes,714,725,,True,True,True,True
P6,,subject_mapping_unresolved,MORE,MORE,B_03_032,44737599925395943-12438552_1_1.mp4,data/local/asl_stem_wiki_bootstrap_v1/raw/P6/44737599925395943-12438552_1_1.mp4,fdca84a8cbfe91e785a1b84069e7d91b96378117e8131aefd9aa8f6b61160866,4,174,,,0.717,0,7,yes,yes,130,149,,True,True,True,True
P6,,subject_mapping_unresolved,NOW,NOW,C_03_062,8560902454267687-12438552_0_4.mp4,data/local/asl_stem_wiki_bootstrap_v1/raw/P6/8560902454267687-12438552_0_4.mp4,a94d5a372d74a411a87f880602dd4bbdf13621169cadd9676427ce47bcf615a0,15,403,,,0.836,0,7,yes,yes,371,386,,True,True,True,True
P6,,subject_mapping_unresolved,OUR,OUR,G_02_067,7022598891538459-12438552_0_3.mp4,data/local/asl_stem_wiki_bootstrap_v1/raw/P6/7022598891538459-12438552_0_3.mp4,5a2fb3adb0d7309d3445deda14ecb735bcb8fd66c0916e2b1f3d61e67ef51cfa,54,,,,,0,15,yes,no,1444,1459,,True,False,True,False
P6,,subject_mapping_unresolved,TIME,TIME,B_02_080,9056972629361877-12438552_3_2.mp4,data/local/asl_stem_wiki_bootstrap_v1/raw/P6/9056972629361877-12438552_3_2.mp4,70863892bc9658d2c3af224e9429349f507bf1b345092dc083a381b35aace580,12,324,,,0.366,0,5,yes,yes,299,311,,True,True,True,True
P6,,subject_mapping_unresolved,UNDERSTAND,UNDERSTAND,C_01_006,7022598891538459-12438552_0_3.mp4,data/local/asl_stem_wiki_bootstrap_v1/raw/P6/7022598891538459-12438552_0_3.mp4,5a2fb3adb0d7309d3445deda14ecb735bcb8fd66c0916e2b1f3d61e67ef51cfa,14,,,,,0,15,yes,no,233,264,,True,False,True,False
P6,,subject_mapping_unresolved,USE,USE,D_03_043,8465211921573905-12438552_1_4.mp4,data/local/asl_stem_wiki_bootstrap_v1/raw/P6/8465211921573905-12438552_1_4.mp4,039f8910fcac8ac114c7ddf507ec90a90aa266dc37a2d61bcbd34f5d092bfaaa,12,,,,,1,7,yes,yes,452,467,,True,True,True,True
P6,,subject_mapping_unresolved,WHO,WHO,C_01_041,8423316585442502-12438552_4_3.mp4,data/local/asl_stem_wiki_bootstrap_v1/raw/P6/8423316585442502-12438552_4_3.mp4,1a00fc7f47c51f525de0ded12f5612678ae60a0eb1634d84f64a133900c728df,10,386,,,0.0,0,12,yes,no,513,520,,True,False,True,False
P6,,subject_mapping_unresolved,WORK,WORK,B_03_059,8423316585442502-12438552_4_3.mp4,data/local/asl_stem_wiki_bootstrap_v1/raw/P6/8423316585442502-12438552_4_3.mp4,1a00fc7f47c51f525de0ded12f5612678ae60a0eb1634d84f64a133900c728df,19,528,,,0.672,0,12,yes,yes,496,507,,True,True,True,True
P6,,subject_mapping_unresolved,YEAR,YEAR,B_02_015,4824481259042819-12438552_1_2.mp4,data/local/asl_stem_wiki_bootstrap_v1/raw/P6/4824481259042819-12438552_1_2.mp4,239700cc3738e1f82f6d412a00b419d8d5d4f800a7ef5fdd075b8f2de65dc5d5,14,464,,,0.0,0,8,yes,yes,369,388,,True,True,True,True
P6,,subject_mapping_unresolved,YES,YES,G_03_074,7022598891538459-12438552_0_3.mp4,data/local/asl_stem_wiki_bootstrap_v1/raw/P6/7022598891538459-12438552_0_3.mp4,5a2fb3adb0d7309d3445deda14ecb735bcb8fd66c0916e2b1f3d61e67ef51cfa,13,,,,,0,15,yes,no,480,487,,True,False,True,False
