citizen_raw_gloss,citizen_asl_lex_code
ME,B_01_068
YOU,D_02_065
WE,G_03_019
THEY1,F_02_103
HE,F_02_044
MY,C_01_060
YOUR,F_01_052
OUR,G_02_067
WHAT1,D_02_094
WHERE,B_02_035
WHEN,C_03_086
WHO,C_01_041
WHY,D_01_067
HOW1,D_02_082
HELLO,D_02_055
BYE,E_01_058
PLEASE,B_02_007
THANKYOU,H_02_053
SORRY,C_01_020
YES,G_03_074
NO,C_03_041
MAYBE,B_03_022
HELP,D_01_042
WANT1,E_01_025
NEED,C_02_034
LIKE,F_03_063
LOVE,G_01_068
KNOW,C_01_048
UNDERSTAND,C_01_006
THINK,C_03_053
FEEL,C_02_001
HAVE,B_03_057
GIVE,F_01_023
TAKE,G_01_093
COME,C_03_074
GO,C_03_056
STOP,D_01_010
WAIT,B_02_016
TRY,B_02_034
USE,D_03_043
MAKE,C_01_032
FIND,B_03_076
SEE,C_02_030
HEAR2,J_02_006
LISTEN,K_01_117
TALK1,C_01_008
TELL,C_02_013
ASK,B_02_023
ANSWER,E_03_065
LEARN,B_01_042
WORK,B_03_059
READ,A_01_022
WRITE,D_01_051
EAT1,B_02_002
DRINK1,B_02_012
WATER,A_02_031
SLEEP,B_03_037
GOOD,B_01_052
BAD,B_02_082
HAPPY,C_03_078
SAD,B_02_053
ANGRY,B_01_070
EXCITED,H_01_102
TIRED,D_02_050
SICK,B_01_072
HUNGRY,C_01_010
HOT,F_02_093
COLD,C_02_068
BIG,F_02_054
SMALL,D_01_030
MORE,B_03_032
LESS,E_02_043
SAME1,B_02_009
DIFFERENT,E_03_095
EASY,D_01_070
IMPORTANT,B_01_081
READY,F_03_042
NOW,C_03_062
TOMORROW,F_02_040
YESTERDAY,D_01_024
MORNING,C_02_012
NIGHT1,A_01_003
TIME,B_02_080
DAY,C_01_044
WEEK,B_02_079
YEAR,B_02_015
HOME,B_03_063
SCHOOL,C_03_089
HOSPITAL1,B_02_026
DOCTOR1,A_03_020
FAMILY,C_01_025
FRIEND,D_03_010
MOTHER,B_02_008
FATHER,B_01_077
CHILD,F_03_101
MAN,C_01_040
WOMAN1,C_02_028
NAME,D_01_021
SIGN,E_03_050
LANGUAGE,A_01_067
