canonical_label,citizen_raw_gloss,citizen_asl_lex_code,exact_raw_tokens,exact_raw_signers,signers
I,ME,B_01_068,0,0,
YOU,YOU,D_02_065,418,6,ALPHA|BRAVO|CHARLIE|DELTA|ECHO|FOXTROT
WE,WE,G_03_019,7,1,FOXTROT
THEY,THEY1,F_02_103,0,0,
HE,HE,F_02_044,6,2,ALPHA|FOXTROT
MY,MY,C_01_060,18,6,ALPHA|BRAVO|CHARLIE|DELTA|ECHO|FOXTROT
YOUR,YOUR,F_01_052,58,6,ALPHA|BRAVO|CHARLIE|DELTA|ECHO|FOXTROT
OUR,OUR,G_02_067,1,1,FOXTROT
WHAT,WHAT1,D_02_094,0,0,
WHERE,WHERE,B_02_035,68,6,ALPHA|BRAVO|CHARLIE|DELTA|ECHO|FOXTROT
WHEN,WHEN,C_03_086,11,5,ALPHA|BRAVO|CHARLIE|DELTA|ECHO
WHO,WHO,C_01_041,17,5,ALPHA|BRAVO|CHARLIE|DELTA|ECHO
WHY,WHY,D_01_067,27,6,ALPHA|BRAVO|CHARLIE|DELTA|ECHO|FOXTROT
HOW,HOW1,D_02_082,0,0,
HELLO,HELLO,D_02_055,8,5,ALPHA|BRAVO|CHARLIE|DELTA|ECHO
GOODBYE,BYE,E_01_058,1,1,BRAVO
PLEASE,PLEASE,B_02_007,9,6,ALPHA|BRAVO|CHARLIE|DELTA|ECHO|FOXTROT
THANKYOU,THANKYOU,H_02_053,0,0,
SORRY,SORRY,C_01_020,0,0,
YES,YES,G_03_074,0,0,
NO,NO,C_03_041,4,4,ALPHA|CHARLIE|DELTA|ECHO
MAYBE,MAYBE,B_03_022,0,0,
HELP,HELP,D_01_042,15,6,ALPHA|BRAVO|CHARLIE|DELTA|ECHO|FOXTROT
WANT,WANT1,E_01_025,0,0,
NEED,NEED,C_02_034,23,6,ALPHA|BRAVO|CHARLIE|DELTA|ECHO|FOXTROT
LIKE,LIKE,F_03_063,63,6,ALPHA|BRAVO|CHARLIE|DELTA|ECHO|FOXTROT
LOVE,LOVE,G_01_068,11,6,ALPHA|BRAVO|CHARLIE|DELTA|ECHO|FOXTROT
KNOW,KNOW,C_01_048,7,6,ALPHA|BRAVO|CHARLIE|DELTA|ECHO|FOXTROT
UNDERSTAND,UNDERSTAND,C_01_006,6,5,ALPHA|BRAVO|CHARLIE|DELTA|ECHO
THINK,THINK,C_03_053,1,1,FOXTROT
FEEL,FEEL,C_02_001,18,6,ALPHA|BRAVO|CHARLIE|DELTA|ECHO|FOXTROT
HAVE,HAVE,B_03_057,77,6,ALPHA|BRAVO|CHARLIE|DELTA|ECHO|FOXTROT
GIVE,GIVE,F_01_023,1,1,FOXTROT
TAKE,TAKE,G_01_093,2,1,FOXTROT
COME,COME,C_03_074,2,2,ECHO|FOXTROT
GO,GO,C_03_056,10,4,ALPHA|CHARLIE|DELTA|FOXTROT
STOP,STOP,D_01_010,1,1,FOXTROT
WAIT,WAIT,B_02_016,1,1,FOXTROT
TRY,TRY,B_02_034,0,0,
USE,USE,D_03_043,7,5,ALPHA|BRAVO|CHARLIE|ECHO|FOXTROT
MAKE,MAKE,C_01_032,6,1,FOXTROT
FIND,FIND,B_03_076,3,1,FOXTROT
SEE,SEE,C_02_030,16,6,ALPHA|BRAVO|CHARLIE|DELTA|ECHO|FOXTROT
HEAR,HEAR2,J_02_006,0,0,
LISTEN,LISTEN,K_01_117,1,1,FOXTROT
TALK,TALK1,C_01_008,0,0,
TELL,TELL,C_02_013,0,0,
ASK,ASK,B_02_023,0,0,
ANSWER,ANSWER,E_03_065,0,0,
LEARN,LEARN,B_01_042,5,5,ALPHA|BRAVO|CHARLIE|DELTA|ECHO
WORK,WORK,B_03_059,12,2,ALPHA|FOXTROT
READ,READ,A_01_022,1,1,FOXTROT
WRITE,WRITE,D_01_051,1,1,FOXTROT
EAT,EAT1,B_02_002,0,0,
DRINK,DRINK1,B_02_012,0,0,
WATER,WATER,A_02_031,0,0,
SLEEP,SLEEP,B_03_037,0,0,
GOOD,GOOD,B_01_052,17,4,ALPHA|BRAVO|CHARLIE|FOXTROT
BAD,BAD,B_02_082,2,1,FOXTROT
HAPPY,HAPPY,C_03_078,7,6,ALPHA|BRAVO|CHARLIE|DELTA|ECHO|FOXTROT
SAD,SAD,B_02_053,0,0,
ANGRY,ANGRY,B_01_070,5,5,ALPHA|BRAVO|CHARLIE|DELTA|ECHO
EXCITED,EXCITED,H_01_102,0,0,
TIRED,TIRED,D_02_050,6,5,ALPHA|BRAVO|CHARLIE|DELTA|ECHO
SICK,SICK,B_01_072,5,5,ALPHA|BRAVO|CHARLIE|DELTA|ECHO
HUNGRY,HUNGRY,C_01_010,6,5,ALPHA|BRAVO|CHARLIE|DELTA|ECHO
HOT,HOT,F_02_093,1,1,FOXTROT
COLD,COLD,C_02_068,6,5,ALPHA|BRAVO|CHARLIE|DELTA|ECHO
BIG,BIG,F_02_054,5,1,FOXTROT
SMALL,SMALL,D_01_030,2,1,FOXTROT
MORE,MORE,B_03_032,11,6,ALPHA|BRAVO|CHARLIE|DELTA|ECHO|FOXTROT
LESS,LESS,E_02_043,0,0,
SAME,SAME1,B_02_009,0,0,
DIFFERENT,DIFFERENT,E_03_095,0,0,
EASY,EASY,D_01_070,0,0,
IMPORTANT,IMPORTANT,B_01_081,1,1,FOXTROT
READY,READY,F_03_042,0,0,
NOW,NOW,C_03_062,7,2,ALPHA|FOXTROT
TOMORROW,TOMORROW,F_02_040,3,1,FOXTROT
YESTERDAY,YESTERDAY,D_01_024,2,1,FOXTROT
MORNING,MORNING,C_02_012,11,6,ALPHA|BRAVO|CHARLIE|DELTA|ECHO|FOXTROT
NIGHT,NIGHT1,A_01_003,0,0,
TIME,TIME,B_02_080,9,6,ALPHA|BRAVO|CHARLIE|DELTA|ECHO|FOXTROT
DAY,DAY,C_01_044,12,5,ALPHA|BRAVO|CHARLIE|DELTA|ECHO
WEEK,WEEK,B_02_079,5,3,ALPHA|DELTA|ECHO
YEAR,YEAR,B_02_015,16,6,ALPHA|BRAVO|CHARLIE|DELTA|ECHO|FOXTROT
HOME,HOME,B_03_063,1,1,FOXTROT
SCHOOL,SCHOOL,C_03_089,7,6,ALPHA|BRAVO|CHARLIE|DELTA|ECHO|FOXTROT
HOSPITAL,HOSPITAL1,B_02_026,0,0,
DOCTOR,DOCTOR1,A_03_020,0,0,
FAMILY,FAMILY,C_01_025,0,0,
FRIEND,FRIEND,D_03_010,3,1,FOXTROT
MOTHER,MOTHER,B_02_008,6,6,ALPHA|BRAVO|CHARLIE|DELTA|ECHO|FOXTROT
FATHER,FATHER,B_01_077,17,5,ALPHA|BRAVO|CHARLIE|DELTA|ECHO
CHILD,CHILD,F_03_101,3,3,BRAVO|CHARLIE|ECHO
MAN,MAN,C_01_040,2,1,BRAVO
WOMAN,WOMAN1,C_02_028,0,0,
NAME,NAME,D_01_021,23,5,ALPHA|BRAVO|CHARLIE|DELTA|ECHO
SIGN,SIGN,E_03_050,0,0,
LANGUAGE,LANGUAGE,A_01_067,2,2,ALPHA|FOXTROT
