canonical_label,citizen_raw_gloss,citizen_asl_lex_code,asllex_entry_id,clips,signers,top1_hits,top5_hits,mean_true_probability,triage,training_approved
ANGRY,ANGRY,B_01_070,angry,18,18,12,17,0.6029555909853015,model_consistent,False
ANSWER,ANSWER,E_03_065,answer,11,11,5,8,0.3479624812237241,cross_domain_ambiguous,False
ASK,ASK,B_02_023,ask,14,14,8,12,0.4713644570604499,model_consistent,False
BAD,BAD,B_02_082,bad,21,21,14,18,0.5032439025096773,model_consistent,False
BIG,BIG,F_02_054,big,22,22,15,20,0.5488360297696834,model_consistent,False
COLD,COLD,C_02_068,cold,24,24,23,24,0.8169987257570028,model_consistent,False
COME,COME,C_03_074,come,8,8,5,6,0.39045615153736435,cross_domain_ambiguous,False
DAY,DAY,C_01_044,day,17,17,16,17,0.6779455633505302,model_consistent,False
DIFFERENT,DIFFERENT,E_03_095,different,17,17,11,16,0.45568353126702066,model_consistent,False
DOCTOR,DOCTOR1,A_03_020,doctor,22,22,11,15,0.37403439988636156,cross_domain_ambiguous,False
DRINK,DRINK1,B_02_012,drink,21,21,16,21,0.6849739716521331,model_consistent,False
EASY,EASY,D_01_070,easy,18,18,18,18,0.7923584149943458,model_consistent,False
EAT,EAT1,B_02_002,eat_1,25,25,21,24,0.6726808958034962,model_consistent,False
EXCITED,EXCITED,H_01_102,excited,19,19,17,19,0.620504193007946,model_consistent,False
FAMILY,FAMILY,C_01_025,family,22,22,20,22,0.7478712818331339,model_consistent,False
FATHER,FATHER,B_01_077,father,11,11,9,10,0.6785739656876434,model_consistent,False
FEEL,FEEL,C_02_001,feel,16,16,11,14,0.5875753670698032,model_consistent,False
FIND,FIND,B_03_076,find,11,11,6,11,0.4534055438231338,model_consistent,False
FRIEND,FRIEND,D_03_010,friend,20,20,14,19,0.5789952808991075,model_consistent,False
GIVE,GIVE,F_01_023,give,12,12,6,8,0.33545018794635934,cross_domain_ambiguous,False
GO,GO,C_03_056,go,9,9,3,6,0.2612835801879151,cross_domain_ambiguous,False
GOOD,GOOD,B_01_052,good,21,21,6,20,0.28689589794902576,cross_domain_ambiguous,False
GOODBYE,BYE,E_01_058,bye,7,7,4,5,0.38716226220380384,cross_domain_ambiguous,False
HAPPY,HAPPY,C_03_078,happy,22,22,11,21,0.42301529637453233,model_consistent,False
HAVE,HAVE,B_03_057,have,9,9,6,7,0.6250575258293085,cross_domain_ambiguous,False
HE,HE,F_02_044,he,2,2,0,1,0.07091774258879013,cross_domain_ambiguous,False
HEAR,HEAR2,J_02_006,hear_2,8,8,6,7,0.4991487741935998,model_consistent,False
HELLO,HELLO,D_02_055,hello,12,12,7,11,0.4767902975048249,model_consistent,False
HELP,HELP,D_01_042,help,22,22,19,20,0.6338164949345149,model_consistent,False
HOME,HOME,B_03_063,home,19,19,19,19,0.8032744652346561,model_consistent,False
HOSPITAL,HOSPITAL1,B_02_026,hospital,14,14,9,10,0.47264755780010353,cross_domain_ambiguous,False
HOT,HOT,F_02_093,hot,22,22,14,18,0.48044840242205694,model_consistent,False
HOW,HOW1,D_02_082,how,5,5,5,5,0.7721168994903564,model_consistent,False
HUNGRY,HUNGRY,C_01_010,hungry,19,19,12,15,0.4670040083460902,cross_domain_ambiguous,False
I,ME,B_01_068,me,17,17,15,16,0.7408515763852526,model_consistent,False
IMPORTANT,IMPORTANT,B_01_081,important,17,17,15,16,0.7407334633856354,model_consistent,False
KNOW,KNOW,C_01_048,know,17,17,11,15,0.5136801949428285,model_consistent,False
LANGUAGE,LANGUAGE,A_01_067,language,9,9,6,8,0.5159625893251764,model_consistent,False
LEARN,LEARN,B_01_042,learn,19,19,15,16,0.6030156589787159,model_consistent,False
LESS,LESS,E_02_043,less,10,10,6,7,0.45304193942574783,cross_domain_ambiguous,False
LIKE,LIKE,F_03_063,like,13,13,8,10,0.4246931683916885,cross_domain_ambiguous,False
LISTEN,LISTEN,K_01_117,listen,12,12,9,10,0.5772117682499811,model_consistent,False
LOVE,LOVE,G_01_068,love,20,20,19,19,0.7649928706872743,model_consistent,False
MAKE,MAKE,C_01_032,make,16,16,12,15,0.5791168637479132,model_consistent,False
MAN,MAN,C_01_040,man,16,16,16,16,0.7967959884554148,model_consistent,False
MAYBE,MAYBE,B_03_022,maybe,11,11,9,11,0.536701307378032,model_consistent,False
MORE,MORE,B_03_032,more,10,10,9,9,0.7951752468943596,model_consistent,False
MORNING,MORNING,C_02_012,morning,18,18,17,18,0.6734693008992407,model_consistent,False
MOTHER,MOTHER,B_02_008,mother,14,14,5,13,0.3249517577434225,cross_domain_ambiguous,False
MY,MY,C_01_060,my,13,13,8,12,0.5612033356178122,model_consistent,False
NAME,NAME,D_01_021,name,17,17,17,17,0.7726931764799005,model_consistent,False
NEED,NEED,C_02_034,need,15,15,9,14,0.5500598760942618,model_consistent,False
NIGHT,NIGHT1,A_01_003,night,18,18,17,17,0.7211701159055034,model_consistent,False
NO,NO,C_03_041,no,16,16,13,13,0.5669695276592392,model_consistent,False
NOW,NOW,C_03_062,now,13,13,11,13,0.6834240349439474,model_consistent,False
OUR,OUR,G_02_067,our,7,7,6,6,0.6975111712568572,model_consistent,False
PLEASE,PLEASE,B_02_007,please,8,8,6,8,0.5814971625804901,model_consistent,False
READ,READ,A_01_022,read,23,23,17,20,0.5629065827992947,model_consistent,False
READY,READY,F_03_042,ready,10,10,9,10,0.6567975014448166,model_consistent,False
SAD,SAD,B_02_053,sad,22,22,19,21,0.6430357603398575,model_consistent,False
SAME,SAME1,B_02_009,same_1,19,19,11,16,0.41281250185382207,model_consistent,False
SCHOOL,SCHOOL,C_03_089,school,25,25,23,23,0.7204481630586088,model_consistent,False
SEE,SEE,C_02_030,see,19,19,17,18,0.7157575036153981,model_consistent,False
SICK,SICK,B_01_072,sick,25,25,20,23,0.6630979749932885,model_consistent,False
SIGN,SIGN,E_03_050,sign,9,9,6,8,0.6104821455923634,model_consistent,False
SLEEP,SLEEP,B_03_037,sleep,25,25,17,24,0.5062694530189037,model_consistent,False
SMALL,SMALL,D_01_030,small,21,21,17,18,0.6398061058107054,model_consistent,False
SORRY,SORRY,C_01_020,sorry,12,12,9,11,0.6315191650064662,model_consistent,False
STOP,STOP,D_01_010,stop,18,18,12,15,0.42383347619842326,model_consistent,False
TAKE,TAKE,G_01_093,take,10,10,2,3,0.16531929820775987,mismatch_review_priority,False
TALK,TALK1,C_01_008,talk,10,10,4,8,0.35981213136110457,cross_domain_ambiguous,False
TELL,TELL,C_02_013,tell,9,9,6,8,0.5919014977084266,model_consistent,False
THANKYOU,THANKYOU,H_02_053,thank_you,18,18,3,17,0.26961951731290257,cross_domain_ambiguous,False
THINK,THINK,C_03_053,think,12,12,11,12,0.7207260293265184,model_consistent,False
TIME,TIME,B_02_080,time,21,21,20,20,0.7125432594856691,model_consistent,False
TIRED,TIRED,D_02_050,tired,21,21,14,18,0.5694533797768166,model_consistent,False
TOMORROW,TOMORROW,F_02_040,tomorrow,13,13,10,12,0.6200104742042291,model_consistent,False
TRY,TRY,B_02_034,try,5,5,2,5,0.4508053660392761,cross_domain_ambiguous,False
UNDERSTAND,UNDERSTAND,C_01_006,understand,18,18,14,17,0.6644971587488221,model_consistent,False
USE,USE,D_03_043,use,8,8,3,6,0.3111375681764912,cross_domain_ambiguous,False
WAIT,WAIT,B_02_016,wait,22,22,17,20,0.6117456322112544,model_consistent,False
WANT,WANT1,E_01_025,want_2,5,5,3,4,0.4831019349396229,model_consistent,False
WATER,WATER,A_02_031,water,25,25,21,22,0.6873683024011552,model_consistent,False
WE,WE,G_03_019,we,6,6,5,5,0.6879850342229474,model_consistent,False
WEEK,WEEK,B_02_079,week,14,14,11,12,0.6248351922258735,model_consistent,False
WHAT,WHAT1,D_02_094,what_2,4,4,2,4,0.48997940495610237,model_consistent,False
WHEN,WHEN,C_03_086,when,10,10,9,9,0.7884157840162516,model_consistent,False
WHERE,WHERE,B_02_035,where,19,19,13,15,0.5209241774313054,cross_domain_ambiguous,False
WHO,WHO,C_01_041,who,15,15,11,14,0.558422310448562,model_consistent,False
WHY,WHY,D_01_067,why,11,11,3,8,0.2809079358015548,cross_domain_ambiguous,False
WOMAN,WOMAN1,C_02_028,woman,20,20,14,18,0.5585087176994421,model_consistent,False
WORK,WORK,B_03_059,work,26,26,23,24,0.6939954574515398,model_consistent,False
WRITE,WRITE,D_01_051,write,24,24,15,21,0.5195405380121277,model_consistent,False
YEAR,YEAR,B_02_015,year,11,11,8,11,0.651069543578408,model_consistent,False
YES,YES,G_03_074,yes,14,14,12,14,0.7070460287587983,model_consistent,False
YESTERDAY,YESTERDAY,D_01_024,yesterday,11,11,8,10,0.6165212426673282,model_consistent,False
YOU,YOU,D_02_065,you,14,14,6,12,0.3407295535185507,cross_domain_ambiguous,False
YOUR,YOUR,F_01_052,your,9,9,7,8,0.5798756738917695,model_consistent,False
