feature_path,participant,true_label,citizen_raw_gloss,citizen_asl_lex_code,rit_entry_variant,rit_occurrence,match_tier,predicted_label,top5_labels,top1_hit,top5_hit,true_probability,training_approved
data/local/rit_citizen100_variant_audit/landmarks/ANGRY/sign_86958.v17.npz,P16,ANGRY,ANGRY,B_01_070,ANGRY,ANGRY,pinned_raw_gloss_exact,ANGRY,ANGRY|BIG|NOW|EXCITED|READY,True,True,0.8888203501701355,False
data/local/rit_citizen100_variant_audit/landmarks/ANSWER/sign_103549.v17.npz,P20,ANSWER,ANSWER,E_03_065,ANSWER,ANSWER,pinned_raw_gloss_exact,ANSWER,ANSWER|LEARN|YEAR|FATHER|FIND,True,True,0.557586669921875,False
data/local/rit_citizen100_variant_audit/landmarks/ANSWER/sign_312662.v17.npz,P01,ANSWER,ANSWER,E_03_065,ANSWER,ANSWER,pinned_raw_gloss_exact,ANSWER,ANSWER|LEARN|FRIEND|YEAR|MORE,True,True,0.48575523495674133,False
data/local/rit_citizen100_variant_audit/landmarks/ANSWER/sign_321674.v17.npz,P21,ANSWER,ANSWER,E_03_065,ANSWER,ANSWER,pinned_raw_gloss_exact,ANSWER,ANSWER|LEARN|MAN|FIND|FATHER,True,True,0.8001323342323303,False
data/local/rit_citizen100_variant_audit/landmarks/ANSWER/sign_90313.v17.npz,P17,ANSWER,ANSWER,E_03_065,ANSWER,ANSWER,pinned_raw_gloss_exact,YEAR,YEAR|LEARN|WEEK|FRIEND|NAME,False,False,0.043091561645269394,False
data/local/rit_citizen100_variant_audit/landmarks/ASK/sign_367044.v17.npz,P19,ASK,ASK,B_02_023,ASK,ASK,pinned_raw_gloss_exact,LEARN,LEARN|TOMORROW|FIND|YOU|DRINK,False,False,0.03383553400635719,False
data/local/rit_citizen100_variant_audit/landmarks/ASK/sign_67415.v17.npz,P01,ASK,ASK,B_02_023,ASK,ASK,pinned_raw_gloss_exact,MAN,MAN|USE|ASK|ANSWER|WOMAN,False,True,0.09713755548000336,False
data/local/rit_citizen100_variant_audit/landmarks/ASK/sign_82380.v17.npz,P15,ASK,ASK,B_02_023,ASK,ASK,pinned_raw_gloss_exact,LEARN,LEARN|ANSWER|DAY|USE|YEAR,False,False,0.030687354505062103,False
data/local/rit_citizen100_variant_audit/landmarks/ASK/sign_86883.v17.npz,P16,ASK,ASK,B_02_023,ASK,ASK,pinned_raw_gloss_exact,DAY,DAY|THINK|SICK|LEARN|HOSPITAL,False,False,0.016100138425827026,False
data/local/rit_citizen100_variant_audit/landmarks/ASK/sign_96086.v17.npz,P18,ASK,ASK,B_02_023,ASK,ASK,pinned_raw_gloss_exact,DAY,DAY|ANSWER|YEAR|LEARN|MAN,False,False,0.029202068224549294,False
data/local/rit_citizen100_variant_audit/landmarks/BAD/sign_113857.v17.npz,P018,BAD,BAD,B_02_082,BAD,BAD,pinned_raw_gloss_exact,LEARN,LEARN|MORNING|LESS|MAN|YEAR,False,False,0.008917647413909435,False
data/local/rit_citizen100_variant_audit/landmarks/BAD/sign_227830.v17.npz,P04,BAD,BAD,B_02_082,BAD,BAD,pinned_raw_gloss_exact,GIVE,GIVE|WOMAN|LEARN|MORNING|GOOD,False,False,0.03361533582210541,False
data/local/rit_citizen100_variant_audit/landmarks/BAD/sign_316573.v17.npz,P17,BAD,BAD,B_02_082,BAD,BAD,pinned_raw_gloss_exact,LEARN,LEARN|GOOD|MORNING|WOMAN|GIVE,False,False,0.042100585997104645,False
data/local/rit_citizen100_variant_audit/landmarks/BAD/sign_323265.v17.npz,P21,BAD,BAD,B_02_082,BAD,BAD,pinned_raw_gloss_exact,LEARN,LEARN|SICK|THINK|MORNING|BAD,False,True,0.02281266264617443,False
data/local/rit_citizen100_variant_audit/landmarks/BAD/sign_81682.v17.npz,P13,BAD,BAD,B_02_082,BAD,BAD,pinned_raw_gloss_exact,BAD,BAD|HOT|GOOD|WHY|FIND,True,True,0.5616684556007385,False
data/local/rit_citizen100_variant_audit/landmarks/BAD/sign_98866.v17.npz,P19,BAD,BAD,B_02_082,BAD,BAD,pinned_raw_gloss_exact,LEARN,LEARN|GIVE|MORNING|YEAR|WOMAN,False,False,0.023526506498456,False
data/local/rit_citizen100_variant_audit/landmarks/BIG/sign_227766.v17.npz,P04,BIG,BIG,F_02_054,BIG,BIG,pinned_raw_gloss_exact,ANGRY,ANGRY|EXCITED|EASY|BIG|WRITE,False,True,0.052045490592718124,False
data/local/rit_citizen100_variant_audit/landmarks/BIG/sign_319585.v17.npz,P20,BIG,BIG,F_02_054,BIG,BIG,pinned_raw_gloss_exact,COLD,COLD|GO|BIG|NOW|SIGN,False,True,0.04816007614135742,False
data/local/rit_citizen100_variant_audit/landmarks/BIG/sign_320445.v17.npz,P20,BIG,BIG,F_02_054,BIG,BIG,pinned_raw_gloss_exact,BIG,BIG|READY|DIFFERENT|GO|NOW,True,True,0.5869074463844299,False
data/local/rit_citizen100_variant_audit/landmarks/BIG/sign_67547.v17.npz,P01,BIG,BIG,F_02_054,BIG,BIG,pinned_raw_gloss_exact,BIG,BIG|LANGUAGE|ANGRY|DIFFERENT|TRY,True,True,0.5336386561393738,False
data/local/rit_citizen100_variant_audit/landmarks/BIG/sign_77567.v17.npz,P04,BIG,BIG,F_02_054,BIG,BIG,pinned_raw_gloss_exact,BIG,BIG|ANGRY|EXCITED|LANGUAGE|FAMILY,True,True,0.17070630192756653,False
data/local/rit_citizen100_variant_audit/landmarks/BIG/sign_87013.v17.npz,P16,BIG,BIG,F_02_054,BIG,BIG,pinned_raw_gloss_exact,BIG,BIG|READY|ANGRY|GO|COLD,True,True,0.2969426214694977,False
data/local/rit_citizen100_variant_audit/landmarks/BIG/sign_96243.v17.npz,P18,BIG,BIG,F_02_054,BIG,BIG,pinned_raw_gloss_exact,LANGUAGE,LANGUAGE|ANSWER|ASK|LEARN|FIND,False,False,0.019699282944202423,False
data/local/rit_citizen100_variant_audit/landmarks/COLD/sign_103768.v17.npz,P20,COLD,COLD,C_02_068,COLD,COLD,pinned_raw_gloss_exact,LEARN,LEARN|ANSWER|LESS|HOME|FRIEND,False,False,0.007137509994208813,False
data/local/rit_citizen100_variant_audit/landmarks/COLD/sign_114984.v17.npz,P04,COLD,COLD,C_02_068,COLD,COLD,pinned_raw_gloss_exact,LESS,LESS|LEARN|SICK|THINK|TOMORROW,False,False,0.018068965524435043,False
data/local/rit_citizen100_variant_audit/landmarks/COLD/sign_312870.v17.npz,P01,COLD,COLD,C_02_068,COLD,COLD,pinned_raw_gloss_exact,LESS,LESS|FRIEND|COLD|DAY|MORE,False,True,0.07755957543849945,False
data/local/rit_citizen100_variant_audit/landmarks/COLD/sign_321908.v17.npz,P21,COLD,COLD,C_02_068,COLD,COLD,pinned_raw_gloss_exact,LESS,LESS|TIRED|YEAR|FRIEND|LEARN,False,False,0.022620663046836853,False
data/local/rit_citizen100_variant_audit/landmarks/COLD/sign_90554.v17.npz,P17,COLD,COLD,C_02_068,COLD,COLD,pinned_raw_gloss_exact,COLD,COLD|NOW|HOW|TIRED|TOMORROW,True,True,0.3702857792377472,False
data/local/rit_citizen100_variant_audit/landmarks/COME/sign_103772.v17.npz,P20,COME,COME,C_03_074,COME,COME,pinned_raw_gloss_exact,FRIEND,FRIEND|GIVE|TIRED|SLEEP|MAKE,False,False,0.001960917841643095,False
data/local/rit_citizen100_variant_audit/landmarks/COME/sign_114993.v17.npz,P04,COME,COME,C_03_074,COME,COME,pinned_raw_gloss_exact,TIRED,TIRED|MAKE|FRIEND|SORRY|WORK,False,False,0.01091714482754469,False
data/local/rit_citizen100_variant_audit/landmarks/COME/sign_312874.v17.npz,P01,COME,COME,C_03_074,COME,COME,pinned_raw_gloss_exact,TIRED,TIRED|MAKE|FRIEND|HOW|TELL,False,False,0.008779705502092838,False
data/local/rit_citizen100_variant_audit/landmarks/COME/sign_321912.v17.npz,P21,COME,COME,C_03_074,COME,COME,pinned_raw_gloss_exact,FRIEND,FRIEND|ANSWER|GO|READ|SLEEP,False,False,0.0003608683473430574,False
data/local/rit_citizen100_variant_audit/landmarks/COME/sign_82272.v17.npz,P15,COME,COME,C_03_074,COME,COME,pinned_raw_gloss_exact,FRIEND,FRIEND|TIRED|MAKE|WHAT|SIGN,False,False,0.0005745047819800675,False
data/local/rit_citizen100_variant_audit/landmarks/COME/sign_90558.v17.npz,P17,COME,COME,C_03_074,COME,COME,pinned_raw_gloss_exact,TIRED,TIRED|MAKE|HOW|YEAR|FRIEND,False,False,0.00899137370288372,False
data/local/rit_citizen100_variant_audit/landmarks/DAY/sign_115051.v17.npz,P04,DAY,DAY,C_01_044,DAY,DAY,pinned_raw_gloss_exact,DAY,DAY|HOSPITAL|WOMAN|WE|THINK,True,True,0.9028834700584412,False
data/local/rit_citizen100_variant_audit/landmarks/DAY/sign_315111.v17.npz,P17,DAY,DAY,C_01_044,DAY,DAY,pinned_raw_gloss_exact,DAY,DAY|THINK|MORNING|LEARN|HOSPITAL,True,True,0.9469700455665588,False
data/local/rit_citizen100_variant_audit/landmarks/DAY/sign_321977.v17.npz,P21,DAY,DAY,C_01_044,DAY,DAY,pinned_raw_gloss_exact,DAY,DAY|MORNING|THINK|LEARN|YEAR,True,True,0.864169180393219,False
data/local/rit_citizen100_variant_audit/landmarks/DAY/sign_82348.v17.npz,P15,DAY,DAY,C_01_044,DAY,DAY,pinned_raw_gloss_exact,DAY,DAY|MORNING|LESS|THINK|WOMAN,True,True,0.9324203133583069,False
data/local/rit_citizen100_variant_audit/landmarks/DAY/sign_90620.v17.npz,P17,DAY,DAY,C_01_044,DAY,DAY,pinned_raw_gloss_exact,THINK,THINK|LEARN|MORNING|UNDERSTAND|DAY,False,True,0.08242319524288177,False
data/local/rit_citizen100_variant_audit/landmarks/DAY/sign_92855.v17.npz,P18,DAY,DAY,C_01_044,DAY,DAY,pinned_raw_gloss_exact,DAY,DAY|MAN|THINK|LESS|LEARN,True,True,0.9024491906166077,False
data/local/rit_citizen100_variant_audit/landmarks/DOCTOR/sign_113779.v17.npz,P018,DOCTOR,DOCTOR1,A_03_020,DOCTOR,DOCTOR,canonical_label_only,GIVE,GIVE|LEARN|YEAR|SCHOOL|NAME,False,False,0.0038060329388827085,False
data/local/rit_citizen100_variant_audit/landmarks/DOCTOR/sign_227753.v17.npz,P04,DOCTOR,DOCTOR1,A_03_020,DOCTOR,DOCTOR,canonical_label_only,YEAR,YEAR|DOCTOR|LESS|NIGHT|TIRED,False,True,0.1237943023443222,False
data/local/rit_citizen100_variant_audit/landmarks/DOCTOR/sign_314240.v17.npz,P15,DOCTOR,DOCTOR1,A_03_020,DOCTOR,DOCTOR,canonical_label_only,NAME,NAME|DOCTOR|GIVE|READ|SCHOOL,False,True,0.1887802928686142,False
data/local/rit_citizen100_variant_audit/landmarks/DOCTOR/sign_316480.v17.npz,P17,DOCTOR,DOCTOR1,A_03_020,DOCTOR,DOCTOR,canonical_label_only,FRIEND,FRIEND|NIGHT|WRITE|DOCTOR|SCHOOL,False,True,0.08752631396055222,False
data/local/rit_citizen100_variant_audit/landmarks/DOCTOR/sign_323191.v17.npz,P21,DOCTOR,DOCTOR1,A_03_020,DOCTOR,DOCTOR,canonical_label_only,GIVE,GIVE|YEAR|YOU|SCHOOL|FRIEND,False,False,0.013249063864350319,False
data/local/rit_citizen100_variant_audit/landmarks/DOCTOR/sign_81590.v17.npz,P13,DOCTOR,DOCTOR1,A_03_020,DOCTOR,DOCTOR,canonical_label_only,SCHOOL,SCHOOL|NIGHT|YEAR|WRITE|DOCTOR,False,True,0.04929150268435478,False
data/local/rit_citizen100_variant_audit/landmarks/DOCTOR/sign_98792.v17.npz,P19,DOCTOR,DOCTOR1,A_03_020,DOCTOR,DOCTOR,canonical_label_only,GIVE,GIVE|YEAR|YOU|MAKE|HUNGRY,False,False,0.016777403652668,False
data/local/rit_citizen100_variant_audit/landmarks/DRINK/sign_115124.v17.npz,P04,DRINK,DRINK1,B_02_012,DRINK,DRINK,canonical_label_only,LEARN,LEARN|MAN|LESS|MORNING|DAY,False,False,0.014298278838396072,False
data/local/rit_citizen100_variant_audit/landmarks/DRINK/sign_313020.v17.npz,P01,DRINK,DRINK1,B_02_012,DRINK,DRINK,canonical_label_only,LEARN,LEARN|YEAR|DAY|THINK|MORNING,False,False,0.0014530082698911428,False
data/local/rit_citizen100_variant_audit/landmarks/DRINK/sign_322735.v17.npz,P21,DRINK,DRINK1,B_02_012,DRINK,DRINK,canonical_label_only,LEARN,LEARN|YEAR|GIVE|MORNING|DAY,False,False,0.0036049210466444492,False
data/local/rit_citizen100_variant_audit/landmarks/DRINK/sign_82430.v17.npz,P15,DRINK,DRINK1,B_02_012,DRINK,DRINK,canonical_label_only,LEARN,LEARN|DRINK|MORNING|YEAR|FIND,False,True,0.053718991577625275,False
data/local/rit_citizen100_variant_audit/landmarks/DRINK/sign_90695.v17.npz,P17,DRINK,DRINK1,B_02_012,DRINK,DRINK,canonical_label_only,LEARN,LEARN|SICK|THINK|SIGN|ANSWER,False,False,0.0011617904528975487,False
data/local/rit_citizen100_variant_audit/landmarks/FAMILY/sign_113401.v17.npz,P018,FAMILY,FAMILY,C_01_025,FAMILY,FAMILY,pinned_raw_gloss_exact,FAMILY,FAMILY|ANSWER|LEARN|FATHER|MAN,True,True,0.5586658716201782,False
data/local/rit_citizen100_variant_audit/landmarks/FAMILY/sign_115205.v17.npz,P04,FAMILY,FAMILY,C_01_025,FAMILY,FAMILY,pinned_raw_gloss_exact,FAMILY,FAMILY|ANSWER|MAN|LEARN|FIND,True,True,0.5444014072418213,False
data/local/rit_citizen100_variant_audit/landmarks/FAMILY/sign_322813.v17.npz,P21,FAMILY,FAMILY,C_01_025,FAMILY,FAMILY,pinned_raw_gloss_exact,FAMILY,FAMILY|SMALL|SAD|NOW|READ,True,True,0.8087435364723206,False
data/local/rit_citizen100_variant_audit/landmarks/FAMILY/sign_70518.v17.npz,P01,FAMILY,FAMILY,C_01_025,FAMILY,FAMILY,pinned_raw_gloss_exact,FAMILY,FAMILY|LESS|ANSWER|LEARN|SCHOOL,True,True,0.8037505745887756,False
data/local/rit_citizen100_variant_audit/landmarks/FAMILY/sign_81223.v17.npz,P13,FAMILY,FAMILY,C_01_025,FAMILY,FAMILY,pinned_raw_gloss_exact,FAMILY,FAMILY|IMPORTANT|FIND|ANSWER|READ,True,True,0.9299303889274597,False
data/local/rit_citizen100_variant_audit/landmarks/FAMILY/sign_82520.v17.npz,P15,FAMILY,FAMILY,C_01_025,FAMILY,FAMILY,pinned_raw_gloss_exact,FAMILY,FAMILY|SMALL|IMPORTANT|NOW|WANT,True,True,0.8023627400398254,False
data/local/rit_citizen100_variant_audit/landmarks/FAMILY/sign_90782.v17.npz,P17,FAMILY,FAMILY,C_01_025,FAMILY,FAMILY,pinned_raw_gloss_exact,FAMILY,FAMILY|SAD|HOW|LEARN|LESS,True,True,0.7894640564918518,False
data/local/rit_citizen100_variant_audit/landmarks/FRIEND/sign_113455.v17.npz,P018,FRIEND,FRIEND,D_03_010,FRIEND,FRIEND,pinned_raw_gloss_exact,FRIEND,FRIEND|ANSWER|DAY|LEARN|HOW,True,True,0.43050363659858704,False
data/local/rit_citizen100_variant_audit/landmarks/FRIEND/sign_115262.v17.npz,P04,FRIEND,FRIEND,D_03_010,FRIEND,FRIEND,pinned_raw_gloss_exact,FRIEND,FRIEND|MORE|LESS|ANSWER|TIRED,True,True,0.6931243538856506,False
data/local/rit_citizen100_variant_audit/landmarks/FRIEND/sign_138329.v17.npz,P18,FRIEND,FRIEND,D_03_010,FRIEND,FRIEND,pinned_raw_gloss_exact,FRIEND,FRIEND|LEARN|ANSWER|LESS|YEAR,True,True,0.2978503406047821,False
data/local/rit_citizen100_variant_audit/landmarks/FRIEND/sign_237409.v17.npz,P01,FRIEND,FRIEND,D_03_010,FRIEND,FRIEND+,pinned_raw_gloss_exact,FRIEND,FRIEND|MORE|ANSWER|HOW|MAKE,True,True,0.8344776034355164,False
data/local/rit_citizen100_variant_audit/landmarks/FRIEND/sign_313902.v17.npz,P15,FRIEND,FRIEND,D_03_010,FRIEND,FRIEND,pinned_raw_gloss_exact,FRIEND,FRIEND|ANSWER|NAME|USE|WEEK,True,True,0.8151915669441223,False
data/local/rit_citizen100_variant_audit/landmarks/FRIEND/sign_316175.v17.npz,P17,FRIEND,FRIEND,D_03_010,FRIEND,FRIEND,pinned_raw_gloss_exact,FRIEND,FRIEND|MAKE|TIRED|MORE|NIGHT,True,True,0.5691305994987488,False
data/local/rit_citizen100_variant_audit/landmarks/FRIEND/sign_322875.v17.npz,P21,FRIEND,FRIEND,D_03_010,FRIEND,FRIEND,pinned_raw_gloss_exact,FRIEND,FRIEND|ANSWER|YEAR|MAKE|YOU,True,True,0.4323682487010956,False
data/local/rit_citizen100_variant_audit/landmarks/FRIEND/sign_70596.v17.npz,P01,FRIEND,FRIEND,D_03_010,FRIEND,FRIEND,pinned_raw_gloss_exact,FRIEND,FRIEND|MAKE|YEAR|LESS|SCHOOL,True,True,0.7521572113037109,False
data/local/rit_citizen100_variant_audit/landmarks/FRIEND/sign_80286.v17.npz,P13,FRIEND,FRIEND,D_03_010,FRIEND,FRIEND,pinned_raw_gloss_exact,FRIEND,FRIEND|ANSWER|HOW|READ|YEAR,True,True,0.7218983173370361,False
data/local/rit_citizen100_variant_audit/landmarks/FRIEND/sign_81278.v17.npz,P13,FRIEND,FRIEND,D_03_010,FRIEND,FRIEND,pinned_raw_gloss_exact,FRIEND,FRIEND|LESS|WRITE|MORE|NIGHT,True,True,0.7059532999992371,False
data/local/rit_citizen100_variant_audit/landmarks/FRIEND/sign_89111.v17.npz,P17,FRIEND,FRIEND,D_03_010,FRIEND,FRIEND+,pinned_raw_gloss_exact,FRIEND,FRIEND|ANSWER|WHEN|LEARN|GO,True,True,0.4950965940952301,False
data/local/rit_citizen100_variant_audit/landmarks/FRIEND/sign_97036.v17.npz,P19,FRIEND,FRIEND,D_03_010,FRIEND,FRIEND,pinned_raw_gloss_exact,FRIEND,FRIEND|LESS|ANSWER|MORE|GIVE,True,True,0.3405050039291382,False
data/local/rit_citizen100_variant_audit/landmarks/GIVE/sign_367021.v17.npz,P19,GIVE,GIVE,F_01_023,GIVE,GIVE,pinned_raw_gloss_exact,LEARN,LEARN|GIVE|HOT|TOMORROW|GOOD,False,True,0.15363000333309174,False
data/local/rit_citizen100_variant_audit/landmarks/GIVE/sign_86860.v17.npz,P16,GIVE,GIVE,F_01_023,GIVE,GIVE,pinned_raw_gloss_exact,GIVE,GIVE|LEARN|MORNING|STOP|WHY,True,True,0.3990982174873352,False
data/local/rit_citizen100_variant_audit/landmarks/GO/sign_103563.v17.npz,P20,GO,GO,C_03_056,GO,GO,pinned_raw_gloss_exact,ANSWER,ANSWER|GO|LESS|FRIEND|MAN,False,True,0.20112384855747223,False
data/local/rit_citizen100_variant_audit/landmarks/GO/sign_312676.v17.npz,P01,GO,GO,C_03_056,GO,GO,pinned_raw_gloss_exact,ANSWER,ANSWER|FRIEND|LEARN|GO|MAN,False,True,0.0310539398342371,False
data/local/rit_citizen100_variant_audit/landmarks/GO/sign_321688.v17.npz,P21,GO,GO,C_03_056,GO,GO,pinned_raw_gloss_exact,ANSWER,ANSWER|GO|FIND|LEARN|FRIEND,False,True,0.09182564169168472,False
data/local/rit_citizen100_variant_audit/landmarks/GO/sign_90351.v17.npz,P17,GO,GO,C_03_056,GO,GO,pinned_raw_gloss_exact,ANSWER,ANSWER|LEARN|LANGUAGE|FRIEND|WEEK,False,False,0.008102389052510262,False
data/local/rit_citizen100_variant_audit/landmarks/HAVE/sign_113539.v17.npz,P018,HAVE,HAVE,B_03_057,HAVE,HAVE,pinned_raw_gloss_exact,HOW,HOW|LESS|TOMORROW|TIRED|FRIEND,False,False,0.006562171038240194,False
data/local/rit_citizen100_variant_audit/landmarks/HAVE/sign_227525.v17.npz,P04,HAVE,HAVE,B_03_057,HAVE,HAVE,pinned_raw_gloss_exact,TIRED,TIRED|HOW|NOW|HELP|TELL,False,False,0.021236609667539597,False
data/local/rit_citizen100_variant_audit/landmarks/HAVE/sign_313994.v17.npz,P15,HAVE,HAVE,B_03_057,HAVE,HAVE,pinned_raw_gloss_exact,HAVE,HAVE|TIRED|HELP|HOW|EASY,True,True,0.7062270641326904,False
data/local/rit_citizen100_variant_audit/landmarks/HAVE/sign_316257.v17.npz,P17,HAVE,HAVE,B_03_057,HAVE,HAVE,pinned_raw_gloss_exact,TIRED,TIRED|HAVE|COME|SORRY|HUNGRY,False,True,0.19543702900409698,False
data/local/rit_citizen100_variant_audit/landmarks/HAVE/sign_322946.v17.npz,P21,HAVE,HAVE,B_03_057,HAVE,HAVE,pinned_raw_gloss_exact,YOU,YOU|HUNGRY|GIVE|TOMORROW|NEED,False,False,0.0005421307287178934,False
data/local/rit_citizen100_variant_audit/landmarks/HAVE/sign_70668.v17.npz,P01,HAVE,HAVE,B_03_057,HAVE,HAVE,pinned_raw_gloss_exact,HOW,HOW|TIRED|HAVE|EXCITED|HELP,False,True,0.12757588922977448,False
data/local/rit_citizen100_variant_audit/landmarks/HAVE/sign_81366.v17.npz,P13,HAVE,HAVE,B_03_057,HAVE,HAVE,pinned_raw_gloss_exact,HAVE,HAVE|TIRED|I|TRY|SIGN,True,True,0.9168052077293396,False
data/local/rit_citizen100_variant_audit/landmarks/HAVE/sign_95955.v17.npz,P18,HAVE,HAVE,B_03_057,HAVE,HAVE,pinned_raw_gloss_exact,HELP,HELP|HAVE|WHAT|TELL|MAYBE,False,True,0.17147889733314514,False
data/local/rit_citizen100_variant_audit/landmarks/HEAR/sign_82440.v17.npz,P15,HEAR,HEAR2,J_02_006,HEAR,HEAR,canonical_label_only,THINK,THINK|LEARN|DAY|YEAR|UNDERSTAND,False,False,0.0010738364653661847,False
data/local/rit_citizen100_variant_audit/landmarks/HELLO/sign_113507.v17.npz,P018,HELLO,HELLO,D_02_055,HELLO,HELLO,pinned_raw_gloss_exact,LEARN,LEARN|MAN|MORNING|ANSWER|LESS,False,False,0.0011989491758868098,False
data/local/rit_citizen100_variant_audit/landmarks/HELLO/sign_227496.v17.npz,P04,HELLO,HELLO,D_02_055,HELLO,HELLO,pinned_raw_gloss_exact,MAN,MAN|LEARN|DAY|MORNING|ANSWER,False,False,0.0029559708200395107,False
data/local/rit_citizen100_variant_audit/landmarks/HELLO/sign_313957.v17.npz,P15,HELLO,HELLO,D_02_055,HELLO,HELLO,pinned_raw_gloss_exact,MORNING,MORNING|LEARN|SICK|GIVE|STOP,False,False,0.005793429911136627,False
data/local/rit_citizen100_variant_audit/landmarks/HELLO/sign_316221.v17.npz,P17,HELLO,HELLO,D_02_055,HELLO,HELLO,pinned_raw_gloss_exact,LEARN,LEARN|MORNING|SICK|LESS|MAN,False,False,0.0024264040403068066,False
data/local/rit_citizen100_variant_audit/landmarks/HELLO/sign_322926.v17.npz,P21,HELLO,HELLO,D_02_055,HELLO,HELLO,pinned_raw_gloss_exact,LEARN,LEARN|ANSWER|SICK|MAN|DAY,False,False,0.0013761317823082209,False
data/local/rit_citizen100_variant_audit/landmarks/HELLO/sign_70648.v17.npz,P01,HELLO,HELLO,D_02_055,HELLO,HELLO,pinned_raw_gloss_exact,LEARN,LEARN|MORNING|MAN|DAY|SICK,False,False,0.0030472525395452976,False
data/local/rit_citizen100_variant_audit/landmarks/HELLO/sign_81326.v17.npz,P13,HELLO,HELLO,D_02_055,HELLO,HELLO,pinned_raw_gloss_exact,WHY,WHY|HELLO|FIND|GOODBYE|ANGRY,False,True,0.12062393873929977,False
data/local/rit_citizen100_variant_audit/landmarks/HELP/sign_227907.v17.npz,P04,HELP,HELP,D_01_042,HELP,HELP,pinned_raw_gloss_exact,WOMAN,WOMAN|HOSPITAL|GOOD|WATER|HUNGRY,False,False,0.0016190907917916775,False
data/local/rit_citizen100_variant_audit/landmarks/HELP/sign_239692.v17.npz,P15,HELP,HELP,D_01_042,HELP,HELP,pinned_raw_gloss_exact,HELP,HELP|SCHOOL|HOW|EASY|LOVE,True,True,0.31497907638549805,False
data/local/rit_citizen100_variant_audit/landmarks/HELP/sign_316658.v17.npz,P17,HELP,HELP,D_01_042,HELP,HELP,pinned_raw_gloss_exact,SCHOOL,SCHOOL|YEAR|HELP|STOP|SORRY,False,True,0.05221796780824661,False
data/local/rit_citizen100_variant_audit/landmarks/HELP/sign_323364.v17.npz,P21,HELP,HELP,D_01_042,HELP,HELP,pinned_raw_gloss_exact,LEARN,LEARN|YEAR|STOP|MORNING|GIVE,False,False,0.03354679420590401,False
data/local/rit_citizen100_variant_audit/landmarks/HELP/sign_98942.v17.npz,P19,HELP,HELP,D_01_042,HELP,HELP,pinned_raw_gloss_exact,TELL,TELL|SORRY|HUNGRY|MAKE|YEAR,False,False,0.006590109318494797,False
data/local/rit_citizen100_variant_audit/landmarks/HOME/sign_113553.v17.npz,P018,HOME,HOME,B_03_063,HOME,HOME,pinned_raw_gloss_exact,LEARN,LEARN|GIVE|LESS|YEAR|MORNING,False,False,0.0030095719266682863,False
data/local/rit_citizen100_variant_audit/landmarks/HOME/sign_227533.v17.npz,P04,HOME,HOME,B_03_063,HOME,HOME,pinned_raw_gloss_exact,LEARN,LEARN|YEAR|GIVE|SICK|MORNING,False,False,0.005090656224638224,False
data/local/rit_citizen100_variant_audit/landmarks/HOME/sign_314003.v17.npz,P15,HOME,HOME,B_03_063,HOME,HOME,pinned_raw_gloss_exact,LEARN,LEARN|GIVE|MORNING|YEAR|DAY,False,False,0.010020296089351177,False
data/local/rit_citizen100_variant_audit/landmarks/HOME/sign_316264.v17.npz,P17,HOME,HOME,B_03_063,HOME,HOME,pinned_raw_gloss_exact,LEARN,LEARN|THINK|DAY|MORNING|SICK,False,False,0.010864956304430962,False
data/local/rit_citizen100_variant_audit/landmarks/HOME/sign_322977.v17.npz,P21,HOME,HOME,B_03_063,HOME,HOME,pinned_raw_gloss_exact,LEARN,LEARN|THINK|SICK|DAY|SIGN,False,False,0.0059515489265322685,False
data/local/rit_citizen100_variant_audit/landmarks/HOME/sign_70693.v17.npz,P01,HOME,HOME,B_03_063,HOME,HOME,pinned_raw_gloss_exact,LEARN,LEARN|THINK|DAY|SICK|MORNING,False,False,0.007993820123374462,False
data/local/rit_citizen100_variant_audit/landmarks/HOME/sign_81375.v17.npz,P13,HOME,HOME,B_03_063,HOME,HOME,pinned_raw_gloss_exact,HOME,HOME|KNOW|WHY|LEARN|COME,True,True,0.8224167227745056,False
data/local/rit_citizen100_variant_audit/landmarks/HOSPITAL/sign_102540.v17.npz,P20,HOSPITAL,HOSPITAL1,B_02_026,HOSPITAL,HOSPITAL,canonical_label_only,HOSPITAL,HOSPITAL|YEAR|LOVE|WE|DAY,True,True,0.51449054479599,False
data/local/rit_citizen100_variant_audit/landmarks/HOSPITAL/sign_113555.v17.npz,P018,HOSPITAL,HOSPITAL1,B_02_026,HOSPITAL,HOSPITAL,canonical_label_only,HOSPITAL,HOSPITAL|YEAR|DAY|LEARN|USE,True,True,0.21257054805755615,False
data/local/rit_citizen100_variant_audit/landmarks/HOSPITAL/sign_227537.v17.npz,P04,HOSPITAL,HOSPITAL1,B_02_026,HOSPITAL,HOSPITAL,canonical_label_only,DAY,DAY|HOSPITAL|USE|YEAR|WE,False,True,0.21069999039173126,False
data/local/rit_citizen100_variant_audit/landmarks/HOSPITAL/sign_314005.v17.npz,P15,HOSPITAL,HOSPITAL1,B_02_026,HOSPITAL,HOSPITAL,canonical_label_only,NIGHT,NIGHT|DAY|USE|HOSPITAL|WE,False,True,0.12157561630010605,False
data/local/rit_citizen100_variant_audit/landmarks/HOSPITAL/sign_316266.v17.npz,P17,HOSPITAL,HOSPITAL1,B_02_026,HOSPITAL,HOSPITAL,canonical_label_only,HOSPITAL,HOSPITAL|WE|DAY|USE|NIGHT,True,True,0.3215080201625824,False
data/local/rit_citizen100_variant_audit/landmarks/HOSPITAL/sign_322979.v17.npz,P21,HOSPITAL,HOSPITAL1,B_02_026,HOSPITAL,HOSPITAL,canonical_label_only,DAY,DAY|NIGHT|WE|YEAR|LEARN,False,False,0.015404248610138893,False
data/local/rit_citizen100_variant_audit/landmarks/HOSPITAL/sign_70695.v17.npz,P01,HOSPITAL,HOSPITAL1,B_02_026,HOSPITAL,HOSPITAL,canonical_label_only,DAY,DAY|HOSPITAL|USE|WE|YEAR,False,True,0.17556139826774597,False
data/local/rit_citizen100_variant_audit/landmarks/HOSPITAL/sign_74025.v17.npz,P03,HOSPITAL,HOSPITAL1,B_02_026,HOSPITAL,HOSPITAL,canonical_label_only,HOSPITAL,HOSPITAL|USE|THEY|LIKE|LOVE,True,True,0.3726370930671692,False
data/local/rit_citizen100_variant_audit/landmarks/HOSPITAL/sign_81377.v17.npz,P13,HOSPITAL,HOSPITAL1,B_02_026,HOSPITAL,HOSPITAL,canonical_label_only,HOSPITAL,HOSPITAL|WOMAN|WATER|SLEEP|LOVE,True,True,0.9241760969161987,False
data/local/rit_citizen100_variant_audit/landmarks/HOT/sign_113556.v17.npz,P018,HOT,HOT,F_02_093,HOT,HOT,pinned_raw_gloss_exact,LEARN,LEARN|YEAR|GIVE|MORNING|GOOD,False,False,0.005343310069292784,False
data/local/rit_citizen100_variant_audit/landmarks/HOT/sign_227538.v17.npz,P04,HOT,HOT,F_02_093,HOT,HOT,pinned_raw_gloss_exact,DAY,DAY|MAN|LEARN|MORNING|YEAR,False,False,0.0019230046309530735,False
data/local/rit_citizen100_variant_audit/landmarks/HOT/sign_314006.v17.npz,P15,HOT,HOT,F_02_093,HOT,HOT,pinned_raw_gloss_exact,LEARN,LEARN|MORNING|SICK|GOOD|THEY,False,False,0.02599429152905941,False
data/local/rit_citizen100_variant_audit/landmarks/HOT/sign_316267.v17.npz,P17,HOT,HOT,F_02_093,HOT,HOT,pinned_raw_gloss_exact,MORNING,MORNING|DAY|LEARN|WOMAN|SICK,False,False,0.0022368822246789932,False
data/local/rit_citizen100_variant_audit/landmarks/HOT/sign_322980.v17.npz,P21,HOT,HOT,F_02_093,HOT,HOT,pinned_raw_gloss_exact,LEARN,LEARN|GIVE|YEAR|MORNING|WOMAN,False,False,0.018919827416539192,False
data/local/rit_citizen100_variant_audit/landmarks/HOT/sign_70696.v17.npz,P01,HOT,HOT,F_02_093,HOT,HOT,pinned_raw_gloss_exact,LEARN,LEARN|THINK|DAY|SICK|ANSWER,False,False,0.004745014477521181,False
data/local/rit_citizen100_variant_audit/landmarks/HOT/sign_81378.v17.npz,P13,HOT,HOT,F_02_093,HOT,HOT,pinned_raw_gloss_exact,HOT,HOT|WHY|FIND|BAD|LEARN,True,True,0.5272973775863647,False
data/local/rit_citizen100_variant_audit/landmarks/IMPORTANT/sign_113570.v17.npz,P018,IMPORTANT,IMPORTANT,B_01_081,IMPORTANT,IMPORTANT,pinned_raw_gloss_exact,LEARN,LEARN|ANSWER|FAMILY|MAN|LESS,False,False,0.04096480831503868,False
data/local/rit_citizen100_variant_audit/landmarks/IMPORTANT/sign_227552.v17.npz,P04,IMPORTANT,IMPORTANT,B_01_081,IMPORTANT,IMPORTANT,pinned_raw_gloss_exact,IMPORTANT,IMPORTANT|ANSWER|FATHER|WORK|MAN,True,True,0.46956032514572144,False
data/local/rit_citizen100_variant_audit/landmarks/IMPORTANT/sign_314018.v17.npz,P15,IMPORTANT,IMPORTANT,B_01_081,IMPORTANT,IMPORTANT,pinned_raw_gloss_exact,IMPORTANT,IMPORTANT|WORK|FAMILY|ANSWER|USE,True,True,0.9009007215499878,False
data/local/rit_citizen100_variant_audit/landmarks/IMPORTANT/sign_316292.v17.npz,P17,IMPORTANT,IMPORTANT,B_01_081,IMPORTANT,IMPORTANT,pinned_raw_gloss_exact,NIGHT,NIGHT|WORK|SMALL|SCHOOL|LESS,False,False,0.05418538674712181,False
data/local/rit_citizen100_variant_audit/landmarks/IMPORTANT/sign_322990.v17.npz,P21,IMPORTANT,IMPORTANT,B_01_081,IMPORTANT,IMPORTANT,pinned_raw_gloss_exact,ANSWER,ANSWER|FAMILY|FATHER|LESS|LEARN,False,False,0.04101322218775749,False
data/local/rit_citizen100_variant_audit/landmarks/IMPORTANT/sign_70707.v17.npz,P01,IMPORTANT,IMPORTANT,B_01_081,IMPORTANT,IMPORTANT,pinned_raw_gloss_exact,IMPORTANT,IMPORTANT|FAMILY|ANSWER|READ|FIND,True,True,0.708981454372406,False
data/local/rit_citizen100_variant_audit/landmarks/IMPORTANT/sign_81388.v17.npz,P13,IMPORTANT,IMPORTANT,B_01_081,IMPORTANT,IMPORTANT,pinned_raw_gloss_exact,IMPORTANT,IMPORTANT|FATHER|ANSWER|WORK|FAMILY,True,True,0.6516111493110657,False
data/local/rit_citizen100_variant_audit/landmarks/IMPORTANT/sign_98582.v17.npz,P19,IMPORTANT,IMPORTANT,B_01_081,IMPORTANT,IMPORTANT,pinned_raw_gloss_exact,LESS,LESS|SCHOOL|MAN|TOMORROW|FAMILY,False,False,0.01976337842643261,False
data/local/rit_citizen100_variant_audit/landmarks/LANGUAGE/sign_145928.v17.npz,P03,LANGUAGE,LANGUAGE,A_01_067,LANGUAGE,LANGUAGE,pinned_raw_gloss_exact,LANGUAGE,LANGUAGE|BIG|EXCITED|THEY|HOT,True,True,0.7100219130516052,False
data/local/rit_citizen100_variant_audit/landmarks/LANGUAGE/sign_315005.v17.npz,P17,LANGUAGE,LANGUAGE,A_01_067,LANGUAGE,LANGUAGE,pinned_raw_gloss_exact,BIG,BIG|LANGUAGE|DIFFERENT|ANGRY|EXCITED,False,True,0.06296513229608536,False
data/local/rit_citizen100_variant_audit/landmarks/LANGUAGE/sign_79678.v17.npz,P13,LANGUAGE,LANGUAGE,A_01_067,LANGUAGE,LANGUAGE,pinned_raw_gloss_exact,LANGUAGE,LANGUAGE|BIG|DIFFERENT|THEY|READY,True,True,0.4689653217792511,False
data/local/rit_citizen100_variant_audit/landmarks/LANGUAGE/sign_92523.v17.npz,P18,LANGUAGE,LANGUAGE,A_01_067,LANGUAGE,LANGUAGE,pinned_raw_gloss_exact,ANSWER,ANSWER|LEARN|FIND|FATHER|BIG,False,False,0.006819082889705896,False
data/local/rit_citizen100_variant_audit/landmarks/LEARN/sign_113633.v17.npz,P018,LEARN,LEARN,B_01_042,LEARN,LEARN,pinned_raw_gloss_exact,LEARN,LEARN|LESS|MORNING|DAY|ANSWER,True,True,0.8466508984565735,False
data/local/rit_citizen100_variant_audit/landmarks/LEARN/sign_227616.v17.npz,P04,LEARN,LEARN,B_01_042,LEARN,LEARN,pinned_raw_gloss_exact,LEARN,LEARN|LESS|MORNING|STOP|SICK,True,True,0.8423558473587036,False
data/local/rit_citizen100_variant_audit/landmarks/LEARN/sign_314097.v17.npz,P15,LEARN,LEARN,B_01_042,LEARN,LEARN,pinned_raw_gloss_exact,LEARN,LEARN|LESS|MAN|MORNING|NIGHT,True,True,0.821904182434082,False
data/local/rit_citizen100_variant_audit/landmarks/LEARN/sign_316357.v17.npz,P17,LEARN,LEARN,B_01_042,LEARN,LEARN,pinned_raw_gloss_exact,LEARN,LEARN|MORNING|LESS|HOW|YEAR,True,True,0.6934481859207153,False
data/local/rit_citizen100_variant_audit/landmarks/LEARN/sign_323050.v17.npz,P21,LEARN,LEARN,B_01_042,LEARN,LEARN,pinned_raw_gloss_exact,YEAR,YEAR|GIVE|SCHOOL|HUNGRY|MAKE,False,False,0.012313839979469776,False
data/local/rit_citizen100_variant_audit/landmarks/LEARN/sign_81462.v17.npz,P13,LEARN,LEARN,B_01_042,LEARN,LEARN,pinned_raw_gloss_exact,HELP,HELP|LEARN|STOP|MORNING|YEAR,False,True,0.14703595638275146,False
data/local/rit_citizen100_variant_audit/landmarks/LEARN/sign_98654.v17.npz,P19,LEARN,LEARN,B_01_042,LEARN,LEARN,pinned_raw_gloss_exact,DAY,DAY|LEARN|MAN|ANSWER|THINK,False,True,0.13210882246494293,False
data/local/rit_citizen100_variant_audit/landmarks/LESS/sign_113646.v17.npz,P018,LESS,LESS,E_02_043,LESS,LESS,pinned_raw_gloss_exact,MAN,MAN|LEARN|LESS|ANSWER|DAY,False,True,0.06903912127017975,False
data/local/rit_citizen100_variant_audit/landmarks/LESS/sign_227628.v17.npz,P04,LESS,LESS,E_02_043,LESS,LESS,pinned_raw_gloss_exact,LESS,LESS|MAN|MORNING|DAY|OUR,True,True,0.7222093939781189,False
data/local/rit_citizen100_variant_audit/landmarks/LESS/sign_314102.v17.npz,P15,LESS,LESS,E_02_043,LESS,LESS,pinned_raw_gloss_exact,LESS,LESS|MAN|NIGHT|LEARN|MORE,True,True,0.7112472057342529,False
data/local/rit_citizen100_variant_audit/landmarks/LESS/sign_316362.v17.npz,P17,LESS,LESS,E_02_043,LESS,LESS,pinned_raw_gloss_exact,MORNING,MORNING|LEARN|LESS|DAY|SICK,False,True,0.10776182264089584,False
data/local/rit_citizen100_variant_audit/landmarks/LESS/sign_323055.v17.npz,P21,LESS,LESS,E_02_043,LESS,LESS,pinned_raw_gloss_exact,LESS,LESS|MAN|HOME|DAY|OUR,True,True,0.30805954337120056,False
data/local/rit_citizen100_variant_audit/landmarks/LESS/sign_81467.v17.npz,P13,LESS,LESS,E_02_043,LESS,LESS,pinned_raw_gloss_exact,LESS,LESS|MORE|DOCTOR|EASY|HOW,True,True,0.9166342616081238,False
data/local/rit_citizen100_variant_audit/landmarks/LESS/sign_98659.v17.npz,P19,LESS,LESS,E_02_043,LESS,LESS,pinned_raw_gloss_exact,LEARN,LEARN|GIVE|FIND|MAN|STOP,False,False,0.02036059834063053,False
data/local/rit_citizen100_variant_audit/landmarks/LIKE/sign_113665.v17.npz,P018,LIKE,LIKE,F_03_063,LIKE,LIKE,pinned_raw_gloss_exact,LEARN,LEARN|YEAR|DAY|MORNING|GIVE,False,False,0.01922263205051422,False
data/local/rit_citizen100_variant_audit/landmarks/LIKE/sign_227640.v17.npz,P04,LIKE,LIKE,F_03_063,LIKE,LIKE,pinned_raw_gloss_exact,LEARN,LEARN|GIVE|WOMAN|MORNING|YEAR,False,False,0.018484586849808693,False
data/local/rit_citizen100_variant_audit/landmarks/LIKE/sign_314114.v17.npz,P15,LIKE,LIKE,F_03_063,LIKE,LIKE,pinned_raw_gloss_exact,LIKE,LIKE|WOMAN|DAY|USE|GIVE,True,True,0.2223283350467682,False
data/local/rit_citizen100_variant_audit/landmarks/LIKE/sign_316374.v17.npz,P17,LIKE,LIKE,F_03_063,LIKE,LIKE,pinned_raw_gloss_exact,WHAT,WHAT|EXCITED|DOCTOR|SIGN|BAD,False,False,0.027147457003593445,False
data/local/rit_citizen100_variant_audit/landmarks/LIKE/sign_323067.v17.npz,P21,LIKE,LIKE,F_03_063,LIKE,LIKE,pinned_raw_gloss_exact,LEARN,LEARN|DAY|NAME|THINK|BAD,False,False,0.010799960233271122,False
data/local/rit_citizen100_variant_audit/landmarks/LIKE/sign_81479.v17.npz,P13,LIKE,LIKE,F_03_063,LIKE,LIKE,pinned_raw_gloss_exact,LIKE,LIKE|HUNGRY|FEEL|YOU|TELL,True,True,0.405906081199646,False
data/local/rit_citizen100_variant_audit/landmarks/LIKE/sign_98671.v17.npz,P19,LIKE,LIKE,F_03_063,LIKE,LIKE,pinned_raw_gloss_exact,HUNGRY,HUNGRY|GOOD|GIVE|BAD|LIKE,False,True,0.029536906629800797,False
data/local/rit_citizen100_variant_audit/landmarks/LIKE/sign_98860.v17.npz,P19,LIKE,LIKE,F_03_063,LIKE,LIKE,pinned_raw_gloss_exact,WE,WE|SORRY|PLEASE|MAKE|NIGHT,False,False,0.03294017165899277,False
data/local/rit_citizen100_variant_audit/landmarks/LOVE/sign_103353.v17.npz,P20,LOVE,LOVE,G_01_068,LOVE,LOVE,pinned_raw_gloss_exact,HUNGRY,HUNGRY|YEAR|TELL|SORRY|HOSPITAL,False,False,0.003574931062757969,False
data/local/rit_citizen100_variant_audit/landmarks/LOVE/sign_109237.v17.npz,P21,LOVE,LOVE,G_01_068,LOVE,LOVE,pinned_raw_gloss_exact,LOVE,LOVE|MAKE|EAT|HOSPITAL|DAY,True,True,0.7981067299842834,False
data/local/rit_citizen100_variant_audit/landmarks/LOVE/sign_238347.v17.npz,P01,LOVE,LOVE,G_01_068,LOVE,LOVE,pinned_raw_gloss_exact,LOVE,LOVE|MAKE|SORRY|HELP|YEAR,True,True,0.797731339931488,False
data/local/rit_citizen100_variant_audit/landmarks/LOVE/sign_312458.v17.npz,P01,LOVE,LOVE,G_01_068,LOVE,LOVE,pinned_raw_gloss_exact,HUNGRY,HUNGRY|HOSPITAL|WE|SORRY|TAKE,False,False,0.0016807359643280506,False
data/local/rit_citizen100_variant_audit/landmarks/LOVE/sign_313298.v17.npz,P03,LOVE,LOVE,G_01_068,LOVE,LOVE,pinned_raw_gloss_exact,LOVE,LOVE|HOSPITAL|YEAR|SCHOOL|MAKE,True,True,0.6902484893798828,False
data/local/rit_citizen100_variant_audit/landmarks/LOVE/sign_315474.v17.npz,P17,LOVE,LOVE,G_01_068,LOVE,LOVE,pinned_raw_gloss_exact,LOVE,LOVE|HOSPITAL|SCHOOL|YEAR|MAKE,True,True,0.8154821395874023,False
data/local/rit_citizen100_variant_audit/landmarks/LOVE/sign_317311.v17.npz,P19,LOVE,LOVE,G_01_068,LOVE,LOVE,pinned_raw_gloss_exact,LOVE,LOVE|HOSPITAL|YEAR|MAKE|SORRY,True,True,0.7831418514251709,False
data/local/rit_citizen100_variant_audit/landmarks/LOVE/sign_318290.v17.npz,P19,LOVE,LOVE,G_01_068,LOVE,LOVE,pinned_raw_gloss_exact,SORRY,SORRY|HUNGRY|YOU|I|TELL,False,False,0.0008871923782862723,False
data/local/rit_citizen100_variant_audit/landmarks/LOVE/sign_321475.v17.npz,P21,LOVE,LOVE,G_01_068,LOVE,LOVE,pinned_raw_gloss_exact,HOSPITAL,HOSPITAL|WHO|LOVE|TELL|HUNGRY,False,True,0.0621432326734066,False
data/local/rit_citizen100_variant_audit/landmarks/LOVE/sign_84882.v17.npz,P16,LOVE,LOVE,G_01_068,LOVE,LOVE,pinned_raw_gloss_exact,LOVE,LOVE|MAKE|EAT|HOSPITAL|DAY,True,True,0.8770989775657654,False
data/local/rit_citizen100_variant_audit/landmarks/MAKE/sign_113689.v17.npz,P018,MAKE,MAKE,C_01_032,MAKE,MAKE,pinned_raw_gloss_exact,FRIEND,FRIEND|YEAR|MAKE|TIRED|NIGHT,False,True,0.07020033150911331,False
data/local/rit_citizen100_variant_audit/landmarks/MAKE/sign_227672.v17.npz,P04,MAKE,MAKE,C_01_032,MAKE,MAKE,pinned_raw_gloss_exact,MAKE,MAKE|YEAR|TELL|LOVE|SORRY,True,True,0.5760549902915955,False
data/local/rit_citizen100_variant_audit/landmarks/MAKE/sign_314151.v17.npz,P15,MAKE,MAKE,C_01_032,MAKE,MAKE,pinned_raw_gloss_exact,MAKE,MAKE|YEAR|TELL|NAME|FRIEND,True,True,0.5103697776794434,False
data/local/rit_citizen100_variant_audit/landmarks/MAKE/sign_316412.v17.npz,P17,MAKE,MAKE,C_01_032,MAKE,MAKE,pinned_raw_gloss_exact,MAKE,MAKE|YEAR|FRIEND|SORRY|LOVE,True,True,0.8005779385566711,False
data/local/rit_citizen100_variant_audit/landmarks/MAKE/sign_323113.v17.npz,P21,MAKE,MAKE,C_01_032,MAKE,MAKE,pinned_raw_gloss_exact,TOMORROW,TOMORROW|WHO|HUNGRY|HOT|WOMAN,False,False,0.008263437077403069,False
data/local/rit_citizen100_variant_audit/landmarks/MAKE/sign_81517.v17.npz,P13,MAKE,MAKE,C_01_032,MAKE,MAKE,pinned_raw_gloss_exact,MAKE,MAKE|YEAR|LOVE|HOW|SORRY,True,True,0.6943991184234619,False
data/local/rit_citizen100_variant_audit/landmarks/MAKE/sign_98690.v17.npz,P19,MAKE,MAKE,C_01_032,MAKE,MAKE,pinned_raw_gloss_exact,MAKE,MAKE|YEAR|NAME|FRIEND|MORE,True,True,0.5107983350753784,False
data/local/rit_citizen100_variant_audit/landmarks/MAN/sign_113690.v17.npz,P018,MAN,MAN,C_01_040,MAN,MAN,pinned_raw_gloss_exact,DAY,DAY|LEARN|MAN|LESS|YEAR,False,True,0.08095052093267441,False
data/local/rit_citizen100_variant_audit/landmarks/MAN/sign_227673.v17.npz,P04,MAN,MAN,C_01_040,MAN,MAN,pinned_raw_gloss_exact,YEAR,YEAR|GOOD|GIVE|LEARN|HUNGRY,False,False,0.004392947070300579,False
data/local/rit_citizen100_variant_audit/landmarks/MAN/sign_314152.v17.npz,P15,MAN,MAN,C_01_040,MAN,MAN,pinned_raw_gloss_exact,DAY,DAY|LEARN|MAN|YEAR|USE,False,True,0.04661312326788902,False
data/local/rit_citizen100_variant_audit/landmarks/MAN/sign_316413.v17.npz,P17,MAN,MAN,C_01_040,MAN,MAN,pinned_raw_gloss_exact,LEARN,LEARN|LESS|SICK|NEED|DAY,False,False,0.04509926587343216,False
data/local/rit_citizen100_variant_audit/landmarks/MAN/sign_323114.v17.npz,P21,MAN,MAN,C_01_040,MAN,MAN,pinned_raw_gloss_exact,DAY,DAY|YEAR|LEARN|THINK|WE,False,False,0.014126910828053951,False
data/local/rit_citizen100_variant_audit/landmarks/MAN/sign_365932.v17.npz,P16,MAN,MAN,C_01_040,MAN,MAN,pinned_raw_gloss_exact,LEARN,LEARN|MAN|FIND|GIVE|ANSWER,False,True,0.18336643278598785,False
data/local/rit_citizen100_variant_audit/landmarks/MAN/sign_72607.v17.npz,P02,MAN,MAN,C_01_040,MAN,MAN+,pinned_raw_gloss_exact,LEARN,LEARN|LESS|MAN|DAY|ANSWER,False,True,0.08543713390827179,False
data/local/rit_citizen100_variant_audit/landmarks/MAN/sign_79860.v17.npz,P13,MAN,MAN,C_01_040,MAN,MAN,pinned_raw_gloss_exact,DAY,DAY|MORNING|LESS|LEARN|MAN,False,True,0.06168206036090851,False
data/local/rit_citizen100_variant_audit/landmarks/MAN/sign_81518.v17.npz,P13,MAN,MAN,C_01_040,MAN,MAN,pinned_raw_gloss_exact,MAN,MAN|DAY|HOSPITAL|FATHER|LESS,True,True,0.9172161221504211,False
data/local/rit_citizen100_variant_audit/landmarks/MAN/sign_98691.v17.npz,P19,MAN,MAN,C_01_040,MAN,MAN,pinned_raw_gloss_exact,LIKE,LIKE|HOSPITAL|HUNGRY|YEAR|DAY,False,False,0.002094428287819028,False
data/local/rit_citizen100_variant_audit/landmarks/MORNING/sign_320589.v17.npz,P20,MORNING,MORNING,C_02_012,MORNING,MORNING,pinned_raw_gloss_exact,LEARN,LEARN|MORNING|GIVE|DAY|YEAR,False,True,0.3698383867740631,False
data/local/rit_citizen100_variant_audit/landmarks/MORNING/sign_67695.v17.npz,P01,MORNING,MORNING,C_02_012,MORNING,MORNING,pinned_raw_gloss_exact,MORNING,MORNING|GOOD|HELP|STOP|EASY,True,True,0.5964093804359436,False
data/local/rit_citizen100_variant_audit/landmarks/MORNING/sign_77708.v17.npz,P04,MORNING,MORNING,C_02_012,MORNING,MORNING,pinned_raw_gloss_exact,MORNING,MORNING|LEARN|SICK|GOOD|GIVE,True,True,0.7232516407966614,False
data/local/rit_citizen100_variant_audit/landmarks/MORNING/sign_87170.v17.npz,P16,MORNING,MORNING,C_02_012,MORNING,MORNING,pinned_raw_gloss_exact,MORNING,MORNING|LEARN|SICK|LESS|GIVE,True,True,0.5728829503059387,False
data/local/rit_citizen100_variant_audit/landmarks/MORNING/sign_96383.v17.npz,P18,MORNING,MORNING,C_02_012,MORNING,MORNING,pinned_raw_gloss_exact,MORNING,MORNING|LEARN|DAY|LOVE|HOSPITAL,True,True,0.8234357237815857,False
data/local/rit_citizen100_variant_audit/landmarks/NAME/sign_239023.v17.npz,P01,NAME,NAME,D_01_021,NAME,NAME,pinned_raw_gloss_exact,NAME,NAME|READ|MORE|FRIEND|LESS,True,True,0.7676476836204529,False
data/local/rit_citizen100_variant_audit/landmarks/NAME/sign_87136.v17.npz,P16,NAME,NAME,D_01_021,NAME,NAME,pinned_raw_gloss_exact,FRIEND,FRIEND|NAME|READ|YEAR|THINK,False,True,0.24770620465278625,False
data/local/rit_citizen100_variant_audit/landmarks/NAME/sign_96372.v17.npz,P18,NAME,NAME,D_01_021,NAME,NAME,pinned_raw_gloss_exact,NAME,NAME|FRIEND|MORE|HOW|READ,True,True,0.3640294373035431,False
data/local/rit_citizen100_variant_audit/landmarks/NIGHT/sign_115184.v17.npz,P04,NIGHT,NIGHT1,A_01_003,NIGHT,NIGHT,canonical_label_only,NIGHT,NIGHT|LEARN|LESS|DAY|USE,True,True,0.1942308396100998,False
data/local/rit_citizen100_variant_audit/landmarks/NIGHT/sign_320609.v17.npz,P20,NIGHT,NIGHT1,A_01_003,NIGHT,NIGHT,canonical_label_only,NIGHT,NIGHT|YEAR|DAY|USE|SCHOOL,True,True,0.5464131832122803,False
data/local/rit_citizen100_variant_audit/landmarks/NIGHT/sign_322798.v17.npz,P21,NIGHT,NIGHT1,A_01_003,NIGHT,NIGHT,canonical_label_only,NIGHT,NIGHT|SCHOOL|YEAR|WORK|MAKE,True,True,0.5669024586677551,False
data/local/rit_citizen100_variant_audit/landmarks/NIGHT/sign_67738.v17.npz,P01,NIGHT,NIGHT1,A_01_003,NIGHT,NIGHT,canonical_label_only,NIGHT,NIGHT|DAY|LESS|NAME|YEAR,True,True,0.41923490166664124,False
data/local/rit_citizen100_variant_audit/landmarks/NIGHT/sign_70503.v17.npz,P01,NIGHT,NIGHT1,A_01_003,NIGHT,NIGHT,canonical_label_only,YEAR,YEAR|HUNGRY|YOU|GIVE|LEARN,False,False,0.022429795935750008,False
data/local/rit_citizen100_variant_audit/landmarks/NIGHT/sign_77750.v17.npz,P04,NIGHT,NIGHT1,A_01_003,NIGHT,NIGHT,canonical_label_only,GIVE,GIVE|YEAR|SCHOOL|MAKE|NIGHT,False,True,0.048442475497722626,False
data/local/rit_citizen100_variant_audit/landmarks/NIGHT/sign_81186.v17.npz,P13,NIGHT,NIGHT1,A_01_003,NIGHT,NIGHT,canonical_label_only,TALK,TALK|HOME|EAT|NIGHT|OUR,False,True,0.036182597279548645,False
data/local/rit_citizen100_variant_audit/landmarks/NIGHT/sign_82482.v17.npz,P15,NIGHT,NIGHT1,A_01_003,NIGHT,NIGHT,canonical_label_only,YEAR,YEAR|NIGHT|MAKE|SCHOOL|YOU,False,True,0.12756584584712982,False
data/local/rit_citizen100_variant_audit/landmarks/NIGHT/sign_87192.v17.npz,P16,NIGHT,NIGHT1,A_01_003,NIGHT,NIGHT,canonical_label_only,DAY,DAY|NIGHT|SCHOOL|USE|LIKE,False,True,0.11313558369874954,False
data/local/rit_citizen100_variant_audit/landmarks/NIGHT/sign_90749.v17.npz,P17,NIGHT,NIGHT1,A_01_003,NIGHT,NIGHT,canonical_label_only,NIGHT,NIGHT|WE|USE|WOMAN|DAY,True,True,0.8152008056640625,False
data/local/rit_citizen100_variant_audit/landmarks/NIGHT/sign_96406.v17.npz,P18,NIGHT,NIGHT1,A_01_003,NIGHT,NIGHT,canonical_label_only,YEAR,YEAR|LEARN|NIGHT|USE|WORK,False,True,0.16148900985717773,False
data/local/rit_citizen100_variant_audit/landmarks/NOW/sign_102544.v17.npz,P20,NOW,NOW,C_03_062,NOW,NOW,pinned_raw_gloss_exact,ANGRY,ANGRY|SIGN|WHY|NOW|SICK,False,True,0.02512841671705246,False
data/local/rit_citizen100_variant_audit/landmarks/NOW/sign_314851.v17.npz,P17,NOW,NOW,C_03_062,NOW,NOW,pinned_raw_gloss_exact,NOW,NOW|ANGRY|HAVE|BIG|TIRED,True,True,0.8190064430236816,False
data/local/rit_citizen100_variant_audit/landmarks/NOW/sign_72606.v17.npz,P02,NOW,NOW,C_03_062,NOW,NOW,pinned_raw_gloss_exact,NOW,NOW|ANGRY|HOW|TIRED|WAIT,True,True,0.8783113956451416,False
data/local/rit_citizen100_variant_audit/landmarks/NOW/sign_79046.v17.npz,P13,NOW,NOW,C_03_062,NOW,NOW,pinned_raw_gloss_exact,NOW,NOW|ANGRY|BIG|HAVE|SAD,True,True,0.7394087314605713,False
data/local/rit_citizen100_variant_audit/landmarks/NOW/sign_92151.v17.npz,P18,NOW,NOW,C_03_062,NOW,NOW,pinned_raw_gloss_exact,NOW,NOW|EXCITED|TIRED|ANGRY|HAVE,True,True,0.424278199672699,False
data/local/rit_citizen100_variant_audit/landmarks/READ/sign_320812.v17.npz,P20,READ,READ,A_01_022,READ,READ,pinned_raw_gloss_exact,LEARN,LEARN|YEAR|TOMORROW|GIVE|LESS,False,False,0.0020851544104516506,False
data/local/rit_citizen100_variant_audit/landmarks/READ/sign_77936.v17.npz,P04,READ,READ,A_01_022,READ,READ,pinned_raw_gloss_exact,READ,READ|NAME|LESS|SCHOOL|FRIEND,True,True,0.7321597933769226,False
data/local/rit_citizen100_variant_audit/landmarks/READ/sign_87378.v17.npz,P16,READ,READ,A_01_022,READ,READ+,pinned_raw_gloss_exact,LEARN,LEARN|MORE|LESS|FRIEND|DAY,False,False,0.014429870061576366,False
data/local/rit_citizen100_variant_audit/landmarks/READY/sign_367027.v17.npz,P19,READY,READY,F_03_042,READY,READY,pinned_raw_gloss_exact,DAY,DAY|WE|OUR|MAN|COME,False,False,0.0028043834026902914,False
data/local/rit_citizen100_variant_audit/landmarks/READY/sign_67381.v17.npz,P01,READY,READY,F_03_042,READY,READY,pinned_raw_gloss_exact,USE,USE|READY|TIME|LISTEN|DIFFERENT,False,True,0.174534872174263,False
data/local/rit_citizen100_variant_audit/landmarks/READY/sign_86866.v17.npz,P16,READY,READY,F_03_042,READY,READY,pinned_raw_gloss_exact,READY,READY|LANGUAGE|WHAT|BIG|ANGRY,True,True,0.15201236307621002,False
data/local/rit_citizen100_variant_audit/landmarks/READY/sign_96069.v17.npz,P18,READY,READY,F_03_042,READY,READY,pinned_raw_gloss_exact,USE,USE|HOSPITAL|ANSWER|NIGHT|FAMILY,False,False,0.01418281439691782,False
data/local/rit_citizen100_variant_audit/landmarks/SAD/sign_320593.v17.npz,P20,SAD,SAD,B_02_053,SAD,SAD,pinned_raw_gloss_exact,SAD,SAD|MORNING|SICK|KNOW|HOW,True,True,0.6840740442276001,False
data/local/rit_citizen100_variant_audit/landmarks/SAD/sign_67699.v17.npz,P01,SAD,SAD,B_02_053,SAD,SAD,pinned_raw_gloss_exact,SAD,SAD|SICK|MORNING|HOW|KNOW,True,True,0.8633415102958679,False
data/local/rit_citizen100_variant_audit/landmarks/SAD/sign_77722.v17.npz,P04,SAD,SAD,B_02_053,SAD,SAD,pinned_raw_gloss_exact,SAD,SAD|FATHER|WANT|SICK|FAMILY,True,True,0.8992619514465332,False
data/local/rit_citizen100_variant_audit/landmarks/SAD/sign_87174.v17.npz,P16,SAD,SAD,B_02_053,SAD,SAD,pinned_raw_gloss_exact,SAD,SAD|SICK|MORNING|LESS|KNOW,True,True,0.3922256529331207,False
data/local/rit_citizen100_variant_audit/landmarks/SAD/sign_96387.v17.npz,P18,SAD,SAD,B_02_053,SAD,SAD,pinned_raw_gloss_exact,SAD,SAD|MORNING|FATHER|SICK|KNOW,True,True,0.6013334393501282,False
data/local/rit_citizen100_variant_audit/landmarks/SAME/sign_79874.v17.npz,P13,SAME,SAME1,B_02_009,SAME,SAME,canonical_label_only,THEY,THEY|YEAR|LIKE|GIVE|SCHOOL,False,False,0.01164619717746973,False
data/local/rit_citizen100_variant_audit/landmarks/SEE/sign_78035.v17.npz,P04,SEE,SEE,C_02_030,SEE,SEE,pinned_raw_gloss_exact,GIVE,GIVE|MORNING|LEARN|NAME|SEE,False,True,0.031245483085513115,False
data/local/rit_citizen100_variant_audit/landmarks/SICK/sign_78057.v17.npz,P04,SICK,SICK,B_01_072,SICK,SICK,pinned_raw_gloss_exact,MORNING,MORNING|SICK|LEARN|MAN|LESS,False,True,0.24247011542320251,False
data/local/rit_citizen100_variant_audit/landmarks/SLEEP/sign_78082.v17.npz,P04,SLEEP,SLEEP,B_03_037,SLEEP,SLEEP,pinned_raw_gloss_exact,LEARN,LEARN|MORNING|YEAR|DAY|SICK,False,False,0.0036626376677304506,False
data/local/rit_citizen100_variant_audit/landmarks/STOP/sign_102262.v17.npz,P20,STOP,STOP,D_01_010,STOP,STOP,pinned_raw_gloss_exact,SCHOOL,SCHOOL|STOP|MORNING|LESS|LEARN,False,True,0.2836940884590149,False
data/local/rit_citizen100_variant_audit/landmarks/STOP/sign_78758.v17.npz,P13,STOP,STOP,D_01_010,STOP,STOP,pinned_raw_gloss_exact,LEARN,LEARN|MORNING|SICK|LESS|STOP,False,True,0.060908470302820206,False
data/local/rit_citizen100_variant_audit/landmarks/TAKE/sign_102282.v17.npz,P20,TAKE,TAKE,G_01_093,TAKE,TAKE,pinned_raw_gloss_exact,WORK,WORK|YEAR|NIGHT|TAKE|WE,False,True,0.04617141932249069,False
data/local/rit_citizen100_variant_audit/landmarks/TAKE/sign_78797.v17.npz,P13,TAKE,TAKE,G_01_093,TAKE,TAKE,pinned_raw_gloss_exact,LEARN,LEARN|YEAR|GIVE|NIGHT|DRINK,False,False,0.003978237044066191,False
data/local/rit_citizen100_variant_audit/landmarks/TALK/sign_145974.v17.npz,P03,TALK,TALK1,C_01_008,TALK,TALK,canonical_label_only,WATER,WATER|MOTHER|HOSPITAL|TALK|SEE,False,True,0.0333191454410553,False
data/local/rit_citizen100_variant_audit/landmarks/THINK/sign_138238.v17.npz,P18,THINK,THINK,C_03_053,THINK,THINK,pinned_raw_gloss_exact,LEARN,LEARN|DAY|SICK|THINK|MORNING,False,True,0.0699458122253418,False
data/local/rit_citizen100_variant_audit/landmarks/THINK/sign_146092.v17.npz,P03,THINK,THINK,C_03_053,THINK,THINK,pinned_raw_gloss_exact,THINK,THINK|DAY|ANSWER|UNDERSTAND|TOMORROW,True,True,0.5773785710334778,False
data/local/rit_citizen100_variant_audit/landmarks/THINK/sign_237320.v17.npz,P01,THINK,THINK,C_03_053,THINK,THINK,pinned_raw_gloss_exact,LEARN,LEARN|THINK|DAY|SICK|ANSWER,False,True,0.11966030299663544,False
data/local/rit_citizen100_variant_audit/landmarks/THINK/sign_80049.v17.npz,P13,THINK,THINK,C_03_053,THINK,THINK,pinned_raw_gloss_exact,LEARN,LEARN|THINK|SICK|DAY|ANSWER,False,True,0.11055748164653778,False
data/local/rit_citizen100_variant_audit/landmarks/THINK/sign_82358.v17.npz,P15,THINK,THINK,C_03_053,THINK,THINK,pinned_raw_gloss_exact,THINK,THINK|LEARN|ANSWER|SICK|SIGN,True,True,0.283077597618103,False
data/local/rit_citizen100_variant_audit/landmarks/THINK/sign_88774.v17.npz,P17,THINK,THINK,C_03_053,THINK,THINK,pinned_raw_gloss_exact,DAY,DAY|THINK|LEARN|SICK|MORNING,False,True,0.16605642437934875,False
data/local/rit_citizen100_variant_audit/landmarks/THINK/sign_96932.v17.npz,P19,THINK,THINK,C_03_053,THINK,THINK,pinned_raw_gloss_exact,LEARN,LEARN|YEAR|THINK|SICK|ANSWER,False,True,0.05628114938735962,False
data/local/rit_citizen100_variant_audit/landmarks/TIRED/sign_138577.v17.npz,P18,TIRED,TIRED,D_02_050,TIRED,TIRED,pinned_raw_gloss_exact,LESS,LESS|TIRED|FRIEND|DOCTOR|SCHOOL,False,True,0.11511313915252686,False
data/local/rit_citizen100_variant_audit/landmarks/TIRED/sign_312416.v17.npz,P01,TIRED,TIRED,D_02_050,TIRED,TIRED,pinned_raw_gloss_exact,HOW,HOW|TIRED|FRIEND|MAKE|TELL,False,True,0.2996627986431122,False
data/local/rit_citizen100_variant_audit/landmarks/TIRED/sign_317288.v17.npz,P19,TIRED,TIRED,D_02_050,TIRED,TIRED,pinned_raw_gloss_exact,TIRED,TIRED|DOCTOR|FRIEND|SCHOOL|LESS,True,True,0.4426758885383606,False
data/local/rit_citizen100_variant_audit/landmarks/TIRED/sign_365921.v17.npz,P16,TIRED,TIRED,D_02_050,TIRED,TIRED,pinned_raw_gloss_exact,TIRED,TIRED|FRIEND|HOW|COLD|WRITE,True,True,0.7484925389289856,False
data/local/rit_citizen100_variant_audit/landmarks/TIRED/sign_74234.v17.npz,P03,TIRED,TIRED,D_02_050,TIRED,TIRED,pinned_raw_gloss_exact,TIRED,TIRED|FRIEND|DOCTOR|LESS|WHAT,True,True,0.6690440773963928,False
data/local/rit_citizen100_variant_audit/landmarks/TOMORROW/sign_138455.v17.npz,P18,TOMORROW,TOMORROW,F_02_040,TOMORROW,TOMORROW,pinned_raw_gloss_exact,DAY,DAY|LEARN|YEAR|WOMAN|GIVE,False,False,0.002784168114885688,False
data/local/rit_citizen100_variant_audit/landmarks/TOMORROW/sign_237538.v17.npz,P01,TOMORROW,TOMORROW,F_02_040,TOMORROW,TOMORROW,pinned_raw_gloss_exact,LEARN,LEARN|DAY|YEAR|THINK|ANSWER,False,False,0.005373682361096144,False
data/local/rit_citizen100_variant_audit/landmarks/TOMORROW/sign_317169.v17.npz,P19,TOMORROW,TOMORROW,F_02_040,TOMORROW,TOMORROW,pinned_raw_gloss_exact,LEARN,LEARN|DAY|MAN|YEAR|GIVE,False,False,0.007783804088830948,False
data/local/rit_citizen100_variant_audit/landmarks/TOMORROW/sign_317170.v17.npz,P19,TOMORROW,TOMORROW,F_02_040,TOMORROW,TOMORROW,pinned_raw_gloss_exact,DAY,DAY|YEAR|LEARN|MAN|MORNING,False,False,0.001183024374768138,False
data/local/rit_citizen100_variant_audit/landmarks/TOMORROW/sign_74112.v17.npz,P03,TOMORROW,TOMORROW,F_02_040,TOMORROW,TOMORROW,pinned_raw_gloss_exact,TOMORROW,TOMORROW|LEARN|YEAR|MAN|HOSPITAL,True,True,0.2425021380186081,False
data/local/rit_citizen100_variant_audit/landmarks/TOMORROW/sign_80550.v17.npz,P13,TOMORROW,TOMORROW,F_02_040,TOMORROW,TOMORROW,pinned_raw_gloss_exact,LEARN,LEARN|DAY|SICK|THINK|YEAR,False,False,0.023522352799773216,False
data/local/rit_citizen100_variant_audit/landmarks/TOMORROW/sign_89236.v17.npz,P17,TOMORROW,TOMORROW,F_02_040,TOMORROW,TOMORROW,pinned_raw_gloss_exact,LEARN,LEARN|MORNING|DAY|SICK|YEAR,False,False,0.007169079501181841,False
data/local/rit_citizen100_variant_audit/landmarks/TRY/sign_102336.v17.npz,P20,TRY,TRY,B_02_034,TRY,TRY,pinned_raw_gloss_exact,COLD,COLD|ANSWER|FRIEND|YEAR|LEARN,False,False,0.03605589270591736,False
data/local/rit_citizen100_variant_audit/landmarks/TRY/sign_72465.v17.npz,P02,TRY,TRY,B_02_034,TRY,TRY,pinned_raw_gloss_exact,FRIEND,FRIEND|MAKE|HOW|YEAR|WRITE,False,False,0.014206851832568645,False
data/local/rit_citizen100_variant_audit/landmarks/TRY/sign_78287.v17.npz,P13,TRY,TRY,B_02_034,TRY,TRY,pinned_raw_gloss_exact,TRY,TRY|COLD|WORK|FRIEND|WRITE,True,True,0.2385716289281845,False
data/local/rit_citizen100_variant_audit/landmarks/TRY/sign_78855.v17.npz,P13,TRY,TRY,B_02_034,TRY,TRY,pinned_raw_gloss_exact,TRY,TRY|COLD|WORK|YES|FRIEND,True,True,0.4218299388885498,False
data/local/rit_citizen100_variant_audit/landmarks/UNDERSTAND/sign_102365.v17.npz,P20,UNDERSTAND,UNDERSTAND,C_01_006,UNDERSTAND,UNDERSTAND+,pinned_raw_gloss_exact,LEARN,LEARN|MORNING|DAY|YEAR|SICK,False,False,0.02423604018986225,False
data/local/rit_citizen100_variant_audit/landmarks/UNDERSTAND/sign_226857.v17.npz,P01,UNDERSTAND,UNDERSTAND,C_01_006,UNDERSTAND,UNDERSTAND,pinned_raw_gloss_exact,LEARN,LEARN|THINK|DAY|MORNING|SICK,False,False,0.04800935834646225,False
data/local/rit_citizen100_variant_audit/landmarks/UNDERSTAND/sign_365989.v17.npz,P16,UNDERSTAND,UNDERSTAND,C_01_006,UNDERSTAND,UNDERSTAND,pinned_raw_gloss_exact,DAY,DAY|LEARN|ANSWER|SICK|MAN,False,False,0.00501871295273304,False
data/local/rit_citizen100_variant_audit/landmarks/UNDERSTAND/sign_367007.v17.npz,P19,UNDERSTAND,UNDERSTAND,C_01_006,UNDERSTAND,UNDERSTAND,pinned_raw_gloss_exact,ANSWER,ANSWER|MAN|LEARN|DAY|UNDERSTAND,False,True,0.04649190604686737,False
data/local/rit_citizen100_variant_audit/landmarks/UNDERSTAND/sign_70715.v17.npz,P01,UNDERSTAND,UNDERSTAND,C_01_006,UNDERSTAND,UNDERSTAND,pinned_raw_gloss_exact,LEARN,LEARN|MORNING|THINK|DAY|SICK,False,False,0.027310006320476532,False
data/local/rit_citizen100_variant_audit/landmarks/UNDERSTAND/sign_72476.v17.npz,P02,UNDERSTAND,UNDERSTAND,C_01_006,UNDERSTAND,UNDERSTAND,pinned_raw_gloss_exact,DAY,DAY|MORNING|LEARN|THINK|UNDERSTAND,False,True,0.045527055859565735,False
data/local/rit_citizen100_variant_audit/landmarks/UNDERSTAND/sign_78292.v17.npz,P13,UNDERSTAND,UNDERSTAND,C_01_006,UNDERSTAND,UNDERSTAND,pinned_raw_gloss_exact,LEARN,LEARN|MORNING|SICK|DAY|YEAR,False,False,0.010364514775574207,False
data/local/rit_citizen100_variant_audit/landmarks/UNDERSTAND/sign_78862.v17.npz,P13,UNDERSTAND,UNDERSTAND,C_01_006,UNDERSTAND,UNDERSTAND,pinned_raw_gloss_exact,LEARN,LEARN|SICK|MORNING|THINK|YEAR,False,False,0.018732953816652298,False
data/local/rit_citizen100_variant_audit/landmarks/UNDERSTAND/sign_96023.v17.npz,P18,UNDERSTAND,UNDERSTAND,C_01_006,UNDERSTAND,UNDERSTAND,pinned_raw_gloss_exact,LEARN,LEARN|MORNING|YEAR|SICK|DAY,False,False,0.006797768175601959,False
data/local/rit_citizen100_variant_audit/landmarks/WAIT/sign_318789.v17.npz,P19,WAIT,WAIT,B_02_016,WAIT,WAIT,pinned_raw_gloss_exact,MAYBE,MAYBE|WANT|GIVE|LIKE|WHAT,False,False,0.042363785207271576,False
data/local/rit_citizen100_variant_audit/landmarks/WAIT/sign_364935.v17.npz,P01,WAIT,WAIT,B_02_016,WAIT,WAIT,pinned_raw_gloss_exact,WAIT,WAIT|WANT|EASY|EXCITED|MAYBE,True,True,0.5075775980949402,False
data/local/rit_citizen100_variant_audit/landmarks/WAIT/sign_365589.v17.npz,P16,WAIT,WAIT,B_02_016,WAIT,WAIT,pinned_raw_gloss_exact,SAD,SAD|WAIT|SICK|EASY|MORNING,False,True,0.01645553670823574,False
data/local/rit_citizen100_variant_audit/landmarks/WANT/sign_102383.v17.npz,P20,WANT,WANT1,E_01_025,WANT,WANT,canonical_label_only,STOP,STOP|GIVE|FAMILY|MAYBE|LESS,False,False,0.008142753504216671,False
data/local/rit_citizen100_variant_audit/landmarks/WANT/sign_72496.v17.npz,P02,WANT,WANT1,E_01_025,WANT,WANT,canonical_label_only,WANT,WANT|SAD|WAIT|FAMILY|NOW,True,True,0.5125950574874878,False
data/local/rit_citizen100_variant_audit/landmarks/WANT/sign_78304.v17.npz,P13,WANT,WANT1,E_01_025,WANT,WANT,canonical_label_only,STOP,STOP|MAYBE|DOCTOR|WHAT|WANT,False,True,0.05318528786301613,False
data/local/rit_citizen100_variant_audit/landmarks/WANT/sign_78896.v17.npz,P13,WANT,WANT1,E_01_025,WANT,WANT,canonical_label_only,MAYBE,MAYBE|DOCTOR|STOP|WHAT|TIRED,False,False,0.015544718131422997,False
data/local/rit_citizen100_variant_audit/landmarks/WATER/sign_227969.v17.npz,P04,WATER,WATER,A_02_031,WATER,WATER,pinned_raw_gloss_exact,LEARN,LEARN|YEAR|MORNING|THEY|SICK,False,False,0.0004868896212428808,False
data/local/rit_citizen100_variant_audit/landmarks/WHEN/sign_102393.v17.npz,P20,WHEN,WHEN,C_03_086,WHEN,WHEN,pinned_raw_gloss_exact,WHEN,WHEN|SIGN|FRIEND|HOW|WHAT,True,True,0.6718301773071289,False
data/local/rit_citizen100_variant_audit/landmarks/WHEN/sign_78907.v17.npz,P13,WHEN,WHEN,C_03_086,WHEN,WHEN,pinned_raw_gloss_exact,WHEN,WHEN|HOW|FRIEND|MAKE|NAME,True,True,0.6206547617912292,False
data/local/rit_citizen100_variant_audit/landmarks/WHERE/sign_102394.v17.npz,P20,WHERE,WHERE,B_02_035,WHERE,WHERE,pinned_raw_gloss_exact,DAY,DAY|SICK|MORNING|LESS|LEARN,False,False,0.0005991316866129637,False
data/local/rit_citizen100_variant_audit/landmarks/WHERE/sign_72512.v17.npz,P02,WHERE,WHERE,B_02_035,WHERE,WHERE,pinned_raw_gloss_exact,DAY,DAY|LEARN|ANSWER|LESS|MAN,False,False,0.00028384849429130554,False
data/local/rit_citizen100_variant_audit/landmarks/WHERE/sign_78908.v17.npz,P13,WHERE,WHERE,B_02_035,WHERE,WHERE,pinned_raw_gloss_exact,LEARN,LEARN|GIVE|YEAR|DAY|MORNING,False,False,0.0011704552453011274,False
data/local/rit_citizen100_variant_audit/landmarks/WHERE/sign_92064.v17.npz,P18,WHERE,WHERE,B_02_035,WHERE,WHERE,pinned_raw_gloss_exact,ANGRY,ANGRY|WHAT|BIG|READY|WANT,False,False,0.0003401444118935615,False
data/local/rit_citizen100_variant_audit/landmarks/WHO/sign_102415.v17.npz,P20,WHO,WHO,C_01_041,WHO,WHO,pinned_raw_gloss_exact,YEAR,YEAR|DAY|THINK|MORNING|LEARN,False,False,0.0012777739902958274,False
data/local/rit_citizen100_variant_audit/landmarks/WHO/sign_72513.v17.npz,P02,WHO,WHO,C_01_041,WHO,WHO,pinned_raw_gloss_exact,LEARN,LEARN|YEAR|DAY|MORNING|THINK,False,False,0.0027386480942368507,False
data/local/rit_citizen100_variant_audit/landmarks/WHO/sign_78910.v17.npz,P13,WHO,WHO,C_01_041,WHO,WHO,pinned_raw_gloss_exact,LEARN,LEARN|YEAR|MORNING|DAY|THINK,False,False,0.0032334886491298676,False
data/local/rit_citizen100_variant_audit/landmarks/WHY/sign_78911.v17.npz,P13,WHY,WHY,D_01_067,WHY,WHY,pinned_raw_gloss_exact,LEARN,LEARN|SICK|MORNING|COME|THINK,False,False,0.009265783242881298,False
data/local/rit_citizen100_variant_audit/landmarks/WOMAN/sign_238374.v17.npz,P01,WOMAN,WOMAN1,C_02_028,WOMAN,WOMAN,canonical_label_only,LEARN,LEARN|LESS|DAY|NIGHT|WOMAN,False,True,0.03529177978634834,False
data/local/rit_citizen100_variant_audit/landmarks/WOMAN/sign_318295.v17.npz,P19,WOMAN,WOMAN1,C_02_028,WOMAN,WOMAN,canonical_label_only,HUNGRY,HUNGRY|WOMAN|HOSPITAL|LIKE|WATER,False,True,0.3322698771953583,False
data/local/rit_citizen100_variant_audit/landmarks/WOMAN/sign_319719.v17.npz,P20,WOMAN,WOMAN1,C_02_028,WOMAN,WOMAN,canonical_label_only,DAY,DAY|NIGHT|MAN|LESS|USE,False,False,0.028626764193177223,False
data/local/rit_citizen100_variant_audit/landmarks/WOMAN/sign_84887.v17.npz,P16,WOMAN,WOMAN1,C_02_028,WOMAN,WOMAN,canonical_label_only,LEARN,LEARN|MORNING|DAY|GOOD|WOMAN,False,True,0.05873752757906914,False
data/local/rit_citizen100_variant_audit/landmarks/WORK/sign_239680.v17.npz,P15,WORK,WORK,B_03_059,WORK,WORK+++,pinned_raw_gloss_exact,WORK,WORK|NIGHT|TIME|USE|WE,True,True,0.6473996043205261,False
data/local/rit_citizen100_variant_audit/landmarks/WRITE/sign_102505.v17.npz,P20,WRITE,WRITE,D_01_051,WRITE,WRITE+,pinned_raw_gloss_exact,LEARN,LEARN|WEEK|NIGHT|NAME|YEAR,False,False,0.010379189625382423,False
data/local/rit_citizen100_variant_audit/landmarks/YEAR/sign_102424.v17.npz,P20,YEAR,YEAR,B_02_015,YEAR,YEAR,pinned_raw_gloss_exact,YEAR,YEAR|MAKE|GIVE|TELL|FRIEND,True,True,0.8382477164268494,False
data/local/rit_citizen100_variant_audit/landmarks/YEAR/sign_78937.v17.npz,P13,YEAR,YEAR,B_02_015,YEAR,YEAR,pinned_raw_gloss_exact,YEAR,YEAR|MAKE|LEARN|DAY|HOW,True,True,0.8896785378456116,False
data/local/rit_citizen100_variant_audit/landmarks/YEAR/sign_92077.v17.npz,P18,YEAR,YEAR,B_02_015,YEAR,YEAR,pinned_raw_gloss_exact,YEAR,YEAR|LEARN|HOW|MAKE|FRIEND,True,True,0.35525014996528625,False
data/local/rit_citizen100_variant_audit/landmarks/YESTERDAY/sign_138486.v17.npz,P18,YESTERDAY,YESTERDAY,D_01_024,YESTERDAY,YESTERDAY,pinned_raw_gloss_exact,LEARN,LEARN|DAY|YEAR|MAN|ANSWER,False,False,0.006171564571559429,False
data/local/rit_citizen100_variant_audit/landmarks/YESTERDAY/sign_237573.v17.npz,P01,YESTERDAY,YESTERDAY,D_01_024,YESTERDAY,YESTERDAY,pinned_raw_gloss_exact,LEARN,LEARN|THINK|DAY|ANSWER|YEAR,False,False,0.010531235486268997,False
data/local/rit_citizen100_variant_audit/landmarks/YESTERDAY/sign_317189.v17.npz,P19,YESTERDAY,YESTERDAY,D_01_024,YESTERDAY,YESTERDAY,pinned_raw_gloss_exact,LEARN,LEARN|DAY|ANSWER|THINK|MAN,False,False,0.006778143346309662,False
data/local/rit_citizen100_variant_audit/landmarks/YESTERDAY/sign_74144.v17.npz,P03,YESTERDAY,YESTERDAY,D_01_024,YESTERDAY,YESTERDAY,pinned_raw_gloss_exact,YESTERDAY,YESTERDAY|LEARN|HOME|DRINK|TOMORROW,True,True,0.3046374022960663,False
data/local/rit_citizen100_variant_audit/landmarks/YESTERDAY/sign_80581.v17.npz,P13,YESTERDAY,YESTERDAY,D_01_024,YESTERDAY,YESTERDAY,pinned_raw_gloss_exact,LEARN,LEARN|ANSWER|FIND|TOMORROW|MAN,False,False,0.030099160969257355,False
data/local/rit_citizen100_variant_audit/landmarks/YESTERDAY/sign_89273.v17.npz,P17,YESTERDAY,YESTERDAY,D_01_024,YESTERDAY,YESTERDAY,pinned_raw_gloss_exact,LEARN,LEARN|THINK|DAY|YEAR|SICK,False,False,0.005767600145190954,False
