arm,epoch,connected_wer,connected_insertions,connected_deletions,familiar_wer,citizen_accuracy,semlex_accuracy,transition_false_emissions,o5s5_train_core,lg_core,steps,train_seconds
frozen,1,100.0,0,284,100.0,0.9523809523809523,0.852760736196319,0,0.37185929648241206,0.21052631578947367,110,21.967193833
frozen,2,100.0,0,284,100.0,0.9523809523809523,0.852760736196319,0,0.37185929648241206,0.21052631578947367,110,19.951190875
frozen,3,100.0,0,284,100.0,0.9523809523809523,0.852760736196319,0,0.37185929648241206,0.21052631578947367,110,17.067571292000004
frozen,4,100.0,0,284,100.0,0.9523809523809523,0.852760736196319,0,0.37185929648241206,0.21052631578947367,110,14.967283875000007
frozen,5,100.0,0,284,100.0,0.9523809523809523,0.852760736196319,0,0.37185929648241206,0.21052631578947367,110,17.792684625000007
frozen,6,100.0,0,284,100.0,0.9523809523809523,0.852760736196319,0,0.37185929648241206,0.21052631578947367,110,15.890949042000003
frozen,7,100.0,0,284,100.0,0.9523809523809523,0.852760736196319,0,0.37185929648241206,0.21052631578947367,110,15.000608208999978
frozen,8,100.0,0,284,100.0,0.9523809523809523,0.852760736196319,0,0.37185929648241206,0.21052631578947367,110,15.069699750000012
frozen,9,100.0,0,284,100.0,0.9523809523809523,0.852760736196319,0,0.37185929648241206,0.21052631578947367,110,15.776308959000005
frozen,10,100.0,0,284,100.0,0.9523809523809523,0.852760736196319,0,0.37185929648241206,0.21052631578947367,110,14.363923625000012
frozen,11,100.0,0,284,100.0,0.9523809523809523,0.852760736196319,0,0.37185929648241206,0.21052631578947367,110,14.60109754200002
frozen,12,100.0,0,284,100.0,0.9523809523809523,0.852760736196319,0,0.37185929648241206,0.21052631578947367,110,14.275173625000008
joint,1,100.0,0,284,100.0,0.9576719576719577,0.8578732106339468,0,0.49246231155778897,0.21052631578947367,110,52.260378084
joint,2,100.0,0,284,100.0,0.9576719576719577,0.8558282208588958,0,0.6130653266331658,0.19298245614035087,110,43.672423708
joint,3,100.0,0,284,100.0,0.9603174603174603,0.8568507157464212,0,0.6432160804020101,0.21052631578947367,110,43.74865449999999
joint,4,100.0,0,284,100.0,0.955026455026455,0.8548057259713702,0,0.7085427135678392,0.19298245614035087,110,42.421910083
joint,5,100.0,0,284,100.0,0.9576719576719577,0.8558282208588958,0,0.7537688442211056,0.21052631578947367,110,42.308384625
joint,6,100.0,0,284,100.0,0.9497354497354498,0.8558282208588958,0,0.7939698492462312,0.21052631578947367,110,43.466573958
joint,7,100.0,0,284,100.0,0.9470899470899471,0.8507157464212679,0,0.8040201005025126,0.22807017543859648,110,50.16494224999997
joint,8,100.0,0,284,100.0,0.955026455026455,0.8507157464212679,0,0.8341708542713567,0.21052631578947367,110,45.02992004199996
joint,9,100.0,0,284,100.0,0.955026455026455,0.8496932515337423,0,0.8492462311557789,0.22807017543859648,110,41.924711333000005
joint,10,100.0,0,284,100.0,0.9497354497354498,0.8568507157464212,0,0.8894472361809045,0.21052631578947367,110,39.906221125
joint,11,100.0,0,284,100.0,0.9470899470899471,0.8578732106339468,0,0.914572864321608,0.21052631578947367,110,41.814085041000055
joint,12,100.0,0,284,100.0,0.955026455026455,0.8599182004089979,0,0.9346733668341709,0.21052631578947367,110,41.17876220799997
