item_id,true_label,predicted_label,correct
local_audit/ANGRY/ANGRY_10,ANGRY,ANGRY,True
local_audit/ANGRY/8b3d2736,ANGRY,ANGRY,True
local_audit/ANGRY/57b93b85,ANGRY,EXCITED,False
local_audit/ANGRY/afd85bf7,ANGRY,EXCITED,False
local_audit/ANGRY/766ebe9e,ANGRY,ANGRY,True
local_audit/ANGRY/ae38897b,ANGRY,ANGRY,True
local_audit/ANGRY/20281937,ANGRY,EXCITED,False
local_audit/ANGRY/4bfed7fa,ANGRY,ANGRY,True
local_audit/ANGRY/b9a70dbf,ANGRY,ANGRY,True
local_audit/ANGRY/49d3ea81,ANGRY,ANGRY,True
local_audit/ANSWER/ANSWER_12,ANSWER,ANSWER,True
local_audit/ANSWER/f82d23cc,ANSWER,ANSWER,True
local_audit/ANSWER/8a965e49,ANSWER,GO,False
local_audit/ANSWER/cb0377be,ANSWER,ANSWER,True
local_audit/ANSWER/df4bcc27,ANSWER,HELP,False
local_audit/ANSWER/3348d5f1,ANSWER,ANSWER,True
local_audit/ANSWER/0c235bab,ANSWER,DIFFERENT,False
local_audit/ANSWER/2d4a7d50,ANSWER,WATER,False
local_audit/ANSWER/cc98f948,ANSWER,ANSWER,True
local_audit/ANSWER/b4d61271,ANSWER,GO,False
local_audit/ANSWER/bea78a75,ANSWER,ANSWER,True
local_audit/ANSWER/784dcaa9,ANSWER,WRITE,False
local_audit/ANSWER/1e3a6fcc,ANSWER,FRIEND,False
local_audit/ANSWER/6df5a28b,ANSWER,GO,False
local_audit/ASK/ASK_7,ASK,WHERE,False
local_audit/ASK/b248cd56,ASK,TOMORROW,False
local_audit/ASK/986fbf9b,ASK,ASK,True
local_audit/ASK/655e9d8d,ASK,ASK,True
local_audit/ASK/bbc3f389,ASK,WHERE,False
local_audit/ASK/427ef099,ASK,ASK,True
local_audit/ASK/8bac65fc,ASK,WHERE,False
local_audit/ASK/64a4dcf7,ASK,WHERE,False
local_audit/ASK/d06f4637,ASK,UNDERSTAND,False
local_audit/ASK/29fb9293,ASK,NO,False
local_audit/ASK/f1f4525f,ASK,NO,False
local_audit/ASK/1fcfd928,ASK,ASK,True
local_audit/ASK/5f66b7c6,ASK,YOU,False
local_audit/ASK/20ca03ad,ASK,ASK,True
local_audit/BAD/BAD_3,BAD,THANKYOU,False
local_audit/BAD/9e855da3,BAD,BAD,True
local_audit/BAD/419cf875,BAD,BAD,True
local_audit/BAD/7e4e25c1,BAD,EAT,False
local_audit/BAD/56153e3d,BAD,BAD,True
local_audit/BAD/a1b7f671,BAD,HOT,False
local_audit/BAD/625b8bf5,BAD,BAD,True
local_audit/BAD/86df7502,BAD,BAD,True
local_audit/BAD/26e52cbb,BAD,THANKYOU,False
local_audit/BAD/3ce897ef,BAD,BAD,True
local_audit/BAD/7e3ac1f2,BAD,BAD,True
local_audit/BAD/3cdd930d,BAD,BAD,True
local_audit/BAD/280e291e,BAD,THANKYOU,False
local_audit/BAD/16cc65c1,BAD,BAD,True
local_audit/BIG/ecb0b1fa,BIG,BIG,True
local_audit/BIG/541aa662,BIG,SMALL,False
local_audit/BIG/BIG_17,BIG,LEARN,False
local_audit/BIG/05d22988,BIG,READY,False
local_audit/BIG/d868afd3,BIG,SMALL,False
local_audit/BIG/b838f128,BIG,BIG,True
local_audit/BIG/dae4325c,BIG,MAYBE,False
local_audit/BIG/7371db0a,BIG,SMALL,False
local_audit/BIG/f704cf14,BIG,BIG,True
local_audit/CHILD/0cf98949,CHILD,LIKE,False
local_audit/CHILD/8b99626e,CHILD,CHILD,True
local_audit/CHILD/90c944c7,CHILD,CHILD,True
local_audit/CHILD/1e96e6bf,CHILD,CHILD,True
local_audit/CHILD/dd82cd4b,CHILD,CHILD,True
local_audit/CHILD/79b5732f,CHILD,FIND,False
local_audit/CHILD/82b33256,CHILD,CHILD,True
local_audit/CHILD/b87768e7,CHILD,WE,False
local_audit/CHILD/5f971654,CHILD,CHILD,True
local_audit/CHILD/2f2ca3ea,CHILD,CHILD,True
local_audit/CHILD/0e114497,CHILD,CHILD,True
local_audit/CHILD/6bebcd71,CHILD,CHILD,True
local_audit/CHILD/d9498936,CHILD,MAN,False
local_audit/CHILD/c9fa9921,CHILD,CHILD,True
local_audit/COLD/COLD_5,COLD,COLD,True
local_audit/COLD/69616c2e,COLD,COLD,True
local_audit/COLD/67974f89,COLD,TIRED,False
local_audit/COLD/373f88c2,COLD,COLD,True
local_audit/COLD/6a7a8c2d,COLD,COLD,True
local_audit/COLD/f67c76d0,COLD,COLD,True
local_audit/COLD/08ba23fd,COLD,MORE,False
local_audit/COLD/54ed9c2e,COLD,COLD,True
local_audit/COLD/cc3b3acd,COLD,COLD,True
local_audit/COLD/099116d5,COLD,COLD,True
local_audit/COLD/f505f25d,COLD,COLD,True
local_audit/COLD/ddbeff35,COLD,COLD,True
local_audit/COLD/061cab88,COLD,COLD,True
local_audit/COLD/f00e1b6e,COLD,COLD,True
local_audit/COME/COME_21,COME,NO,False
local_audit/COME/1f8fe617,COME,USE,False
local_audit/COME/987df0fa,COME,WE,False
local_audit/COME/483111a8,COME,SAME,False
local_audit/COME/70652b57,COME,TIRED,False
local_audit/COME/448df122,COME,DAY,False
local_audit/COME/59977557,COME,EASY,False
local_audit/COME/261f431b,COME,SIGN,False
local_audit/COME/9796564a,COME,NEED,False
local_audit/COME/ee1dd9fd,COME,THINK,False
local_audit/COME/c3e0e721,COME,DIFFERENT,False
local_audit/COME/b7aa7e04,COME,HOT,False
local_audit/COME/26cf1e41,COME,TRY,False
local_audit/COME/7c920601,COME,HOT,False
local_audit/DAY/abe26bfb,DAY,DAY,True
local_audit/DAY/d5c08cc6,DAY,DAY,True
local_audit/DAY/43c37bcb,DAY,DAY,True
local_audit/DAY/7314a8e3,DAY,DAY,True
local_audit/DAY/37c6ea78,DAY,DAY,True
local_audit/DAY/DAY_15,DAY,DAY,True
local_audit/DAY/0bc64a63,DAY,DAY,True
local_audit/DAY/706a0d59,DAY,DAY,True
local_audit/DAY/2b889194,DAY,DAY,True
local_audit/DAY/3de8350a,DAY,DAY,True
local_audit/DAY/9ede1224,DAY,DAY,True
local_audit/DAY/75bc7a53,DAY,DAY,True
local_audit/DAY/67db97ed,DAY,DAY,True
local_audit/DAY/3912a141,DAY,DAY,True
local_audit/DIFFERENT/DIFFERENT_14,DIFFERENT,DIFFERENT,True
local_audit/DIFFERENT/d8944599,DIFFERENT,DIFFERENT,True
local_audit/DIFFERENT/c14621ee,DIFFERENT,DIFFERENT,True
local_audit/DIFFERENT/8b411fdb,DIFFERENT,DIFFERENT,True
local_audit/DIFFERENT/e074a8d8,DIFFERENT,DIFFERENT,True
local_audit/DIFFERENT/770ba5db,DIFFERENT,DIFFERENT,True
local_audit/DIFFERENT/9380f745,DIFFERENT,DIFFERENT,True
local_audit/DIFFERENT/eb7461af,DIFFERENT,READY,False
local_audit/EASY/6d9163ca,EASY,EASY,True
local_audit/EASY/39b1cfb4,EASY,EASY,True
local_audit/EASY/9b233c01,EASY,EASY,True
local_audit/EASY/EASY_1,EASY,EASY,True
local_audit/EASY/e9e96647,EASY,EASY,True
local_audit/EASY/f04c92a6,EASY,EASY,True
local_audit/EASY/06947210,EASY,EASY,True
local_audit/EASY/41ad5e17,EASY,EASY,True
local_audit/EASY/53038e45,EASY,EASY,True
local_audit/EASY/29939199,EASY,EASY,True
local_audit/EASY/069c652d,EASY,EASY,True
local_audit/EXCITED/EXCITED_25,EXCITED,EXCITED,True
local_audit/EXCITED/20277f24,EXCITED,EXCITED,True
local_audit/EXCITED/6717093d,EXCITED,EXCITED,True
local_audit/EXCITED/9d5bc2ca,EXCITED,EXCITED,True
local_audit/EXCITED/5f995760,EXCITED,EXCITED,True
local_audit/EXCITED/38e7404e,EXCITED,EXCITED,True
local_audit/EXCITED/7c38fbff,EXCITED,EXCITED,True
local_audit/EXCITED/34215557,EXCITED,EXCITED,True
local_audit/EXCITED/1c1ef6ff,EXCITED,EXCITED,True
local_audit/EXCITED/9ab4907d,EXCITED,EXCITED,True
local_audit/FAMILY/cfc5ba04,FAMILY,FAMILY,True
local_audit/FAMILY/cc28268f,FAMILY,FAMILY,True
local_audit/FAMILY/FAMILY_1,FAMILY,FAMILY,True
local_audit/FAMILY/b3eb7cf2,FAMILY,FAMILY,True
local_audit/FAMILY/e0bae73b,FAMILY,FAMILY,True
local_audit/FAMILY/3f00140b,FAMILY,FAMILY,True
local_audit/FAMILY/2dd686d5,FAMILY,FAMILY,True
local_audit/FAMILY/e9e8d3b4,FAMILY,FAMILY,True
local_audit/FAMILY/5dcc4890,FAMILY,FAMILY,True
local_audit/FAMILY/650388d1,FAMILY,FAMILY,True
local_audit/FAMILY/60564a72,FAMILY,FAMILY,True
local_audit/FAMILY/ab20c03d,FAMILY,FAMILY,True
local_audit/FAMILY/1ade7e13,FAMILY,FAMILY,True
local_audit/FAMILY/831a87d2,FAMILY,FAMILY,True
local_audit/FATHER/15c4318a,FATHER,FATHER,True
local_audit/FATHER/9d0b7a51,FATHER,HELLO,False
local_audit/FATHER/e6b7fb57,FATHER,FATHER,True
local_audit/FATHER/bfb910eb,FATHER,FATHER,True
local_audit/FATHER/7d91602c,FATHER,HELLO,False
local_audit/FATHER/9a888450,FATHER,FATHER,True
local_audit/FATHER/bf504bcf,FATHER,FATHER,True
local_audit/FATHER/de177da7,FATHER,FATHER,True
local_audit/FATHER/a3cff7ae,FATHER,HELLO,False
local_audit/FATHER/1e4f4c0d,FATHER,FATHER,True
local_audit/FATHER/ae4036e0,FATHER,HELLO,False
local_audit/FATHER/46de335d,FATHER,FATHER,True
local_audit/FATHER/3415c217,FATHER,FATHER,True
local_audit/FATHER/9f051576,FATHER,FATHER,True
local_audit/FEEL/FEEL_1,FEEL,FEEL,True
local_audit/FEEL/8b13d750,FEEL,FEEL,True
local_audit/FEEL/0e1a8612,FEEL,SEE,False
local_audit/FEEL/76d25aed,FEEL,FEEL,True
local_audit/FEEL/22368f5e,FEEL,FIND,False
local_audit/FEEL/a6cc6d83,FEEL,FEEL,True
local_audit/FEEL/7821174d,FEEL,FEEL,True
local_audit/FEEL/dcb8fd03,FEEL,YOUR,False
local_audit/FEEL/4ce90b67,FEEL,YOUR,False
local_audit/FEEL/b1daae71,FEEL,FEEL,True
local_audit/FEEL/7e3e44c7,FEEL,YOUR,False
local_audit/FEEL/51fb409a,FEEL,WAIT,False
local_audit/FEEL/b029ec47,FEEL,NAME,False
local_audit/FEEL/c7c37ee2,FEEL,FEEL,True
local_audit/FRIEND/26b51918,FRIEND,LEARN,False
local_audit/FRIEND/c45f8383,FRIEND,WHEN,False
local_audit/FRIEND/6aa97372,FRIEND,FRIEND,True
local_audit/FRIEND/FRIEND_18,FRIEND,FRIEND,True
local_audit/FRIEND/3e8be475,FRIEND,FRIEND,True
local_audit/FRIEND/e9441a43,FRIEND,FRIEND,True
local_audit/FRIEND/0cc2c8b3,FRIEND,GOODBYE,False
local_audit/FRIEND/ab6886ef,FRIEND,FRIEND,True
local_audit/FRIEND/765d5d8d,FRIEND,FRIEND,True
local_audit/FRIEND/b48e6ce2,FRIEND,WHEN,False
local_audit/FRIEND/8005d3a3,FRIEND,FRIEND,True
local_audit/FRIEND/8b7eb3b9,FRIEND,FRIEND,True
local_audit/FRIEND/29f6ca08,FRIEND,FRIEND,True
local_audit/FRIEND/a5b23ccf,FRIEND,FRIEND,True
local_audit/GIVE/GIVE_10,GIVE,CHILD,False
local_audit/GIVE/63fc0ab7,GIVE,WE,False
local_audit/GIVE/76ffe842,GIVE,CHILD,False
local_audit/GIVE/cecbd9cd,GIVE,GIVE,True
local_audit/GIVE/0af0f57d,GIVE,GIVE,True
local_audit/GIVE/34ef8e27,GIVE,GIVE,True
local_audit/GIVE/9489c156,GIVE,GIVE,True
local_audit/GIVE/ca73513f,GIVE,GIVE,True
local_audit/GIVE/85ef5b35,GIVE,GIVE,True
local_audit/GIVE/3b44cb4e,GIVE,GIVE,True
local_audit/GIVE/29eb07dc,GIVE,CHILD,False
local_audit/GIVE/47568804,GIVE,SORRY,False
local_audit/GIVE/f0a492eb,GIVE,GIVE,True
local_audit/GIVE/fea0e6d6,GIVE,GIVE,True
local_audit/GO/GO_16,GO,DIFFERENT,False
local_audit/GO/b2626d6d,GO,DIFFERENT,False
local_audit/GO/16b9209a,GO,GO,True
local_audit/GO/b769fe8c,GO,DIFFERENT,False
local_audit/GO/c2c34780,GO,IMPORTANT,False
local_audit/GO/e1be8c5c,GO,WHEN,False
local_audit/GO/4e99f91f,GO,DIFFERENT,False
local_audit/GO/851556fa,GO,WHERE,False
local_audit/GO/9dac7e54,GO,DIFFERENT,False
local_audit/GO/b81f3217,GO,BIG,False
local_audit/GO/5ca07aa9,GO,DIFFERENT,False
local_audit/GO/41c5bff0,GO,WHEN,False
local_audit/GO/5589cf6f,GO,ANSWER,False
local_audit/GO/66db0698,GO,DIFFERENT,False
local_audit/GOOD/GOOD_14,GOOD,THANKYOU,False
local_audit/GOOD/7bfae277,GOOD,BAD,False
local_audit/GOOD/f7c56736,GOOD,BAD,False
local_audit/GOOD/2777363b,GOOD,THANKYOU,False
local_audit/GOOD/0c55869a,GOOD,EASY,False
local_audit/GOOD/eef19ff2,GOOD,BAD,False
local_audit/GOOD/2a5b6f72,GOOD,EASY,False
local_audit/GOOD/6e9d20d6,GOOD,SCHOOL,False
local_audit/GOOD/1892a63d,GOOD,THANKYOU,False
local_audit/GOOD/f4e505d2,GOOD,SMALL,False
local_audit/HAPPY/HAPPY_15,HAPPY,FEEL,False
local_audit/HAPPY/f4b9020f,HAPPY,HAPPY,True
local_audit/HAPPY/04b9bbfb,HAPPY,EXCITED,False
local_audit/HAPPY/07a3a0c9,HAPPY,FEEL,False
local_audit/HAPPY/72199624,HAPPY,HAPPY,True
local_audit/HAPPY/3b99f2b3,HAPPY,HAPPY,True
local_audit/HAPPY/34a08bb2,HAPPY,HAPPY,True
local_audit/HAPPY/3e8dcdf7,HAPPY,HAPPY,True
local_audit/HAPPY/722c8b0f,HAPPY,HAPPY,True
local_audit/HAPPY/204a86fd,HAPPY,EXCITED,False
local_audit/HAPPY/004afc9d,HAPPY,HAPPY,True
local_audit/HAPPY/0e4fa166,HAPPY,HAPPY,True
local_audit/HELLO/3f54b470,HELLO,HELLO,True
local_audit/HELLO/3b7c0905,HELLO,YOUR,False
local_audit/HELLO/48018880,HELLO,HELLO,True
local_audit/HELLO/22cbebc8,HELLO,HELLO,True
local_audit/HELLO/667f2790,HELLO,YOUR,False
local_audit/HELLO/31719383,HELLO,HELLO,True
local_audit/HELLO/6abcb97f,HELLO,THANKYOU,False
local_audit/HELLO/b87515b0,HELLO,HOT,False
local_audit/HELLO/05bde8c1,HELLO,YOUR,False
local_audit/HELLO/8192ef75,HELLO,YOUR,False
local_audit/HELLO/1aac2c4f,HELLO,THANKYOU,False
local_audit/HELLO/ca3a21c7,HELLO,HELLO,True
local_audit/HELLO/076e1727,HELLO,THANKYOU,False
local_audit/HELLO/329a2039,HELLO,YOUR,False
local_audit/HELP/276970e3,HELP,HELP,True
local_audit/HELP/HELP_15,HELP,WEEK,False
local_audit/HELP/ee094570,HELP,HELP,True
local_audit/HELP/50bf577a,HELP,TOMORROW,False
local_audit/HELP/24611cae,HELP,NIGHT,False
local_audit/HELP/5f97a288,HELP,HELP,True
local_audit/HELP/bdf2d0d0,HELP,HELP,True
local_audit/HELP/36192561,HELP,HELP,True
local_audit/HELP/7f7a14b8,HELP,HELP,True
local_audit/HELP/ebdb936a,HELP,HELP,True
local_audit/HELP/915a1be8,HELP,HELP,True
local_audit/HELP/44037af2,HELP,HELP,True
local_audit/HELP/a312d501,HELP,FEEL,False
local_audit/HELP/29c9e085,HELP,HELP,True
local_audit/HOT/HOT_1,HOT,HOT,True
local_audit/HOT/0470cc84,HOT,HOT,True
local_audit/HOT/4d378371,HOT,HOT,True
local_audit/HOT/b25fe1c7,HOT,HOT,True
local_audit/HOT/79d39652,HOT,HOT,True
local_audit/HOT/42f15bb6,HOT,EAT,False
local_audit/HOT/d9f7bdd6,HOT,HOT,True
local_audit/HOT/29978b8a,HOT,HOT,True
local_audit/HOT/8a2f4a9b,HOT,HOT,True
local_audit/HOT/eb0bc9fc,HOT,EAT,False
local_audit/HOT/ef29e834,HOT,HOT,True
local_audit/HOT/018ab8ba,HOT,HOT,True
local_audit/IMPORTANT/IMPORTANT_2,IMPORTANT,IMPORTANT,True
local_audit/IMPORTANT/2d585d5d,IMPORTANT,IMPORTANT,True
local_audit/IMPORTANT/0c263fd0,IMPORTANT,IMPORTANT,True
local_audit/IMPORTANT/38353e84,IMPORTANT,IMPORTANT,True
local_audit/IMPORTANT/1c184d77,IMPORTANT,IMPORTANT,True
local_audit/IMPORTANT/2b331b1a,IMPORTANT,IMPORTANT,True
local_audit/IMPORTANT/40a5a5bf,IMPORTANT,IMPORTANT,True
local_audit/IMPORTANT/9b957be4,IMPORTANT,IMPORTANT,True
local_audit/IMPORTANT/a0010097,IMPORTANT,IMPORTANT,True
local_audit/IMPORTANT/45f4d443,IMPORTANT,IMPORTANT,True
local_audit/IMPORTANT/671bad47,IMPORTANT,IMPORTANT,True
local_audit/IMPORTANT/6155cb06,IMPORTANT,IMPORTANT,True
local_audit/IMPORTANT/b3203530,IMPORTANT,IMPORTANT,True
local_audit/IMPORTANT/c59ab64b,IMPORTANT,IMPORTANT,True
local_audit/KNOW/dc9dc051,KNOW,KNOW,True
local_audit/KNOW/KNOW_14,KNOW,KNOW,True
local_audit/KNOW/b5497a7a,KNOW,KNOW,True
local_audit/KNOW/5eeab450,KNOW,KNOW,True
local_audit/KNOW/0f86409e,KNOW,KNOW,True
local_audit/KNOW/7f4f5860,KNOW,KNOW,True
local_audit/KNOW/82b43a7f,KNOW,KNOW,True
local_audit/KNOW/5d9c15f2,KNOW,KNOW,True
local_audit/KNOW/fa5a7b5d,KNOW,KNOW,True
local_audit/KNOW/fa393391,KNOW,KNOW,True
local_audit/KNOW/6e2dc6e8,KNOW,KNOW,True
local_audit/KNOW/d04c0573,KNOW,KNOW,True
local_audit/KNOW/3c947718,KNOW,KNOW,True
local_audit/KNOW/997793f7,KNOW,THINK,False
local_audit/LANGUAGE/cd2b6376,LANGUAGE,WHEN,False
local_audit/LANGUAGE/fc3542f4,LANGUAGE,LANGUAGE,True
local_audit/LANGUAGE/59406a55,LANGUAGE,DIFFERENT,False
local_audit/LANGUAGE/LANGUAGE_2,LANGUAGE,BIG,False
local_audit/LANGUAGE/408adee5,LANGUAGE,LANGUAGE,True
local_audit/LANGUAGE/3c87c13d,LANGUAGE,LANGUAGE,True
local_audit/LANGUAGE/7c4591e1,LANGUAGE,LANGUAGE,True
local_audit/LANGUAGE/3f01bca7,LANGUAGE,LANGUAGE,True
local_audit/LANGUAGE/a20522da,LANGUAGE,LANGUAGE,True
local_audit/LANGUAGE/2f6ba76a,LANGUAGE,TRY,False
local_audit/LANGUAGE/4bd70667,LANGUAGE,LANGUAGE,True
local_audit/LANGUAGE/4e7f4d3b,LANGUAGE,HOW,False
local_audit/LANGUAGE/62778a7d,LANGUAGE,LANGUAGE,True
local_audit/LANGUAGE/ed455327,LANGUAGE,LANGUAGE,True
local_audit/LEARN/e6634440,LEARN,LEARN,True
local_audit/LEARN/6dfc00f0,LEARN,LEARN,True
local_audit/LEARN/e77ffa4e,LEARN,KNOW,False
local_audit/LEARN/f17a160d,LEARN,LEARN,True
local_audit/LEARN/48db828c,LEARN,LEARN,True
local_audit/LEARN/LEARN_25,LEARN,LEARN,True
local_audit/LEARN/8c2716c3,LEARN,LEARN,True
local_audit/LEARN/2ed4e9ef,LEARN,LEARN,True
local_audit/LEARN/d5d19e67,LEARN,LEARN,True
local_audit/LEARN/122fd087,LEARN,LEARN,True
local_audit/LEARN/34e64ba1,LEARN,LEARN,True
local_audit/LEARN/3fcc070a,LEARN,LEARN,True
local_audit/LEARN/f7484b58,LEARN,LEARN,True
local_audit/LEARN/85a09218,LEARN,LEARN,True
local_audit/LESS/6db34606,LESS,LESS,True
local_audit/LESS/47f16fd8,LESS,LESS,True
local_audit/LESS/4addbb75,LESS,READ,False
local_audit/LESS/c35957fe,LESS,MORNING,False
local_audit/LESS/834509ab,LESS,LESS,True
local_audit/LESS/f24383b3,LESS,NIGHT,False
local_audit/LESS/e5cf4159,LESS,LESS,True
local_audit/LESS/ebd91c66,LESS,LESS,True
local_audit/LESS/712edbb9,LESS,EASY,False
local_audit/LESS/a8a10da7,LESS,LESS,True
local_audit/LESS/036948f6,LESS,MORE,False
local_audit/LESS/869e6889,LESS,LESS,True
local_audit/LESS/66f19f3b,LESS,GOODBYE,False
local_audit/LESS/62658705,LESS,LESS,True
local_audit/LIKE/LIKE_3,LIKE,FEEL,False
local_audit/LIKE/b408be60,LIKE,PLEASE,False
local_audit/LIKE/ea951476,LIKE,LIKE,True
local_audit/LIKE/54711808,LIKE,LIKE,True
local_audit/LIKE/80c84b6c,LIKE,LIKE,True
local_audit/LIKE/0bf1c58e,LIKE,LIKE,True
local_audit/LIKE/6c54239f,LIKE,LIKE,True
local_audit/LIKE/3ed440fe,LIKE,LIKE,True
local_audit/LIKE/76343bee,LIKE,LIKE,True
local_audit/LIKE/fc319525,LIKE,LIKE,True
local_audit/LIKE/38e3212c,LIKE,LIKE,True
local_audit/LIKE/d8b98be9,LIKE,LIKE,True
local_audit/LIKE/8bfb8260,LIKE,LIKE,True
local_audit/LIKE/ea1233a4,LIKE,LIKE,True
local_audit/LOVE/LOVE_8,LOVE,LOVE,True
local_audit/LOVE/83195aa7,LOVE,LOVE,True
local_audit/LOVE/37b98737,LOVE,LOVE,True
local_audit/LOVE/cf57962c,LOVE,LOVE,True
local_audit/LOVE/dd59f8de,LOVE,LOVE,True
local_audit/LOVE/ca65135d,LOVE,LOVE,True
local_audit/LOVE/45778722,LOVE,LOVE,True
local_audit/LOVE/023300d5,LOVE,LOVE,True
local_audit/LOVE/6ac4d71c,LOVE,LOVE,True
local_audit/LOVE/d6d891fa,LOVE,LOVE,True
local_audit/LOVE/de7ca5e9,LOVE,LOVE,True
local_audit/LOVE/b78b6425,LOVE,LOVE,True
local_audit/LOVE/bbaf0141,LOVE,LOVE,True
local_audit/LOVE/19fc72ae,LOVE,LOVE,True
local_audit/MAKE/e880ee91,MAKE,MAKE,True
local_audit/MAKE/a1b2dc87,MAKE,MAKE,True
local_audit/MAKE/MAKE_25,MAKE,MAKE,True
local_audit/MAKE/adfcd4f3,MAKE,YEAR,False
local_audit/MAKE/33a65808,MAKE,YEAR,False
local_audit/MAKE/e17800b6,MAKE,MAKE,True
local_audit/MAKE/af42d6ff,MAKE,MAKE,True
local_audit/MAKE/ac891966,MAKE,YEAR,False
local_audit/MAKE/1c4674b2,MAKE,MAKE,True
local_audit/MAKE/de58b167,MAKE,YEAR,False
local_audit/MAKE/28ad1047,MAKE,MAKE,True
local_audit/MAKE/a8e51766,MAKE,YEAR,False
local_audit/MAKE/592b4835,MAKE,YEAR,False
local_audit/MAKE/439c407b,MAKE,MAKE,True
local_audit/MAN/9bd0f908,MAN,WOMAN,False
local_audit/MAN/7cd419c8,MAN,MAN,True
local_audit/MAN/dd8f55a4,MAN,MAN,True
local_audit/MAN/bfc903df,MAN,MAN,True
local_audit/MAN/99984b1c,MAN,MAN,True
local_audit/MAN/28376699,MAN,MAN,True
local_audit/MAN/8dca8c78,MAN,MAN,True
local_audit/MAN/b6173909,MAN,MAN,True
local_audit/MAN/8cac8b38,MAN,MAN,True
local_audit/MAN/63199b2c,MAN,MAN,True
local_audit/MAYBE/30135481,MAYBE,MAYBE,True
local_audit/MAYBE/67fca880,MAYBE,MAYBE,True
local_audit/MAYBE/0416d58e,MAYBE,MAYBE,True
local_audit/MAYBE/b46eb625,MAYBE,MAYBE,True
local_audit/MAYBE/0a4ebdb1,MAYBE,WAIT,False
local_audit/MAYBE/441b9898,MAYBE,MAYBE,True
local_audit/MAYBE/02da4874,MAYBE,MAYBE,True
local_audit/MAYBE/eea67d8f,MAYBE,MAYBE,True
local_audit/MAYBE/02f8e01f,MAYBE,MAYBE,True
local_audit/MAYBE/6cb6e428,MAYBE,MAYBE,True
local_audit/MAYBE/28554f8b,MAYBE,MAYBE,True
local_audit/MAYBE/4974b158,MAYBE,MAYBE,True
local_audit/MAYBE/8ce7f2b4,MAYBE,MAYBE,True
local_audit/MAYBE/62d8a191,MAYBE,MAYBE,True
local_audit/MORE/2e3262ee,MORE,MORE,True
local_audit/MORE/fe925fb7,MORE,MORE,True
local_audit/MORE/c2cf58aa,MORE,MORE,True
local_audit/MORE/b8f257c8,MORE,MORE,True
local_audit/MORE/5ef7d69f,MORE,MORE,True
local_audit/MORE/070bf803,MORE,MORE,True
local_audit/MORE/f5b742f3,MORE,MORE,True
local_audit/MORE/8a6b5804,MORE,MORE,True
local_audit/MORE/1ea6300e,MORE,MORE,True
local_audit/MORE/d827c37f,MORE,MORE,True
local_audit/MORE/c547c989,MORE,MORE,True
local_audit/MORE/d4ccaafa,MORE,MORE,True
local_audit/MORE/d4df2d72,MORE,MORE,True
local_audit/MORE/037df209,MORE,MORE,True
local_audit/MORNING/17d784c5,MORNING,MORNING,True
local_audit/MORNING/c2698524,MORNING,MORNING,True
local_audit/MORNING/54565e7c,MORNING,MORNING,True
local_audit/MORNING/MORNING_16,MORNING,MORNING,True
local_audit/MORNING/49083c25,MORNING,LEARN,False
local_audit/MORNING/d6b9ada8,MORNING,MORNING,True
local_audit/MORNING/6bdad100,MORNING,MORNING,True
local_audit/MORNING/fd36dc77,MORNING,MORNING,True
local_audit/MORNING/d3a2bdf9,MORNING,MORNING,True
local_audit/MORNING/b364f484,MORNING,MORNING,True
local_audit/MORNING/20266e82,MORNING,MORNING,True
local_audit/MORNING/7ada2f2e,MORNING,MORNING,True
local_audit/MORNING/030b15cd,MORNING,MORNING,True
local_audit/MORNING/6c6af202,MORNING,MORNING,True
local_audit/MOTHER/b0644df4,MOTHER,WATER,False
local_audit/MOTHER/f8859389,MOTHER,MOTHER,True
local_audit/MOTHER/da80928d,MOTHER,MOTHER,True
local_audit/MOTHER/9606e3e8,MOTHER,MOTHER,True
local_audit/MOTHER/47637c15,MOTHER,MOTHER,True
local_audit/MOTHER/c41516e0,MOTHER,MOTHER,True
local_audit/MOTHER/ec713660,MOTHER,MOTHER,True
local_audit/MOTHER/3740cdac,MOTHER,MOTHER,True
local_audit/MOTHER/c4ed1f61,MOTHER,MOTHER,True
local_audit/MOTHER/45df18ff,MOTHER,MOTHER,True
local_audit/MOTHER/338797af,MOTHER,MOTHER,True
local_audit/MOTHER/17be5522,MOTHER,MOTHER,True
local_audit/MOTHER/d4e7ce73,MOTHER,MOTHER,True
local_audit/MOTHER/283fba17,MOTHER,MOTHER,True
local_audit/MY/MY_1,MY,MY,True
local_audit/MY/3415c765,MY,MY,True
local_audit/MY/fe87457e,MY,OUR,False
local_audit/MY/5b617711,MY,PLEASE,False
local_audit/MY/e5346369,MY,MY,True
local_audit/MY/0a7dc0f7,MY,PLEASE,False
local_audit/MY/2127cb77,MY,PLEASE,False
local_audit/MY/da678ffa,MY,OUR,False
local_audit/MY/a959088f,MY,MY,True
local_audit/MY/e1928a36,MY,LIKE,False
local_audit/MY/b53359e6,MY,MY,True
local_audit/MY/96445b95,MY,PLEASE,False
local_audit/MY/14de50e3,MY,PLEASE,False
local_audit/MY/4074bea9,MY,MY,True
local_audit/NAME/315d535c,NAME,NAME,True
local_audit/NAME/NAME_6,NAME,NAME,True
local_audit/NAME/03b53ad8,NAME,NAME,True
local_audit/NAME/e71e5c85,NAME,NAME,True
local_audit/NAME/2f9cdf31,NAME,NAME,True
local_audit/NAME/4c30551e,NAME,NAME,True
local_audit/NAME/db9a5e8a,NAME,NIGHT,False
local_audit/NAME/150b70b4,NAME,NAME,True
local_audit/NAME/ec1d980b,NAME,NAME,True
local_audit/NAME/7c0d67d2,NAME,NAME,True
local_audit/NAME/63256a69,NAME,NAME,True
local_audit/NAME/86c7be2c,NAME,NAME,True
local_audit/NAME/bfa7ecbd,NAME,NAME,True
local_audit/NAME/0406f2ac,NAME,SCHOOL,False
local_audit/NEED/NEED_1,NEED,NEED,True
local_audit/NEED/24c441eb,NEED,TOMORROW,False
local_audit/NEED/2167582c,NEED,NEED,True
local_audit/NEED/ee316514,NEED,TOMORROW,False
local_audit/NEED/4d977590,NEED,WHO,False
local_audit/NEED/b9f67bb8,NEED,NEED,True
local_audit/NEED/1812038d,NEED,HOSPITAL,False
local_audit/NEED/ca314769,NEED,NEED,True
local_audit/NEED/877374a7,NEED,NEED,True
local_audit/NEED/47432b82,NEED,NEED,True
local_audit/NEED/0371d386,NEED,NEED,True
local_audit/NEED/7bd5f010,NEED,NEED,True
local_audit/NO/NO_7,NO,NO,True
local_audit/NO/f9d6d502,NO,CHILD,False
local_audit/NO/5285fdba,NO,NO,True
local_audit/NO/afa4a312,NO,NO,True
local_audit/NO/8b8d48f8,NO,NO,True
local_audit/NO/eb074895,NO,WHY,False
local_audit/NO/3792f0fe,NO,NO,True
local_audit/NO/4ba543cf,NO,NO,True
local_audit/NO/6f816887,NO,NO,True
local_audit/NO/9f4510b9,NO,NO,True
local_audit/NO/006f313c,NO,NO,True
local_audit/NO/ff436529,NO,NO,True
local_audit/NO/a5c03c75,NO,WHERE,False
local_audit/NO/cae24723,NO,GOODBYE,False
local_audit/NOW/451467eb,NOW,TRY,False
local_audit/NOW/ee0c6eac,NOW,TRY,False
local_audit/NOW/7eaa0852,NOW,NOW,True
local_audit/NOW/NOW_8,NOW,NOW,True
local_audit/NOW/cfa39b8f,NOW,NOW,True
local_audit/NOW/d374d8ca,NOW,TRY,False
local_audit/NOW/b971e7ae,NOW,TRY,False
local_audit/NOW/f6df6745,NOW,BIG,False
local_audit/NOW/82bf699c,NOW,TRY,False
local_audit/NOW/a5fd0c91,NOW,NOW,True
local_audit/NOW/7c0109a5,NOW,BIG,False
local_audit/NOW/e97f00ef,NOW,NOW,True
local_audit/NOW/9edf0295,NOW,NOW,True
local_audit/NOW/ab5fd457,NOW,NOW,True
local_audit/OUR/3dc7518e,OUR,OUR,True
local_audit/OUR/OUR_3,OUR,OUR,True
local_audit/OUR/e5008330,OUR,OUR,True
local_audit/OUR/0567ec81,OUR,OUR,True
local_audit/OUR/e9fcd683,OUR,SMALL,False
local_audit/OUR/3141a11d,OUR,OUR,True
local_audit/OUR/8681bdaf,OUR,OUR,True
local_audit/OUR/d3f5f101,OUR,MAYBE,False
local_audit/OUR/7b7be073,OUR,OUR,True
local_audit/OUR/56e720e5,OUR,OUR,True
local_audit/OUR/dcd895e8,OUR,OUR,True
local_audit/OUR/a62d7f24,OUR,OUR,True
local_audit/OUR/c57a9486,OUR,HAPPY,False
local_audit/OUR/361f629c,OUR,OUR,True
local_audit/PLEASE/83e982ca,PLEASE,PLEASE,True
local_audit/PLEASE/79f23b5b,PLEASE,PLEASE,True
local_audit/PLEASE/dac36d83,PLEASE,PLEASE,True
local_audit/PLEASE/2a4d9720,PLEASE,PLEASE,True
local_audit/PLEASE/8de6f6e7,PLEASE,PLEASE,True
local_audit/PLEASE/9e96ca52,PLEASE,PLEASE,True
local_audit/PLEASE/d7c0e303,PLEASE,PLEASE,True
local_audit/PLEASE/dc962d6f,PLEASE,PLEASE,True
local_audit/PLEASE/893f13f0,PLEASE,PLEASE,True
local_audit/PLEASE/55a2f5fc,PLEASE,PLEASE,True
local_audit/PLEASE/13b891bd,PLEASE,WOMAN,False
local_audit/PLEASE/12468cb9,PLEASE,PLEASE,True
local_audit/PLEASE/ede9d3fd,PLEASE,PLEASE,True
local_audit/PLEASE/988b754b,PLEASE,PLEASE,True
local_audit/READ/5f3588d6,READ,SICK,False
local_audit/READ/6560d709,READ,READ,True
local_audit/READ/9213fd2c,READ,READ,True
local_audit/READ/READ_13,READ,WEEK,False
local_audit/READ/6b9ad097,READ,READ,True
local_audit/READ/22674dd4,READ,READ,True
local_audit/READ/d15c1609,READ,READ,True
local_audit/READ/20436b24,READ,IMPORTANT,False
local_audit/READ/0f4100f1,READ,NAME,False
local_audit/READ/cdb68510,READ,READ,True
local_audit/READ/9caeac0e,READ,UNDERSTAND,False
local_audit/READ/f7acb9e8,READ,WRITE,False
local_audit/READ/cb1b6cf3,READ,READ,True
local_audit/READ/6e7c1f1f,READ,READ,True
local_audit/READY/READY_6,READY,WHERE,False
local_audit/READY/15cb7d89,READY,READY,True
local_audit/READY/ba08a4e0,READY,READY,True
local_audit/READY/dd50d186,READY,READY,True
local_audit/READY/43a4ff43,READY,READY,True
local_audit/READY/01db0a12,READY,READY,True
local_audit/READY/51b839f4,READY,READY,True
local_audit/READY/65849cac,READY,READY,True
local_audit/READY/ce0b6036,READY,READY,True
local_audit/READY/b0fa719f,READY,DIFFERENT,False
local_audit/READY/708fdebe,READY,READY,True
local_audit/READY/bda1e90a,READY,READY,True
local_audit/READY/221d4adb,READY,READY,True
local_audit/READY/5abcc907,READY,READY,True
local_audit/SAD/SAD_22,SAD,SAD,True
local_audit/SAD/384dc0a8,SAD,SAD,True
local_audit/SAD/3ad299ca,SAD,SAD,True
local_audit/SAD/5252d5c3,SAD,SAD,True
local_audit/SAD/e713c701,SAD,SAD,True
local_audit/SAD/e3cc9847,SAD,SAD,True
local_audit/SAD/109cd38d,SAD,SAD,True
local_audit/SAD/785c84da,SAD,SAD,True
local_audit/SAD/5a5de8ae,SAD,SAD,True
local_audit/SAD/73bd55b7,SAD,SAD,True
local_audit/SAD/25793182,SAD,SAD,True
local_audit/SAD/485b0a78,SAD,SAD,True
local_audit/SAD/29db69f3,SAD,SAD,True
local_audit/SAD/87718520,SAD,SAD,True
local_audit/SCHOOL/74c7254b,SCHOOL,SCHOOL,True
local_audit/SCHOOL/1d957a15,SCHOOL,OUR,False
local_audit/SCHOOL/SCHOOL_14,SCHOOL,SCHOOL,True
local_audit/SCHOOL/9de273c4,SCHOOL,SCHOOL,True
local_audit/SCHOOL/ef2333ee,SCHOOL,MORNING,False
local_audit/SCHOOL/4d29ad86,SCHOOL,LESS,False
local_audit/SCHOOL/6374d3a4,SCHOOL,DAY,False
local_audit/SCHOOL/c83f8bef,SCHOOL,LEARN,False
local_audit/SCHOOL/7230a6b0,SCHOOL,SCHOOL,True
local_audit/SCHOOL/5adc228c,SCHOOL,CHILD,False
local_audit/SCHOOL/15f9a525,SCHOOL,SCHOOL,True
local_audit/SCHOOL/f8b7ade5,SCHOOL,SCHOOL,True
local_audit/SCHOOL/74b460a4,SCHOOL,SCHOOL,True
local_audit/SCHOOL/7a14a902,SCHOOL,SCHOOL,True
local_audit/SEE/SEE_1,SEE,SEE,True
local_audit/SEE/a6415e4d,SEE,SEE,True
local_audit/SEE/1321837e,SEE,SEE,True
local_audit/SEE/5653eb74,SEE,SEE,True
local_audit/SEE/bca10bb6,SEE,SEE,True
local_audit/SEE/1d7d2995,SEE,SEE,True
local_audit/SEE/33d7e40a,SEE,SEE,True
local_audit/SIGN/9dc6d501,SIGN,READY,False
local_audit/SIGN/65766782,SIGN,GO,False
local_audit/SIGN/SIGN_12,SIGN,DIFFERENT,False
local_audit/SIGN/55f64aad,SIGN,LESS,False
local_audit/SIGN/459419b2,SIGN,DIFFERENT,False
local_audit/SIGN/3bdaa9db,SIGN,BIG,False
local_audit/SIGN/7355babc,SIGN,SIGN,True
local_audit/SIGN/849b6c49,SIGN,BIG,False
local_audit/SIGN/ff5ce720,SIGN,LANGUAGE,False
local_audit/SIGN/2b69c9b2,SIGN,LANGUAGE,False
local_audit/SIGN/73b6d571,SIGN,DIFFERENT,False
local_audit/SIGN/aeb0b011,SIGN,BIG,False
local_audit/SIGN/3bfcaa3d,SIGN,LANGUAGE,False
local_audit/SIGN/9ed002dd,SIGN,BIG,False
local_audit/SLEEP/SLEEP_1,SLEEP,SLEEP,True
local_audit/SLEEP/c0125a61,SLEEP,MORNING,False
local_audit/SLEEP/a84a3f96,SLEEP,SLEEP,True
local_audit/SLEEP/693acaa6,SLEEP,SLEEP,True
local_audit/SLEEP/e356135d,SLEEP,SLEEP,True
local_audit/SLEEP/b91d77e5,SLEEP,SLEEP,True
local_audit/SLEEP/8dc5182f,SLEEP,SLEEP,True
local_audit/SLEEP/4470d677,SLEEP,MORNING,False
local_audit/SLEEP/d36902b3,SLEEP,SLEEP,True
local_audit/SLEEP/eeb80f44,SLEEP,SLEEP,True
local_audit/SMALL/SMALL_25,SMALL,SMALL,True
local_audit/SMALL/db9fbf0b,SMALL,SMALL,True
local_audit/SMALL/34127323,SMALL,MAYBE,False
local_audit/SMALL/7bc56866,SMALL,SMALL,True
local_audit/SMALL/47610822,SMALL,SMALL,True
local_audit/SMALL/ffe00b7f,SMALL,MAYBE,False
local_audit/SMALL/5e1891a7,SMALL,SMALL,True
local_audit/SMALL/f363b423,SMALL,SMALL,True
local_audit/SMALL/e4c6b8f2,SMALL,SMALL,True
local_audit/SMALL/8e631ca1,SMALL,SMALL,True
local_audit/SORRY/c01ace66,SORRY,SORRY,True
local_audit/SORRY/b95547da,SORRY,SORRY,True
local_audit/SORRY/d60c0bee,SORRY,SORRY,True
local_audit/SORRY/ac8bc577,SORRY,SORRY,True
local_audit/SORRY/42b58cd0,SORRY,SORRY,True
local_audit/SORRY/f75da5ec,SORRY,SORRY,True
local_audit/SORRY/b549a171,SORRY,SORRY,True
local_audit/SORRY/f100b6f2,SORRY,SORRY,True
local_audit/SORRY/dba4cf69,SORRY,SORRY,True
local_audit/SORRY/f26589b9,SORRY,SORRY,True
local_audit/SORRY/3c5583ba,SORRY,SORRY,True
local_audit/SORRY/d0784bc1,SORRY,SORRY,True
local_audit/SORRY/d8b3838f,SORRY,SORRY,True
local_audit/SORRY/45d7eb91,SORRY,SORRY,True
local_audit/STOP/7c56ae76,STOP,SCHOOL,False
local_audit/STOP/86f8bee5,STOP,STOP,True
local_audit/STOP/02e90ff1,STOP,NIGHT,False
local_audit/STOP/4ea8cc7c,STOP,NAME,False
local_audit/STOP/9008ad43,STOP,LESS,False
local_audit/STOP/STOP_3,STOP,USE,False
local_audit/STOP/913e98e5,STOP,USE,False
local_audit/STOP/d4487642,STOP,SCHOOL,False
local_audit/STOP/2e2866f1,STOP,STOP,True
local_audit/STOP/e7534705,STOP,NIGHT,False
local_audit/STOP/3284862e,STOP,LESS,False
local_audit/STOP/98731a28,STOP,LEARN,False
local_audit/STOP/480c6717,STOP,STOP,True
local_audit/STOP/8a5e72f0,STOP,STOP,True
local_audit/TAKE/TAKE_1,TAKE,TAKE,True
local_audit/TAKE/ff31c59b,TAKE,OUR,False
local_audit/TAKE/145e56ab,TAKE,WORK,False
local_audit/TAKE/58aed423,TAKE,LIKE,False
local_audit/TAKE/f908808f,TAKE,HOSPITAL,False
local_audit/TAKE/1f6983cc,TAKE,TAKE,True
local_audit/TAKE/63669b6b,TAKE,TAKE,True
local_audit/TAKE/6e991819,TAKE,TAKE,True
local_audit/TAKE/2d459d34,TAKE,WORK,False
local_audit/TAKE/6ac4b5b5,TAKE,YES,False
local_audit/TAKE/f7018bc9,TAKE,TAKE,True
local_audit/TAKE/b96e3111,TAKE,SORRY,False
local_audit/TAKE/2f270da7,TAKE,YES,False
local_audit/TELL/TELL_3,TELL,TELL,True
local_audit/TELL/5223494b,TELL,TELL,True
local_audit/TELL/51624f93,TELL,TELL,True
local_audit/TELL/88f73351,TELL,TELL,True
local_audit/TELL/c364df3f,TELL,TELL,True
local_audit/TELL/312a4049,TELL,TELL,True
local_audit/TELL/f4db574a,TELL,TELL,True
local_audit/TELL/d107b5e2,TELL,TELL,True
local_audit/TELL/b141e293,TELL,TELL,True
local_audit/TELL/28733d2e,TELL,TELL,True
local_audit/TELL/4893d922,TELL,TELL,True
local_audit/TELL/1962130e,TELL,TELL,True
local_audit/TELL/1ae73c85,TELL,TELL,True
local_audit/TELL/854b6d9e,TELL,TELL,True
local_audit/THANKYOU/a9c96653,THANKYOU,BAD,False
local_audit/THANKYOU/f5e9102a,THANKYOU,THANKYOU,True
local_audit/THANKYOU/311e5918,THANKYOU,THANKYOU,True
local_audit/THANKYOU/194924c0,THANKYOU,THANKYOU,True
local_audit/THANKYOU/bfef99b8,THANKYOU,THANKYOU,True
local_audit/THANKYOU/12cd9543,THANKYOU,BAD,False
local_audit/THANKYOU/dafc6271,THANKYOU,THANKYOU,True
local_audit/THANKYOU/5d7dc934,THANKYOU,THANKYOU,True
local_audit/THANKYOU/20a7bb0c,THANKYOU,THANKYOU,True
local_audit/THANKYOU/76b340b8,THANKYOU,THANKYOU,True
local_audit/THANKYOU/1a00c734,THANKYOU,THANKYOU,True
local_audit/THANKYOU/bbe85cc2,THANKYOU,THANKYOU,True
local_audit/THANKYOU/d0c7f190,THANKYOU,THANKYOU,True
local_audit/THANKYOU/574779f9,THANKYOU,GOOD,False
local_audit/THINK/THINK_1,THINK,THINK,True
local_audit/THINK/d1e762a3,THINK,THINK,True
local_audit/THINK/5f9bc080,THINK,THINK,True
local_audit/THINK/ea1fc3dc,THINK,THINK,True
local_audit/THINK/70e625b5,THINK,THINK,True
local_audit/THINK/54363655,THINK,THINK,True
local_audit/THINK/e4667c75,THINK,SEE,False
local_audit/THINK/1243c9b7,THINK,THINK,True
local_audit/THINK/03c2afe8,THINK,THINK,True
local_audit/THINK/5914de3b,THINK,THINK,True
local_audit/THINK/be523ee9,THINK,THINK,True
local_audit/THINK/9389e9a8,THINK,THINK,True
local_audit/THINK/042a68ae,THINK,THINK,True
local_audit/THINK/a16d4181,THINK,THINK,True
local_audit/TIME/95ab1c0c,TIME,WHEN,False
local_audit/TIME/040e25b9,TIME,TIME,True
local_audit/TIME/dcd4ae1c,TIME,TIME,True
local_audit/TIME/51f4755d,TIME,TIME,True
local_audit/TIME/f6603516,TIME,TIME,True
local_audit/TIME/TIME_7,TIME,TIME,True
local_audit/TIME/f5fe22a2,TIME,YOU,False
local_audit/TIME/4c513a40,TIME,TIME,True
local_audit/TIME/0c6dbe48,TIME,TIME,True
local_audit/TIME/5c2a4ba9,TIME,TIME,True
local_audit/TIME/0605e2b3,TIME,TIME,True
local_audit/TIME/9c15b859,TIME,TIME,True
local_audit/TIME/1b647747,TIME,TIME,True
local_audit/TIME/5c9d600a,TIME,TIME,True
local_audit/TIRED/TIRED_24,TIRED,TIRED,True
local_audit/TIRED/431d7511,TIRED,TIRED,True
local_audit/TIRED/8a54637a,TIRED,TIRED,True
local_audit/TIRED/54ff7ec7,TIRED,TIRED,True
local_audit/TIRED/b2c30492,TIRED,TIRED,True
local_audit/TIRED/bec0730c,TIRED,TIRED,True
local_audit/TIRED/64f794d7,TIRED,TIRED,True
local_audit/TIRED/225f7041,TIRED,TIRED,True
local_audit/TIRED/08691e67,TIRED,TIRED,True
local_audit/TIRED/cf4e9a69,TIRED,TIRED,True
local_audit/TIRED/62acbc57,TIRED,TIRED,True
local_audit/TIRED/4c8bf164,TIRED,TIRED,True
local_audit/TIRED/12787c85,TIRED,TIRED,True
local_audit/TIRED/2b6ae2ea,TIRED,TIRED,True
local_audit/TOMORROW/TOMORROW_13,TOMORROW,TOMORROW,True
local_audit/TOMORROW/718e6553,TOMORROW,TOMORROW,True
local_audit/TOMORROW/9570e0e7,TOMORROW,WHO,False
local_audit/TOMORROW/025c5a9d,TOMORROW,TOMORROW,True
local_audit/TOMORROW/867221fc,TOMORROW,TOMORROW,True
local_audit/TOMORROW/b8c83b79,TOMORROW,TOMORROW,True
local_audit/TOMORROW/9f05e5da,TOMORROW,TOMORROW,True
local_audit/TOMORROW/a03d50d4,TOMORROW,YES,False
local_audit/TOMORROW/7be75437,TOMORROW,TOMORROW,True
local_audit/TOMORROW/52b5a9a6,TOMORROW,TOMORROW,True
local_audit/TOMORROW/f8711e0a,TOMORROW,TOMORROW,True
local_audit/TOMORROW/998a1c96,TOMORROW,TOMORROW,True
local_audit/TOMORROW/01468c17,TOMORROW,TOMORROW,True
local_audit/TOMORROW/62c85474,TOMORROW,TOMORROW,True
local_audit/TRY/99aa59c2,TRY,TRY,True
local_audit/TRY/4c2cda12,TRY,TRY,True
local_audit/TRY/806c82ad,TRY,TRY,True
local_audit/TRY/TRY_6,TRY,BIG,False
local_audit/TRY/9bec5856,TRY,TRY,True
local_audit/TRY/55cdb9ca,TRY,TRY,True
local_audit/TRY/dc53d1f0,TRY,TRY,True
local_audit/TRY/a8cd2bf8,TRY,TRY,True
local_audit/TRY/559d75ad,TRY,TRY,True
local_audit/TRY/6e52879b,TRY,TRY,True
local_audit/TRY/47881b49,TRY,TRY,True
local_audit/TRY/71de4bf8,TRY,TRY,True
local_audit/TRY/f3adefed,TRY,TRY,True
local_audit/TRY/121dda94,TRY,TRY,True
local_audit/UNDERSTAND/UNDERSTAND_3,UNDERSTAND,UNDERSTAND,True
local_audit/UNDERSTAND/e6a986e1,UNDERSTAND,KNOW,False
local_audit/UNDERSTAND/7cf29ca6,UNDERSTAND,UNDERSTAND,True
local_audit/UNDERSTAND/638dd5c5,UNDERSTAND,WHERE,False
local_audit/UNDERSTAND/a53d97d0,UNDERSTAND,UNDERSTAND,True
local_audit/UNDERSTAND/8475e36a,UNDERSTAND,THINK,False
local_audit/UNDERSTAND/3f373fcc,UNDERSTAND,UNDERSTAND,True
local_audit/UNDERSTAND/918d41f4,UNDERSTAND,UNDERSTAND,True
local_audit/UNDERSTAND/98aff889,UNDERSTAND,UNDERSTAND,True
local_audit/USE/fc41ed03,USE,USE,True
local_audit/USE/USE_21,USE,USE,True
local_audit/USE/2d94b57c,USE,READ,False
local_audit/USE/b379b4de,USE,USE,True
local_audit/USE/803631e5,USE,USE,True
local_audit/USE/ab2b8efd,USE,DIFFERENT,False
local_audit/USE/3b502a7f,USE,USE,True
local_audit/USE/84b9853f,USE,USE,True
local_audit/USE/f90342f9,USE,USE,True
local_audit/USE/8702d030,USE,DIFFERENT,False
local_audit/USE/1be22c38,USE,USE,True
local_audit/USE/cc9fe209,USE,WHEN,False
local_audit/USE/22238130,USE,USE,True
local_audit/USE/d824b2b2,USE,USE,True
local_audit/WAIT/WAIT_25,WAIT,SAD,False
local_audit/WAIT/a43479b4,WAIT,WAIT,True
local_audit/WAIT/d065b8fe,WAIT,WAIT,True
local_audit/WAIT/f2008e38,WAIT,CHILD,False
local_audit/WAIT/0d435e37,WAIT,WAIT,True
local_audit/WAIT/1928f4d9,WAIT,WAIT,True
local_audit/WAIT/eff2e103,WAIT,MAYBE,False
local_audit/WAIT/645bc18c,WAIT,MORNING,False
local_audit/WAIT/e84f3b3f,WAIT,WAIT,True
local_audit/WAIT/761a92b0,WAIT,WAIT,True
local_audit/WAIT/d43516d0,WAIT,WAIT,True
local_audit/WAIT/6772069c,WAIT,WAIT,True
local_audit/WAIT/41c3f1a9,WAIT,WAIT,True
local_audit/WAIT/af286d1b,WAIT,WAIT,True
local_audit/WATER/WATER_17,WATER,WATER,True
local_audit/WATER/7582ea1c,WATER,WATER,True
local_audit/WATER/f882b0aa,WATER,FATHER,False
local_audit/WATER/fb2dc943,WATER,WATER,True
local_audit/WATER/c42905e5,WATER,WATER,True
local_audit/WATER/aaa03230,WATER,WATER,True
local_audit/WATER/a2ce92f7,WATER,WATER,True
local_audit/WATER/8b9c5f7d,WATER,MOTHER,False
local_audit/WATER/7f60c61f,WATER,WATER,True
local_audit/WATER/ab9d441d,WATER,WATER,True
local_audit/WATER/866d6b9d,WATER,WATER,True
local_audit/WATER/f4d5b340,WATER,WATER,True
local_audit/WATER/25dc2d93,WATER,SMALL,False
local_audit/WATER/8a268911,WATER,WATER,True
local_audit/WEEK/WEEK_16,WEEK,WEEK,True
local_audit/WEEK/61145b69,WEEK,WEEK,True
local_audit/WEEK/2796c9d7,WEEK,WEEK,True
local_audit/WEEK/c64f4c0b,WEEK,WRITE,False
local_audit/WEEK/383132c1,WEEK,HELP,False
local_audit/WEEK/65e318ad,WEEK,WEEK,True
local_audit/WEEK/bde73b2d,WEEK,WEEK,True
local_audit/WEEK/d99a7ea4,WEEK,WEEK,True
local_audit/WEEK/a1654243,WEEK,SCHOOL,False
local_audit/WEEK/4114f361,WEEK,WEEK,True
local_audit/WEEK/241b3ba2,WEEK,USE,False
local_audit/WEEK/4ee2aa43,WEEK,WEEK,True
local_audit/WEEK/ada655e0,WEEK,WHEN,False
local_audit/WEEK/605d436e,WEEK,HELP,False
local_audit/WHEN/8773c424,WHEN,FRIEND,False
local_audit/WHEN/bafcc0d5,WHEN,NAME,False
local_audit/WHEN/8432ebe9,WHEN,SIGN,False
local_audit/WHEN/b84d07a3,WHEN,WHEN,True
local_audit/WHEN/d14168bc,WHEN,WHEN,True
local_audit/WHEN/WHEN_7,WHEN,NAME,False
local_audit/WHEN/47c62bf9,WHEN,SIGN,False
local_audit/WHEN/7241671b,WHEN,WHEN,True
local_audit/WHEN/e750d991,WHEN,PLEASE,False
local_audit/WHEN/c99af13e,WHEN,WHEN,True
local_audit/WHEN/87c7b7ad,WHEN,WHEN,True
local_audit/WHEN/cbbddadc,WHEN,NAME,False
local_audit/WHEN/abb3511e,WHEN,WHEN,True
local_audit/WHEN/8bf94863,WHEN,WHEN,True
local_audit/WHERE/WHERE_19,WHERE,WHERE,True
local_audit/WHERE/4ac61425,WHERE,HE,False
local_audit/WHERE/6d5d5cde,WHERE,WHERE,True
local_audit/WHERE/562c51a3,WHERE,WHERE,True
local_audit/WHERE/1affb169,WHERE,ANSWER,False
local_audit/WHERE/63a4c577,WHERE,HE,False
local_audit/WHERE/db259d27,WHERE,YOU,False
local_audit/WHERE/10cce320,WHERE,WHERE,True
local_audit/WHERE/76607098,WHERE,WHERE,True
local_audit/WHERE/5699f932,WHERE,HE,False
local_audit/WHERE/3af1a298,WHERE,WHERE,True
local_audit/WHERE/e439e5a6,WHERE,WHERE,True
local_audit/WHERE/4597cf6b,WHERE,WHERE,True
local_audit/WHERE/f62d5c67,WHERE,YOU,False
local_audit/WHO/WHO_23,WHO,WHO,True
local_audit/WHO/5dd2e673,WHO,WHO,True
local_audit/WHO/955c68c7,WHO,WHO,True
local_audit/WHO/1384e620,WHO,WHO,True
local_audit/WHO/9810f517,WHO,WHO,True
local_audit/WHO/511fb8f9,WHO,WHO,True
local_audit/WHO/47b55943,WHO,TOMORROW,False
local_audit/WHO/93ba0c17,WHO,WHO,True
local_audit/WHO/3c1448cb,WHO,WHO,True
local_audit/WHO/3b57a881,WHO,WHO,True
local_audit/WHO/6ca91916,WHO,WHO,True
local_audit/WHO/ab3931bc,WHO,WHO,True
local_audit/WHO/c0209c61,WHO,WHO,True
local_audit/WHO/340ff0c9,WHO,WHO,True
local_audit/WHY/WHY_2,WHY,NO,False
local_audit/WHY/57a442d0,WHY,WHY,True
local_audit/WHY/5e2587c7,WHY,STOP,False
local_audit/WHY/fe8ce85d,WHY,WHY,True
local_audit/WHY/50a14185,WHY,SAME,False
local_audit/WHY/2d01fef8,WHY,FIND,False
local_audit/WHY/768580c0,WHY,NEED,False
local_audit/WHY/ffdfe6e1,WHY,KNOW,False
local_audit/WHY/2bdfaf11,WHY,WHY,True
local_audit/WHY/985afbf7,WHY,HE,False
local_audit/WHY/fb0c63dd,WHY,WHY,True
local_audit/WHY/3dfe85e4,WHY,WHY,True
local_audit/WHY/ef2a6812,WHY,ASK,False
local_audit/WHY/420f8970,WHY,WHY,True
local_audit/WORK/c984ca09,WORK,YESTERDAY,False
local_audit/WORK/59d6f5f4,WORK,I,False
local_audit/WORK/b9e208ef,WORK,WORK,True
local_audit/WORK/aee26f01,WORK,WORK,True
local_audit/WORK/WORK_8,WORK,WORK,True
local_audit/WORK/b02819a3,WORK,WORK,True
local_audit/WORK/8a69f2a3,WORK,WORK,True
local_audit/WORK/df479ec8,WORK,WORK,True
local_audit/WORK/8c31e7a4,WORK,WORK,True
local_audit/WORK/622363a4,WORK,WORK,True
local_audit/WORK/66317244,WORK,WORK,True
local_audit/WORK/60ec24fe,WORK,WORK,True
local_audit/WORK/7b538554,WORK,WORK,True
local_audit/WORK/1cd6a42c,WORK,WORK,True
local_audit/WRITE/853e8221,WRITE,DOCTOR,False
local_audit/WRITE/dc3b4e86,WRITE,TIME,False
local_audit/WRITE/f09ff5b8,WRITE,NEED,False
local_audit/WRITE/24a1add5,WRITE,NIGHT,False
local_audit/WRITE/WRITE_19,WRITE,USE,False
local_audit/WRITE/58a8d4b8,WRITE,WORK,False
local_audit/WRITE/da63554a,WRITE,WRITE,True
local_audit/WRITE/9dc7484f,WRITE,WORK,False
local_audit/WRITE/20d696bd,WRITE,NIGHT,False
local_audit/WRITE/2740f4ed,WRITE,WRITE,True
local_audit/WRITE/4054128a,WRITE,WE,False
local_audit/WRITE/37f643df,WRITE,WRITE,True
local_audit/WRITE/9f35a980,WRITE,WRITE,True
local_audit/WRITE/94c640c1,WRITE,CHILD,False
local_audit/YEAR/41719d22,YEAR,YEAR,True
local_audit/YEAR/ed6972e5,YEAR,I,False
local_audit/YEAR/f072be4c,YEAR,YEAR,True
local_audit/YEAR/22ce301c,YEAR,YEAR,True
local_audit/YEAR/YEAR_18,YEAR,MAKE,False
local_audit/YEAR/1eb3effe,YEAR,YEAR,True
local_audit/YEAR/d3573891,YEAR,YEAR,True
local_audit/YEAR/4a118271,YEAR,MAKE,False
local_audit/YEAR/e0af43bf,YEAR,YEAR,True
local_audit/YEAR/870ecaae,YEAR,MAKE,False
local_audit/YEAR/c750ea29,YEAR,YEAR,True
local_audit/YEAR/169e3b1e,YEAR,YEAR,True
local_audit/YEAR/f48a2f7c,YEAR,YEAR,True
local_audit/YEAR/5eab0624,YEAR,YEAR,True
local_audit/YES/YES_2,YES,YES,True
local_audit/YES/796f8307,YES,YES,True
local_audit/YES/db10a28a,YES,YES,True
local_audit/YES/a43a7007,YES,YES,True
local_audit/YES/d0cd7640,YES,YES,True
local_audit/YES/57e60971,YES,YES,True
local_audit/YES/1b057819,YES,YES,True
local_audit/YES/191eba20,YES,YES,True
local_audit/YES/b493e258,YES,YES,True
local_audit/YES/cad54c51,YES,CHILD,False
local_audit/YES/883bd9e8,YES,YES,True
local_audit/YES/94c866d9,YES,NEED,False
local_audit/YES/ca766a4f,YES,YES,True
local_audit/YES/348c3773,YES,YES,True
local_audit/YESTERDAY/YESTERDAY_15,YESTERDAY,YESTERDAY,True
local_audit/YESTERDAY/2df93011,YESTERDAY,YESTERDAY,True
local_audit/YESTERDAY/6e9786e4,YESTERDAY,TOMORROW,False
local_audit/YESTERDAY/5f88ecfd,YESTERDAY,HOME,False
local_audit/YESTERDAY/421539d7,YESTERDAY,YESTERDAY,True
local_audit/YESTERDAY/183845f4,YESTERDAY,YESTERDAY,True
local_audit/YESTERDAY/7d5e4511,YESTERDAY,YESTERDAY,True
local_audit/YESTERDAY/70d304c8,YESTERDAY,TOMORROW,False
local_audit/YESTERDAY/1a9a88de,YESTERDAY,YESTERDAY,True
local_audit/YESTERDAY/fd142117,YESTERDAY,HOME,False
local_audit/YESTERDAY/5522ad4a,YESTERDAY,YESTERDAY,True
local_audit/YESTERDAY/11824287,YESTERDAY,YESTERDAY,True
local_audit/YESTERDAY/13189d7b,YESTERDAY,YESTERDAY,True
local_audit/YESTERDAY/38ef1de2,YESTERDAY,YESTERDAY,True
local_audit/YOU/YOU_12,YOU,YOU,True
local_audit/YOU/27fa363a,YOU,YOU,True
local_audit/YOU/09e9cd8a,YOU,YOU,True
local_audit/YOU/cfc9db85,YOU,YOU,True
local_audit/YOU/c26aa507,YOU,YOU,True
local_audit/YOU/3bcafae7,YOU,NEED,False
local_audit/YOU/5b5dc2ad,YOU,WHO,False
local_audit/YOU/639ad3cc,YOU,YOU,True
local_audit/YOU/896c2613,YOU,THINK,False
local_audit/YOU/0d56b380,YOU,YOU,True
local_audit/YOU/a3b294f8,YOU,YOU,True
local_audit/YOU/b6a80ca8,YOU,YOU,True
local_audit/YOU/3937ebd4,YOU,YES,False
local_audit/YOU/a97a7462,YOU,WHERE,False
local_audit/YOUR/6759a789,YOUR,YOUR,True
local_audit/YOUR/289cf85c,YOUR,YOUR,True
local_audit/YOUR/95b93354,YOUR,YOUR,True
local_audit/YOUR/270bef1b,YOUR,YOUR,True
local_audit/YOUR/YOUR_24,YOUR,YOUR,True
local_audit/YOUR/5f187aac,YOUR,READ,False
local_audit/YOUR/2b3f6eb3,YOUR,YOUR,True
local_audit/YOUR/c8b42a90,YOUR,YOUR,True
local_audit/YOUR/1b530606,YOUR,SMALL,False
local_audit/YOUR/be35fefc,YOUR,GOODBYE,False
local_audit/YOUR/a4eceffe,YOUR,YOUR,True
local_audit/YOUR/4bb4a4ff,YOUR,FIND,False
local_audit/YOUR/e1b1d9f1,YOUR,YOUR,True
local_audit/YOUR/fd60c14d,YOUR,SMALL,False
