model,group_kind,group,samples,context_samples,background_samples,full_accuracy,known_top1_accuracy,known_top5_accuracy,context_no_emit_rate,background_no_emit_rate,mean_confidence
original_base,all,all,8978,8468,510,0.30842058364891956,0.32699574870099196,0.5909305621162022,0.0,0.0,0.4248846109037836
original_base,category,background,510,0,510,0.0,,,,0.0,0.34717454509261775
original_base,category,context,8468,8468,0,0.32699574870099196,0.32699574870099196,0.5909305621162022,0.0,,0.42956483451782407
original_base,role,train,7313,6819,494,0.292903049364146,0.3141223053233612,0.5814635577064086,0.0,0.0,0.4220966033232036
original_base,role,validation,1665,1649,16,0.37657657657657656,0.3802304426925409,0.6300788356579745,0.0,0.0,0.43713007603097964
original_base,role/source/category,train/asllrp_contiguous/context,299,299,0,0.4214046822742475,0.4214046822742475,0.6688963210702341,0.0,,0.4775390266674418
original_base,role/source/category,train/asllrp_other_ctc/background,494,0,494,0.0,,,,0.0,0.3458417027298859
original_base,role/source/category,train/asllrp_other_ctc/context,5515,5515,0,0.31405258386219403,0.31405258386219403,0.5891205802357208,0.0,,0.4316607765900689
original_base,role/source/category,train/o5s5/context,1005,1005,0,0.28258706467661693,0.28258706467661693,0.5134328358208955,0.0,,0.39060030555843717
original_base,role/source/category,validation/asllrp_contiguous/background,2,0,2,0.0,,,,0.0,0.25896916165947914
original_base,role/source/category,validation/asllrp_contiguous/context,69,69,0,0.5507246376811594,0.5507246376811594,0.782608695652174,0.0,,0.42296043794224225
original_base,role/source/category,validation/asllrp_other_ctc/background,14,0,14,0.0,,,,0.0,0.40680560895374845
original_base,role/source/category,validation/asllrp_other_ctc/context,1262,1262,0,0.40649762282091917,0.40649762282091917,0.6648177496038035,0.0,,0.43713442761327026
original_base,role/source/category,validation/o5s5/context,318,318,0,0.2389937106918239,0.2389937106918239,0.4591194968553459,0.0,,0.44264289898411285
original_base,source,asllrp_contiguous,370,368,2,0.44324324324324327,0.44565217391304346,0.6902173913043478,0.0,0.0,0.4661793986889156
original_base,source,asllrp_other_ctc,7285,6777,508,0.3081674673987646,0.3312675225025823,0.6032167625793123,0.0,0.0,0.4267417858910217
original_base,source,o5s5,1323,1323,0,0.272108843537415,0.272108843537415,0.5003779289493575,0.0,,0.4031094096471483
original_base,source/category/schedule/window,asllrp_contiguous/background/trailing-0.53/0.13/0.53,2,0,2,0.0,,,,0.0,0.25896916165947914
original_base,source/category/schedule/window,asllrp_contiguous/context/centered/0.27,116,116,0,0.39655172413793105,0.39655172413793105,0.6637931034482759,0.0,,0.4400019544851163
original_base,source/category/schedule/window,asllrp_contiguous/context/centered/0.53,76,76,0,0.5131578947368421,0.5131578947368421,0.7368421052631579,0.0,,0.5105440769540636
original_base,source/category/schedule/window,asllrp_contiguous/context/centered/1.07,3,3,0,0.3333333333333333,0.3333333333333333,0.3333333333333333,0.0,,0.4557342380285263
original_base,source/category/schedule/window,asllrp_contiguous/context/trailing-0.53/0.13/0.53,173,173,0,0.4508670520231214,0.4508670520231214,0.6936416184971098,0.0,,0.46681884340295904
original_base,source/category/schedule/window,asllrp_other_ctc/background/trailing-0.53/0.13/0.53,508,0,508,0.0,,,,0.0,0.3475218103817246
original_base,source/category/schedule/window,asllrp_other_ctc/context/centered/0.27,1473,1473,0,0.3136456211812627,0.3136456211812627,0.6137135098438561,0.0,,0.4174967169033291
original_base,source/category/schedule/window,asllrp_other_ctc/context/centered/0.53,1407,1407,0,0.35607675906183367,0.35607675906183367,0.6510305614783227,0.0,,0.4426648913384246
original_base,source/category/schedule/window,asllrp_other_ctc/context/centered/1.07,964,964,0,0.24273858921161826,0.24273858921161826,0.4408713692946058,0.0,,0.38927161830759516
original_base,source/category/schedule/window,asllrp_other_ctc/context/trailing-0.53/0.13/0.53,2933,2933,0,0.3573133310603478,0.3573133310603478,0.6283668598704398,0.0,,0.44978275635250187
original_base,source/category/schedule/window,o5s5/context/centered/0.27,242,242,0,0.3181818181818182,0.3181818181818182,0.5826446280991735,0.0,,0.4040454869150869
original_base,source/category/schedule/window,o5s5/context/centered/0.53,242,242,0,0.30165289256198347,0.30165289256198347,0.5413223140495868,0.0,,0.41711240988378684
original_base,source/category/schedule/window,o5s5/context/centered/1.07,242,242,0,0.21487603305785125,0.21487603305785125,0.36363636363636365,0.0,,0.36767331932571307
original_base,source/category/schedule/window,o5s5/context/trailing-0.53/0.13/0.53,597,597,0,0.2646566164154104,0.2646566164154104,0.5058626465661642,0.0,,0.4114180815092583
o5s5_epoch_01,all,all,8978,8468,510,0.47883715749610156,0.5063769485120454,0.7518894662257912,0.006495040151157298,0.03529411764705882,0.45499734761470156
o5s5_epoch_01,category,background,510,0,510,0.03529411764705882,,,,0.03529411764705882,0.30658306043375944
o5s5_epoch_01,category,context,8468,8468,0,0.5055503070382616,0.5063769485120454,0.7518894662257912,0.006495040151157298,,0.4639358556995245
o5s5_epoch_01,role,train,7313,6819,494,0.47477095583207984,0.5074057779733099,0.75230972283326,0.00674585716380701,0.03643724696356275,0.45345249779560115
o5s5_epoch_01,role,validation,1665,1649,16,0.4966966966966967,0.5021224984839296,0.7501516070345664,0.005457853244390539,0.0,0.46178262492826394
o5s5_epoch_01,role/source/category,train/asllrp_contiguous/context,299,299,0,0.68561872909699,0.6889632107023411,0.8461538461538461,0.006688963210702341,,0.5175040704400643
o5s5_epoch_01,role/source/category,train/asllrp_other_ctc/background,494,0,494,0.03643724696356275,,,,0.03643724696356275,0.30516140435177547
o5s5_epoch_01,role/source/category,train/asllrp_other_ctc/context,5515,5515,0,0.5262012692656391,0.5271078875793291,0.7776971894832275,0.007071622846781505,,0.4745739540840049
o5s5_epoch_01,role/source/category,train/o5s5/context,1005,1005,0,0.345273631840796,0.345273631840796,0.5850746268656717,0.004975124378109453,,0.39138239681053516
o5s5_epoch_01,role/source/category,validation/asllrp_contiguous/background,2,0,2,0.0,,,,0.0,0.3991418853402138
o5s5_epoch_01,role/source/category,validation/asllrp_contiguous/context,69,69,0,0.6811594202898551,0.6811594202898551,0.8405797101449275,0.014492753623188406,,0.5312704037928927
o5s5_epoch_01,role/source/category,validation/asllrp_other_ctc/background,14,0,14,0.0,,,,0.0,0.3435245214828423
o5s5_epoch_01,role/source/category,validation/asllrp_other_ctc/context,1262,1262,0,0.5530903328050714,0.5538827258320127,0.7987321711568938,0.004754358161648178,,0.4689172449774107
o5s5_epoch_01,role/source/category,validation/o5s5/context,318,318,0,0.2578616352201258,0.2578616352201258,0.5377358490566038,0.006289308176100629,,0.4239912654431361
o5s5_epoch_01,source,asllrp_contiguous,370,368,2,0.6810810810810811,0.6875,0.845108695652174,0.008152173913043478,0.0,0.5194315099837007
o5s5_epoch_01,source,asllrp_other_ctc,7285,6777,508,0.49663692518874397,0.5320938468348827,0.7816142836063155,0.006640106241699867,0.03543307086614173,0.46185422058823833
o5s5_epoch_01,source,o5s5,1323,1323,0,0.3242630385487528,0.3242630385487528,0.5736961451247166,0.005291005291005291,,0.399220356164403
o5s5_epoch_01,source/category/schedule/window,asllrp_contiguous/background/trailing-0.53/0.13/0.53,2,0,2,0.0,,,,0.0,0.3991418853402138
o5s5_epoch_01,source/category/schedule/window,asllrp_contiguous/context/centered/0.27,116,116,0,0.6206896551724138,0.6293103448275862,0.8362068965517241,0.02586206896551724,,0.44956271433881645
o5s5_epoch_01,source/category/schedule/window,asllrp_contiguous/context/centered/0.53,76,76,0,0.7763157894736842,0.7763157894736842,0.881578947368421,0.0,,0.6077534509332556
o5s5_epoch_01,source/category/schedule/window,asllrp_contiguous/context/centered/1.07,3,3,0,0.3333333333333333,0.3333333333333333,0.3333333333333333,0.0,,0.27527522047360736
o5s5_epoch_01,source/category/schedule/window,asllrp_contiguous/context/trailing-0.53/0.13/0.53,173,173,0,0.6936416184971098,0.6936416184971098,0.8439306358381503,0.0,,0.5331041163447275
o5s5_epoch_01,source/category/schedule/window,asllrp_other_ctc/background/trailing-0.53/0.13/0.53,508,0,508,0.03543307086614173,,,,0.03543307086614173,0.3062186556112931
o5s5_epoch_01,source/category/schedule/window,asllrp_other_ctc/context/centered/0.27,1473,1473,0,0.5105227427019687,0.5118805159538357,0.8010862186014935,0.012898845892735914,,0.4664739929139614
o5s5_epoch_01,source/category/schedule/window,asllrp_other_ctc/context/centered/0.53,1407,1407,0,0.5941719971570718,0.5948827292110874,0.8258706467661692,0.0035536602700781805,,0.5088497380029037
o5s5_epoch_01,source/category/schedule/window,asllrp_other_ctc/context/centered/1.07,964,964,0,0.32468879668049794,0.32468879668049794,0.6026970954356846,0.002074688796680498,,0.3673102441804167
o5s5_epoch_01,source/category/schedule/window,asllrp_other_ctc/context/trailing-0.53/0.13/0.53,2933,2933,0,0.5792703716331401,0.5802932151380839,0.8094101602454824,0.0064780088646437094,,0.49502014033839314
o5s5_epoch_01,source/category/schedule/window,o5s5/context/centered/0.27,242,242,0,0.36363636363636365,0.36363636363636365,0.6528925619834711,0.004132231404958678,,0.42880203348607565
o5s5_epoch_01,source/category/schedule/window,o5s5/context/centered/0.53,242,242,0,0.3677685950413223,0.3677685950413223,0.6074380165289256,0.012396694214876033,,0.4267279220329336
o5s5_epoch_01,source/category/schedule/window,o5s5/context/centered/1.07,242,242,0,0.24380165289256198,0.24380165289256198,0.4462809917355372,0.008264462809917356,,0.33617308113939504
o5s5_epoch_01,source/category/schedule/window,o5s5/context/trailing-0.53/0.13/0.53,597,597,0,0.3232830820770519,0.3232830820770519,0.5795644891122278,0.0016750418760469012,,0.4016355047473556
o5s5_epoch_02,all,all,8978,8468,510,0.5247271107150813,0.5679026924893718,0.7928672649976382,0.18564005668398678,0.5705882352941176,0.494051079772202
o5s5_epoch_02,category,background,510,0,510,0.5705882352941176,,,,0.5705882352941176,0.3804342684062088
o5s5_epoch_02,category,context,8468,8468,0,0.5219650448748229,0.5679026924893718,0.7928672649976382,0.18564005668398678,,0.5008938494694926
o5s5_epoch_02,role,train,7313,6819,494,0.5368521810474497,0.5751576477489367,0.8007039155301364,0.17685877694676638,0.5769230769230769,0.4962281377777981
o5s5_epoch_02,role,validation,1665,1649,16,0.47147147147147145,0.537901758641601,0.7604608853850818,0.22195269860521527,0.375,0.4844890225980733
o5s5_epoch_02,role/source/category,train/asllrp_contiguous/context,299,299,0,0.68561872909699,0.7491638795986622,0.9163879598662207,0.13712374581939799,,0.5735752804323183
o5s5_epoch_02,role/source/category,train/asllrp_other_ctc/background,494,0,494,0.5769230769230769,,,,0.5769230769230769,0.38243629250992167
o5s5_epoch_02,role/source/category,train/asllrp_other_ctc/context,5515,5515,0,0.557932910244787,0.5994560290117861,0.8261106074342702,0.17769718948322757,,0.5168352122941238
o5s5_epoch_02,role/source/category,train/o5s5/context,1005,1005,0,0.3572139303482587,0.3900497512437811,0.6268656716417911,0.18407960199004975,,0.4160673019082392
o5s5_epoch_02,role/source/category,validation/asllrp_contiguous/background,2,0,2,0.5,,,,0.5,0.3552574962377548
o5s5_epoch_02,role/source/category,validation/asllrp_contiguous/context,69,69,0,0.6521739130434783,0.7101449275362319,0.8840579710144928,0.17391304347826086,,0.5678031714498133
o5s5_epoch_02,role/source/category,validation/asllrp_other_ctc/background,14,0,14,0.35714285714285715,,,,0.35714285714285715,0.3133880996278354
o5s5_epoch_02,role/source/category,validation/asllrp_other_ctc/context,1262,1262,0,0.5245641838351822,0.5950871632329635,0.8145800316957211,0.22583201267828842,,0.49503477770250687
o5s5_epoch_02,role/source/category,validation/o5s5/context,318,318,0,0.22641509433962265,0.27358490566037735,0.5188679245283019,0.2169811320754717,,0.4329055532953649
o5s5_epoch_02,source,asllrp_contiguous,370,368,2,0.6783783783783783,0.7418478260869565,0.9103260869565217,0.14402173913043478,0.5,0.5713187639777725
o5s5_epoch_02,source,asllrp_other_ctc,7285,6777,508,0.553054221002059,0.5986424671683636,0.8239634056367124,0.1866607643500074,0.5708661417322834,0.5035540215727312
o5s5_epoch_02,source,o5s5,1323,1323,0,0.3257747543461829,0.36205593348450493,0.6009070294784581,0.19198790627362056,,0.4201145913572989
o5s5_epoch_02,source/category/schedule/window,asllrp_contiguous/background/trailing-0.53/0.13/0.53,2,0,2,0.5,,,,0.5,0.3552574962377548
o5s5_epoch_02,source/category/schedule/window,asllrp_contiguous/context/centered/0.27,116,116,0,0.6379310344827587,0.7327586206896551,0.896551724137931,0.19827586206896552,,0.5151531110549795
o5s5_epoch_02,source/category/schedule/window,asllrp_contiguous/context/centered/0.53,76,76,0,0.7631578947368421,0.8026315789473685,0.9210526315789473,0.10526315789473684,,0.6469213378272558
o5s5_epoch_02,source/category/schedule/window,asllrp_contiguous/context/centered/1.07,3,3,0,0.3333333333333333,0.3333333333333333,0.6666666666666666,0.3333333333333333,,0.23909134169419607
o5s5_epoch_02,source/category/schedule/window,asllrp_contiguous/context/trailing-0.53/0.13/0.53,173,173,0,0.6763005780346821,0.7283236994219653,0.9190751445086706,0.12138728323699421,,0.5840252664564662
o5s5_epoch_02,source/category/schedule/window,asllrp_other_ctc/background/trailing-0.53/0.13/0.53,508,0,508,0.5708661417322834,,,,0.5708661417322834,0.3805333895564783
o5s5_epoch_02,source/category/schedule/window,asllrp_other_ctc/context/centered/0.27,1473,1473,0,0.539714867617108,0.5967413441955194,0.8438560760353021,0.20162932790224034,,0.5060156118086788
o5s5_epoch_02,source/category/schedule/window,asllrp_other_ctc/context/centered/0.53,1407,1407,0,0.6289978678038379,0.6638237384506042,0.8606965174129353,0.15707178393745558,,0.5527671448404516
o5s5_epoch_02,source/category/schedule/window,asllrp_other_ctc/context/centered/1.07,964,964,0,0.3257261410788382,0.36929460580912865,0.6535269709543569,0.258298755186722,,0.39291554592797123
o5s5_epoch_02,source/category/schedule/window,asllrp_other_ctc/context/trailing-0.53/0.13/0.53,2933,2933,0,0.5949539720422775,0.643709512444596,0.8523695874531196,0.16979202182066144,,0.5363808830560494
o5s5_epoch_02,source/category/schedule/window,o5s5/context/centered/0.27,242,242,0,0.3677685950413223,0.4214876033057851,0.6570247933884298,0.22727272727272727,,0.45384827718015547
o5s5_epoch_02,source/category/schedule/window,o5s5/context/centered/0.53,242,242,0,0.3884297520661157,0.4256198347107438,0.6322314049586777,0.19834710743801653,,0.4482530050657012
o5s5_epoch_02,source/category/schedule/window,o5s5/context/centered/1.07,242,242,0,0.24793388429752067,0.2603305785123967,0.47107438016528924,0.15289256198347106,,0.35500755761403685
o5s5_epoch_02,source/category/schedule/window,o5s5/context/trailing-0.53/0.13/0.53,597,597,0,0.3149078726968174,0.35343383584589616,0.6180904522613065,0.19095477386934673,,0.42142590472296854
o5s5_epoch_03,all,all,8978,8468,510,0.5089106705279572,0.6013226263580539,0.8203826169107227,0.3182569674067076,0.8019607843137255,0.5582270426374849
o5s5_epoch_03,category,background,510,0,510,0.8019607843137255,,,,0.8019607843137255,0.5772515043324116
o5s5_epoch_03,category,context,8468,8468,0,0.49126121870571565,0.6013226263580539,0.8203826169107227,0.3182569674067076,,0.557081261406449
o5s5_epoch_03,role,train,7313,6819,494,0.527143443183372,0.6083003372928582,0.8294471330107054,0.30488341399032115,0.8076923076923077,0.561527142947384
o5s5_epoch_03,role,validation,1665,1649,16,0.42882882882882883,0.572468162522741,0.7828987265009096,0.37355973317161917,0.625,0.5437323678228948
o5s5_epoch_03,role/source/category,train/asllrp_contiguous/context,299,299,0,0.6722408026755853,0.7859531772575251,0.9230769230769231,0.20735785953177258,,0.6194159648689538
o5s5_epoch_03,role/source/category,train/asllrp_other_ctc/background,494,0,494,0.8076923076923077,,,,0.8076923076923077,0.5820862138983209
o5s5_epoch_03,role/source/category,train/asllrp_other_ctc/context,5515,5515,0,0.5234814143245694,0.6310063463281959,0.8538531278331822,0.31278331822302813,,0.5721227926368456
o5s5_epoch_03,role/source/category,train/o5s5/context,1005,1005,0,0.3661691542288557,0.43084577114427863,0.6676616915422886,0.29054726368159206,,0.47605455902530186
o5s5_epoch_03,role/source/category,validation/asllrp_contiguous/background,2,0,2,0.5,,,,0.5,0.42087095975875854
o5s5_epoch_03,role/source/category,validation/asllrp_contiguous/context,69,69,0,0.6086956521739131,0.7681159420289855,0.8985507246376812,0.3188405797101449,,0.6286468456188837
o5s5_epoch_03,role/source/category,validation/asllrp_other_ctc/background,14,0,14,0.6428571428571429,,,,0.6428571428571429,0.4289954017315592
o5s5_epoch_03,role/source/category,validation/asllrp_other_ctc/context,1262,1262,0,0.4714738510301109,0.6323296354992076,0.8367670364500792,0.3787638668779715,,0.5554628962098891
o5s5_epoch_03,role/source/category,validation/o5s5/context,318,318,0,0.21069182389937108,0.29245283018867924,0.5440251572327044,0.36477987421383645,,0.4845783255244576
o5s5_epoch_03,source,asllrp_contiguous,370,368,2,0.6594594594594595,0.782608695652174,0.9184782608695652,0.22826086956521738,0.5,0.6200641831433451
o5s5_epoch_03,source,asllrp_other_ctc,7285,6777,508,0.5339739190116678,0.631252766710934,0.8506713885199941,0.32507009001032905,0.8031496062992126,0.5696373235002191
o5s5_epoch_03,source,o5s5,1323,1323,0,0.3287981859410431,0.3975812547241119,0.6379440665154951,0.30839002267573695,,0.47810335550809213
o5s5_epoch_03,source/category/schedule/window,asllrp_contiguous/background/trailing-0.53/0.13/0.53,2,0,2,0.5,,,,0.5,0.42087095975875854
o5s5_epoch_03,source/category/schedule/window,asllrp_contiguous/context/centered/0.27,116,116,0,0.646551724137931,0.7672413793103449,0.9051724137931034,0.27586206896551724,,0.5874299938822615
o5s5_epoch_03,source/category/schedule/window,asllrp_contiguous/context/centered/0.53,76,76,0,0.7368421052631579,0.8421052631578947,0.9473684210526315,0.19736842105263158,,0.6848340665823535
o5s5_epoch_03,source/category/schedule/window,asllrp_contiguous/context/centered/1.07,3,3,0,0.0,0.3333333333333333,0.6666666666666666,0.6666666666666666,,0.38980288803577423
o5s5_epoch_03,source/category/schedule/window,asllrp_contiguous/context/trailing-0.53/0.13/0.53,173,173,0,0.6473988439306358,0.7745664739884393,0.9190751445086706,0.2023121387283237,,0.619788027912206
o5s5_epoch_03,source/category/schedule/window,asllrp_other_ctc/background/trailing-0.53/0.13/0.53,508,0,508,0.8031496062992126,,,,0.8031496062992126,0.5778671757677408
o5s5_epoch_03,source/category/schedule/window,asllrp_other_ctc/context/centered/0.27,1473,1473,0,0.5057705363204344,0.636795655125594,0.8757637474541752,0.32790224032586557,,0.5669473348550867
o5s5_epoch_03,source/category/schedule/window,asllrp_other_ctc/context/centered/0.53,1407,1407,0,0.5913290689410092,0.6993603411513859,0.8862828713574982,0.2878464818763326,,0.6034285322191788
o5s5_epoch_03,source/category/schedule/window,asllrp_other_ctc/context/centered/1.07,964,964,0,0.29356846473029047,0.4004149377593361,0.6825726141078838,0.44190871369294604,,0.461328383651079
o5s5_epoch_03,source/category/schedule/window,asllrp_other_ctc/context/trailing-0.53/0.13/0.53,2933,2933,0,0.553017388339584,0.6716672349130584,0.876235935901807,0.3031026252983294,,0.5889510554024944
o5s5_epoch_03,source/category/schedule/window,o5s5/context/centered/0.27,242,242,0,0.3925619834710744,0.45041322314049587,0.6652892561983471,0.2892561983471074,,0.5220061055084398
o5s5_epoch_03,source/category/schedule/window,o5s5/context/centered/0.53,242,242,0,0.371900826446281,0.45454545454545453,0.6735537190082644,0.3347107438016529,,0.5096915989867912
o5s5_epoch_03,source/category/schedule/window,o5s5/context/centered/1.07,242,242,0,0.25206611570247933,0.2892561983471074,0.5289256198347108,0.2975206611570248,,0.40510897864857
o5s5_epoch_03,source/category/schedule/window,o5s5/context/trailing-0.53/0.13/0.53,597,597,0,0.3165829145728643,0.3969849246231156,0.6566164154103853,0.3098827470686767,,0.4770913266606467
o5s5_epoch_04,all,all,8978,8468,510,0.5299621296502561,0.6199811053377421,0.8405762871988663,0.29936230514879547,0.8294117647058824,0.5773989215259179
o5s5_epoch_04,category,background,510,0,510,0.8294117647058824,,,,0.8294117647058824,0.616103956059498
o5s5_epoch_04,category,context,8468,8468,0,0.511927255550307,0.6199811053377421,0.8405762871988663,0.29936230514879547,,0.5750678436312407
o5s5_epoch_04,role,train,7313,6819,494,0.5539450293996991,0.6314708901598475,0.852031089602581,0.2800997213667693,0.8340080971659919,0.5828332773669709
o5s5_epoch_04,role,validation,1665,1649,16,0.42462462462462464,0.572468162522741,0.7932080048514251,0.3790175864160097,0.6875,0.5535301862312508
o5s5_epoch_04,role/source/category,train/asllrp_contiguous/context,299,299,0,0.7290969899665551,0.8260869565217391,0.9431438127090301,0.17391304347826086,,0.6428130454442972
o5s5_epoch_04,role/source/category,train/asllrp_other_ctc/background,494,0,494,0.8340080971659919,,,,0.8340080971659919,0.6207984568709545
o5s5_epoch_04,role/source/category,train/asllrp_other_ctc/context,5515,5515,0,0.5475974614687217,0.6525838621940163,0.8725294650951949,0.2888485947416138,,0.5947223060312643
o5s5_epoch_04,role/source/category,train/o5s5/context,1005,1005,0,0.3990049751243781,0.4577114427860697,0.7124378109452736,0.263681592039801,,0.48108527496531234
o5s5_epoch_04,role/source/category,validation/asllrp_contiguous/background,2,0,2,0.5,,,,0.5,0.4138107895851135
o5s5_epoch_04,role/source/category,validation/asllrp_contiguous/context,69,69,0,0.6376811594202898,0.8115942028985508,0.9130434782608695,0.3333333333333333,,0.6324264398519543
o5s5_epoch_04,role/source/category,validation/asllrp_other_ctc/background,14,0,14,0.7142857142857143,,,,0.7142857142857143,0.479354165494442
o5s5_epoch_04,role/source/category,validation/asllrp_other_ctc/context,1262,1262,0,0.45800316957210774,0.6291600633914421,0.8502377179080824,0.38510301109350237,,0.5646730338277889
o5s5_epoch_04,role/source/category,validation/o5s5/context,318,318,0,0.23270440251572327,0.29559748427672955,0.5408805031446541,0.36477987421383645,,0.4963345507499557
o5s5_epoch_04,source,asllrp_contiguous,370,368,2,0.7108108108108108,0.8233695652173914,0.9375,0.20380434782608695,0.5,0.6396382338291889
o5s5_epoch_04,source,asllrp_other_ctc,7285,6777,508,0.5518188057652711,0.6482219271063893,0.8683783384978604,0.30677290836653387,0.8307086614173228,0.5910633194872019
o5s5_epoch_04,source,o5s5,1323,1323,0,0.35903250188964475,0.41874527588813304,0.671201814058957,0.28798185941043086,,0.4847506337706915
o5s5_epoch_04,source/category/schedule/window,asllrp_contiguous/background/trailing-0.53/0.13/0.53,2,0,2,0.5,,,,0.5,0.4138107895851135
o5s5_epoch_04,source/category/schedule/window,asllrp_contiguous/context/centered/0.27,116,116,0,0.6896551724137931,0.8017241379310345,0.9224137931034483,0.23275862068965517,,0.6164104258962746
o5s5_epoch_04,source/category/schedule/window,asllrp_contiguous/context/centered/0.53,76,76,0,0.7631578947368421,0.868421052631579,0.9605263157894737,0.19736842105263158,,0.70219584162298
o5s5_epoch_04,source/category/schedule/window,asllrp_contiguous/context/centered/1.07,3,3,0,0.6666666666666666,0.6666666666666666,0.6666666666666666,0.3333333333333333,,0.4269487261772156
o5s5_epoch_04,source/category/schedule/window,asllrp_contiguous/context/trailing-0.53/0.13/0.53,173,173,0,0.7052023121387283,0.8208092485549133,0.9421965317919075,0.18497109826589594,,0.6340299733629117
o5s5_epoch_04,source/category/schedule/window,asllrp_other_ctc/background/trailing-0.53/0.13/0.53,508,0,508,0.8307086614173228,,,,0.8307086614173228,0.6169003858487672
o5s5_epoch_04,source/category/schedule/window,asllrp_other_ctc/context/centered/0.27,1473,1473,0,0.5166327223353699,0.6381534283774609,0.8859470468431772,0.30074677528852684,,0.5842171657858296
o5s5_epoch_04,source/category/schedule/window,asllrp_other_ctc/context/centered/0.53,1407,1407,0,0.6112295664534471,0.7185501066098081,0.8969438521677328,0.27078891257995735,,0.6250965944368871
o5s5_epoch_04,source/category/schedule/window,asllrp_other_ctc/context/centered/1.07,964,964,0,0.31224066390041494,0.4336099585062241,0.7136929460580913,0.4242738589211618,,0.4839909375718644
o5s5_epoch_04,source/category/schedule/window,asllrp_other_ctc/context/trailing-0.53/0.13/0.53,2933,2933,0,0.5714285714285714,0.6900784180020457,0.8966928060006819,0.2884418683941357,,0.6088922022020414
o5s5_epoch_04,source/category/schedule/window,o5s5/context/centered/0.27,242,242,0,0.4132231404958678,0.4834710743801653,0.6859504132231405,0.2809917355371901,,0.5329110451535253
o5s5_epoch_04,source/category/schedule/window,o5s5/context/centered/0.53,242,242,0,0.4049586776859504,0.45454545454545453,0.7107438016528925,0.2975206611570248,,0.5182907635823262
o5s5_epoch_04,source/category/schedule/window,o5s5/context/centered/1.07,242,242,0,0.2727272727272727,0.30578512396694213,0.5619834710743802,0.2809917355371901,,0.4147280320094144
o5s5_epoch_04,source/category/schedule/window,o5s5/context/trailing-0.53/0.13/0.53,597,597,0,0.35343383584589616,0.423785594639866,0.6934673366834171,0.2897822445561139,,0.48001686267717003
o5s5_epoch_05,all,all,8978,8468,510,0.561038093116507,0.6358053849787435,0.8489607935758149,0.25956542276806804,0.8352941176470589,0.5903290394319342
o5s5_epoch_05,category,background,510,0,510,0.8352941176470589,,,,0.8352941176470589,0.622722732553295
o5s5_epoch_05,category,context,8468,8468,0,0.5445205479452054,0.6358053849787435,0.8489607935758149,0.25956542276806804,,0.5883780730299627
o5s5_epoch_05,role,train,7313,6819,494,0.5866265554492001,0.6503886200322628,0.8600967883853937,0.23933128024637043,0.840080971659919,0.5983785269156651
o5s5_epoch_05,role,validation,1665,1649,16,0.4486486486486487,0.5755003032140691,0.802910855063675,0.3432383262583384,0.6875,0.5549741433547424
o5s5_epoch_05,role/source/category,train/asllrp_contiguous/context,299,299,0,0.782608695652174,0.8528428093645485,0.9632107023411371,0.13043478260869565,,0.6641827569059704
o5s5_epoch_05,role/source/category,train/asllrp_other_ctc/background,494,0,494,0.840080971659919,,,,0.840080971659919,0.6271673272616467
o5s5_epoch_05,role/source/category,train/asllrp_other_ctc/context,5515,5515,0,0.5800543970988215,0.6687216681776972,0.8805077062556663,0.25040797824116046,,0.6116013713282341
o5s5_epoch_05,role/source/category,train/o5s5/context,1005,1005,0,0.43980099502487563,0.48955223880597015,0.7174129353233831,0.2109452736318408,,0.492088856195929
o5s5_epoch_05,role/source/category,validation/asllrp_contiguous/background,2,0,2,0.5,,,,0.5,0.2792324274778366
o5s5_epoch_05,role/source/category,validation/asllrp_contiguous/context,69,69,0,0.6666666666666666,0.7971014492753623,0.927536231884058,0.2753623188405797,,0.629677989344666
o5s5_epoch_05,role/source/category,validation/asllrp_other_ctc/background,14,0,14,0.7142857142857143,,,,0.7142857142857143,0.5149620771408081
o5s5_epoch_05,role/source/category,validation/asllrp_other_ctc/context,1262,1262,0,0.48415213946117275,0.6362916006339144,0.8557844690966719,0.3486529318541997,,0.5634968474436486
o5s5_epoch_05,role/source/category,validation/o5s5/context,318,318,0,0.24842767295597484,0.2861635220125786,0.5660377358490566,0.33647798742138363,,0.5084377736228067
o5s5_epoch_05,source,asllrp_contiguous,370,368,2,0.7594594594594595,0.842391304347826,0.9565217391304348,0.15760869565217392,0.5,0.6556672714449264
o5s5_epoch_05,source,asllrp_other_ctc,7285,6777,508,0.5813315030885381,0.6626826029216467,0.8759037922384536,0.2687029659141213,0.8366141732283464,0.6041379153186439
o5s5_epoch_05,source,o5s5,1323,1323,0,0.3938019652305367,0.4406651549508692,0.6810279667422524,0.24111866969009826,,0.4960185279583985
o5s5_epoch_05,source/category/schedule/window,asllrp_contiguous/background/trailing-0.53/0.13/0.53,2,0,2,0.5,,,,0.5,0.2792324274778366
o5s5_epoch_05,source/category/schedule/window,asllrp_contiguous/context/centered/0.27,116,116,0,0.7241379310344828,0.8189655172413793,0.9396551724137931,0.1896551724137931,,0.642733539229837
o5s5_epoch_05,source/category/schedule/window,asllrp_contiguous/context/centered/0.53,76,76,0,0.7894736842105263,0.868421052631579,0.9868421052631579,0.14473684210526316,,0.7097913944407513
o5s5_epoch_05,source/category/schedule/window,asllrp_contiguous/context/centered/1.07,3,3,0,0.6666666666666666,0.6666666666666666,0.6666666666666666,0.3333333333333333,,0.46217213074366253
o5s5_epoch_05,source/category/schedule/window,asllrp_contiguous/context/trailing-0.53/0.13/0.53,173,173,0,0.7745664739884393,0.8497109826589595,0.9595375722543352,0.13872832369942195,,0.6482697841576758
o5s5_epoch_05,source/category/schedule/window,asllrp_other_ctc/background/trailing-0.53/0.13/0.53,508,0,508,0.8366141732283464,,,,0.8366141732283464,0.6240750565890252
o5s5_epoch_05,source/category/schedule/window,asllrp_other_ctc/context/centered/0.27,1473,1473,0,0.560081466395112,0.6639511201629328,0.8961303462321792,0.2505091649694501,,0.6008883006592551
o5s5_epoch_05,source/category/schedule/window,asllrp_other_ctc/context/centered/0.53,1407,1407,0,0.6311300639658849,0.7221037668798863,0.9019189765458422,0.23809523809523808,,0.6399620607834211
o5s5_epoch_05,source/category/schedule/window,asllrp_other_ctc/context/centered/1.07,964,964,0,0.33195020746887965,0.4460580912863071,0.7188796680497925,0.4004149377593361,,0.4910967138700218
o5s5_epoch_05,source/category/schedule/window,asllrp_other_ctc/context/trailing-0.53/0.13/0.53,2933,2933,0,0.6058643027616775,0.7047391749062394,0.9048755540402319,0.2492328673712922,,0.6222851230088777
o5s5_epoch_05,source/category/schedule/window,o5s5/context/centered/0.27,242,242,0,0.4380165289256198,0.48760330578512395,0.7148760330578512,0.23140495867768596,,0.5395099680162658
o5s5_epoch_05,source/category/schedule/window,o5s5/context/centered/0.53,242,242,0,0.45041322314049587,0.49173553719008267,0.71900826446281,0.2396694214876033,,0.5295047973367301
o5s5_epoch_05,source/category/schedule/window,o5s5/context/centered/1.07,242,242,0,0.2809917355371901,0.30991735537190085,0.5702479338842975,0.24380165289256198,,0.42834653305120707
o5s5_epoch_05,source/category/schedule/window,o5s5/context/trailing-0.53/0.13/0.53,597,597,0,0.39865996649916247,0.4539363484087102,0.6968174204355109,0.24455611390284757,,0.49224636226992313
o5s5_epoch_06,all,all,8978,8468,510,0.5583648919581199,0.6424185167690127,0.8540387340576288,0.27338214454416626,0.8568627450980392,0.5992999581919266
o5s5_epoch_06,category,background,510,0,510,0.8568627450980392,,,,0.8568627450980392,0.658600740894383
o5s5_epoch_06,category,context,8468,8468,0,0.5403873405762872,0.6424185167690127,0.8540387340576288,0.27338214454416626,,0.5957284656106496
o5s5_epoch_06,role,train,7313,6819,494,0.588951182825106,0.6591875641589676,0.8668426455492008,0.2503299604047514,0.8623481781376519,0.6074702717862034
o5s5_epoch_06,role,validation,1665,1649,16,0.424024024024024,0.5730745906610066,0.8010915706488781,0.36870830806549426,0.6875,0.5634143706153821
o5s5_epoch_06,role/source/category,train/asllrp_contiguous/context,299,299,0,0.8093645484949833,0.8729096989966555,0.9632107023411371,0.11036789297658862,,0.6736743646022867
o5s5_epoch_06,role/source/category,train/asllrp_other_ctc/background,494,0,494,0.8623481781376519,,,,0.8623481781376519,0.6624337183801752
o5s5_epoch_06,role/source/category,train/asllrp_other_ctc/context,5515,5515,0,0.5771532184950136,0.6754306436990027,0.8855847688123301,0.26455122393472347,,0.618238903669909
o5s5_epoch_06,role/source/category,train/o5s5/context,1005,1005,0,0.4537313432835821,0.5064676616915423,0.7353233830845771,0.21393034825870647,,0.5016633352607637
o5s5_epoch_06,role/source/category,validation/asllrp_contiguous/background,2,0,2,0.5,,,,0.5,0.3244434669613838
o5s5_epoch_06,role/source/category,validation/asllrp_contiguous/context,69,69,0,0.6811594202898551,0.8115942028985508,0.927536231884058,0.2753623188405797,,0.6423059102633725
o5s5_epoch_06,role/source/category,validation/asllrp_other_ctc/background,14,0,14,0.7142857142857143,,,,0.7142857142857143,0.5710881458861488
o5s5_epoch_06,role/source/category,validation/asllrp_other_ctc/context,1262,1262,0,0.45245641838351824,0.6307448494453248,0.8518225039619651,0.3787638668779715,,0.5704723742868746
o5s5_epoch_06,role/source/category,validation/o5s5/context,318,318,0,0.24213836477987422,0.29245283018867924,0.5723270440251572,0.3490566037735849,,0.5194514526417421
o5s5_epoch_06,source,asllrp_contiguous,370,368,2,0.7837837837837838,0.8614130434782609,0.9565217391304348,0.14130434782608695,0.5,0.6659368371842681
o5s5_epoch_06,source,asllrp_other_ctc,7285,6777,508,0.5751544269045985,0.6671093404161134,0.8792976243175447,0.28581968422605875,0.8582677165354331,0.6128704435156892
o5s5_epoch_06,source,o5s5,1323,1323,0,0.40287226001511717,0.455026455026455,0.6961451247165533,0.24640967498110355,,0.5059389371709309
o5s5_epoch_06,source/category/schedule/window,asllrp_contiguous/background/trailing-0.53/0.13/0.53,2,0,2,0.5,,,,0.5,0.3244434669613838
o5s5_epoch_06,source/category/schedule/window,asllrp_contiguous/context/centered/0.27,116,116,0,0.7241379310344828,0.8189655172413793,0.9396551724137931,0.16379310344827586,,0.6542764130080568
o5s5_epoch_06,source/category/schedule/window,asllrp_contiguous/context/centered/0.53,76,76,0,0.8552631578947368,0.9210526315789473,0.9868421052631579,0.10526315789473684,,0.7153369982383753
o5s5_epoch_06,source/category/schedule/window,asllrp_contiguous/context/centered/1.07,3,3,0,0.6666666666666666,0.6666666666666666,0.6666666666666666,0.3333333333333333,,0.49200207988421124
o5s5_epoch_06,source/category/schedule/window,asllrp_contiguous/context/trailing-0.53/0.13/0.53,173,173,0,0.7976878612716763,0.8670520231213873,0.9595375722543352,0.13872832369942195,,0.6590176925407669
o5s5_epoch_06,source/category/schedule/window,asllrp_other_ctc/background/trailing-0.53/0.13/0.53,508,0,508,0.8582677165354331,,,,0.8582677165354331,0.659916320713017
o5s5_epoch_06,source/category/schedule/window,asllrp_other_ctc/context/centered/0.27,1473,1473,0,0.5444670739986422,0.659877800407332,0.8968092328581126,0.2525458248472505,,0.6073833001374146
o5s5_epoch_06,source/category/schedule/window,asllrp_other_ctc/context/centered/0.53,1407,1407,0,0.6240227434257285,0.7320540156361052,0.9040511727078892,0.25870646766169153,,0.6456289051395828
o5s5_epoch_06,source/category/schedule/window,asllrp_other_ctc/context/centered/1.07,964,964,0,0.32468879668049794,0.4470954356846473,0.7261410788381742,0.4315352697095436,,0.5025017385629945
o5s5_epoch_06,source/category/schedule/window,asllrp_other_ctc/context/trailing-0.53/0.13/0.53,2933,2933,0,0.6004091374019775,0.7118990794408455,0.9089669280600068,0.26764405046027956,,0.6280383714562059
o5s5_epoch_06,source/category/schedule/window,o5s5/context/centered/0.27,242,242,0,0.45454545454545453,0.5082644628099173,0.71900826446281,0.23140495867768596,,0.5502886088364873
o5s5_epoch_06,source/category/schedule/window,o5s5/context/centered/0.53,242,242,0,0.45867768595041325,0.5041322314049587,0.743801652892562,0.256198347107438,,0.5437805541783325
o5s5_epoch_06,source/category/schedule/window,o5s5/context/centered/1.07,242,242,0,0.2892561983471074,0.3140495867768595,0.5826446280991735,0.2809917355371901,,0.4298913737158637
o5s5_epoch_06,source/category/schedule/window,o5s5/context/trailing-0.53/0.13/0.53,597,597,0,0.4053601340033501,0.47068676716917923,0.7135678391959799,0.23450586264656617,,0.5034485158933267
o5s5_epoch_07,all,all,8978,8468,510,0.5681666295388728,0.651393481341521,0.8588804912612187,0.2783419933868682,0.888235294117647,0.6080207970772602
o5s5_epoch_07,category,background,510,0,510,0.888235294117647,,,,0.888235294117647,0.6854731415270591
o5s5_epoch_07,category,context,8468,8468,0,0.5488899385923477,0.651393481341521,0.8588804912612187,0.2783419933868682,,0.6033560951795987
o5s5_epoch_07,role,train,7313,6819,494,0.5951046082319158,0.6669599648042235,0.8710954685437747,0.25736911570611526,0.8927125506072875,0.6162110039724642
o5s5_epoch_07,role,validation,1665,1649,16,0.4498498498498498,0.5870224378411159,0.8083687083080655,0.3650697392359005,0.75,0.5720478342997061
o5s5_epoch_07,role/source/category,train/asllrp_contiguous/context,299,299,0,0.8327759197324415,0.882943143812709,0.9665551839464883,0.10367892976588629,,0.6816332183753367
o5s5_epoch_07,role/source/category,train/asllrp_other_ctc/background,494,0,494,0.8927125506072875,,,,0.8927125506072875,0.689677040752491
o5s5_epoch_07,role/source/category,train/asllrp_other_ctc/context,5515,5515,0,0.5793291024478694,0.6826835902085222,0.8890299184043517,0.2730734360834089,,0.6259824657496926
o5s5_epoch_07,role/source/category,train/o5s5/context,1005,1005,0,0.4646766169154229,0.5164179104477612,0.7442786069651741,0.21691542288557214,,0.5070139134478806
o5s5_epoch_07,role/source/category,validation/asllrp_contiguous/background,2,0,2,0.5,,,,0.5,0.3613370805978775
o5s5_epoch_07,role/source/category,validation/asllrp_contiguous/context,69,69,0,0.6811594202898551,0.8260869565217391,0.927536231884058,0.2753623188405797,,0.6529435366392136
o5s5_epoch_07,role/source/category,validation/asllrp_other_ctc/background,14,0,14,0.7857142857142857,,,,0.7857142857142857,0.5834407061338425
o5s5_epoch_07,role/source/category,validation/asllrp_other_ctc/context,1262,1262,0,0.4896988906497623,0.650554675118859,0.8621236133122029,0.36212361331220283,,0.5816948135308154
o5s5_epoch_07,role/source/category,validation/o5s5/context,318,318,0,0.22641509433962265,0.2830188679245283,0.5691823899371069,0.39622641509433965,,0.5170340923205862
o5s5_epoch_07,source,asllrp_contiguous,370,368,2,0.8027027027027027,0.8722826086956522,0.9592391304347826,0.1358695652173913,0.5,0.6745516499554789
o5s5_epoch_07,source,asllrp_other_ctc,7285,6777,508,0.5854495538778312,0.6767006049874575,0.8840194776449757,0.2896561900545964,0.889763779527559,0.6225478080031638
o5s5_epoch_07,source,o5s5,1323,1323,0,0.4074074074074074,0.4603174603174603,0.7021919879062736,0.2600151171579743,,0.5094223918163767
o5s5_epoch_07,source/category/schedule/window,asllrp_contiguous/background/trailing-0.53/0.13/0.53,2,0,2,0.5,,,,0.5,0.3613370805978775
o5s5_epoch_07,source/category/schedule/window,asllrp_contiguous/context/centered/0.27,116,116,0,0.7844827586206896,0.853448275862069,0.9396551724137931,0.14655172413793102,,0.6548849998106216
o5s5_epoch_07,source/category/schedule/window,asllrp_contiguous/context/centered/0.53,76,76,0,0.8289473684210527,0.8947368421052632,0.9868421052631579,0.14473684210526316,,0.7243020756072119
o5s5_epoch_07,source/category/schedule/window,asllrp_contiguous/context/centered/1.07,3,3,0,0.6666666666666666,0.6666666666666666,0.6666666666666666,0.3333333333333333,,0.5619155963261923
o5s5_epoch_07,source/category/schedule/window,asllrp_contiguous/context/trailing-0.53/0.13/0.53,173,173,0,0.8092485549132948,0.8786127167630058,0.9653179190751445,0.12138728323699421,,0.6714570624807666
o5s5_epoch_07,source/category/schedule/window,asllrp_other_ctc/background/trailing-0.53/0.13/0.53,508,0,508,0.889763779527559,,,,0.889763779527559,0.6867492677511897
o5s5_epoch_07,source/category/schedule/window,asllrp_other_ctc/context/centered/0.27,1473,1473,0,0.5539714867617108,0.6754921928038018,0.9022403258655805,0.26001357773251865,,0.613492247807235
o5s5_epoch_07,source/category/schedule/window,asllrp_other_ctc/context/centered/0.53,1407,1407,0,0.6375266524520256,0.7377398720682303,0.908315565031983,0.2565742714996446,,0.6565162752567663
o5s5_epoch_07,source/category/schedule/window,asllrp_other_ctc/context/centered/1.07,964,964,0,0.32676348547717843,0.45228215767634855,0.733402489626556,0.4429460580912863,,0.5150860453805117
o5s5_epoch_07,source/category/schedule/window,asllrp_other_ctc/context/trailing-0.53/0.13/0.53,2933,2933,0,0.6085918854415274,0.7217865666553017,0.9127173542448005,0.2700306853051483,,0.6350005882142186
o5s5_epoch_07,source/category/schedule/window,o5s5/context/centered/0.27,242,242,0,0.4462809917355372,0.5041322314049587,0.7231404958677686,0.22727272727272727,,0.5554923683035472
o5s5_epoch_07,source/category/schedule/window,o5s5/context/centered/0.53,242,242,0,0.47107438016528924,0.5330578512396694,0.7520661157024794,0.28512396694214875,,0.5459840982721365
o5s5_epoch_07,source/category/schedule/window,o5s5/context/centered/1.07,242,242,0,0.2768595041322314,0.3140495867768595,0.5991735537190083,0.30165289256198347,,0.4354319384029089
o5s5_epoch_07,source/category/schedule/window,o5s5/context/trailing-0.53/0.13/0.53,597,597,0,0.4187604690117253,0.4723618090452261,0.7152428810720268,0.24623115577889448,,0.5059195818563602
o5s5_epoch_08,all,all,8978,8468,510,0.5828692359100023,0.6594237128011337,0.8619508738781294,0.2579121398205007,0.8862745098039215,0.6128236042013224
o5s5_epoch_08,category,background,510,0,510,0.8862745098039215,,,,0.8862745098039215,0.6847136233221082
o5s5_epoch_08,category,context,8468,8468,0,0.5645961265942371,0.6594237128011337,0.8619508738781294,0.2579121398205007,,0.6084939030025033
o5s5_epoch_08,role,train,7313,6819,494,0.6112402570764393,0.6767854524123772,0.8744683971256783,0.23669159700835898,0.888663967611336,0.6221283010218451
o5s5_epoch_08,role,validation,1665,1649,16,0.4582582582582583,0.5876288659793815,0.8101879927228623,0.34566403881140084,0.8125,0.5719555874755075
o5s5_epoch_08,role/source/category,train/asllrp_contiguous/context,299,299,0,0.8494983277591973,0.8963210702341137,0.9698996655518395,0.09364548494983277,,0.6974596792838247
o5s5_epoch_08,role/source/category,train/asllrp_other_ctc/background,494,0,494,0.888663967611336,,,,0.888663967611336,0.688715399744419
o5s5_epoch_08,role/source/category,train/asllrp_other_ctc/context,5515,5515,0,0.5961922030825023,0.6921124206708975,0.8922937443336355,0.25367180417044427,,0.6328009404194755
o5s5_epoch_08,role/source/category,train/o5s5/context,1005,1005,0,0.48656716417910445,0.527363184079602,0.7482587064676617,0.18606965174129353,,0.5084191317211336
o5s5_epoch_08,role/source/category,validation/asllrp_contiguous/background,2,0,2,1.0,,,,1.0,0.3436649888753891
o5s5_epoch_08,role/source/category,validation/asllrp_contiguous/context,69,69,0,0.6956521739130435,0.8260869565217391,0.9420289855072463,0.2463768115942029,,0.6517210142767947
o5s5_epoch_08,role/source/category,validation/asllrp_other_ctc/background,14,0,14,0.7857142857142857,,,,0.7857142857142857,0.5922293173415321
o5s5_epoch_08,role/source/category,validation/asllrp_other_ctc/context,1262,1262,0,0.4976228209191759,0.6513470681458003,0.8637083993660856,0.34231378763866877,,0.5815293248654262
o5s5_epoch_08,role/source/category,validation/o5s5/context,318,318,0,0.23270440251572327,0.2830188679245283,0.5691823899371069,0.3805031446540881,,0.5171973420154748
o5s5_epoch_08,source,asllrp_contiguous,370,368,2,0.8216216216216217,0.8831521739130435,0.9646739130434783,0.12228260869565218,1.0,0.6870176326181437
o5s5_epoch_08,source,asllrp_other_ctc,7285,6777,508,0.5993136582017845,0.6845211745610152,0.88697063597462,0.2701785450789435,0.8858267716535433,0.6276326441057103
o5s5_epoch_08,source,o5s5,1323,1323,0,0.4255479969765684,0.46863189720332576,0.7052154195011338,0.2328042328042328,,0.5105290870299776
o5s5_epoch_08,source/category/schedule/window,asllrp_contiguous/background/trailing-0.53/0.13/0.53,2,0,2,1.0,,,,1.0,0.3436649888753891
o5s5_epoch_08,source/category/schedule/window,asllrp_contiguous/context/centered/0.27,116,116,0,0.8017241379310345,0.8620689655172413,0.9482758620689655,0.12931034482758622,,0.6657930753868202
o5s5_epoch_08,source/category/schedule/window,asllrp_contiguous/context/centered/0.53,76,76,0,0.8552631578947368,0.9210526315789473,0.9868421052631579,0.11842105263157894,,0.7335478018381094
o5s5_epoch_08,source/category/schedule/window,asllrp_contiguous/context/centered/1.07,3,3,0,0.6666666666666666,0.6666666666666666,0.6666666666666666,0.3333333333333333,,0.5792635480562845
o5s5_epoch_08,source/category/schedule/window,asllrp_contiguous/context/trailing-0.53/0.13/0.53,173,173,0,0.8208092485549133,0.884393063583815,0.9710982658959537,0.11560693641618497,,0.6866460911111335
o5s5_epoch_08,source/category/schedule/window,asllrp_other_ctc/background/trailing-0.53/0.13/0.53,508,0,508,0.8858267716535433,,,,0.8858267716535433,0.6860563344813473
o5s5_epoch_08,source/category/schedule/window,asllrp_other_ctc/context/centered/0.27,1473,1473,0,0.5648336727766463,0.6782077393075356,0.9069925322471147,0.24439918533604887,,0.6183839370291085
o5s5_epoch_08,source/category/schedule/window,asllrp_other_ctc/context/centered/0.53,1407,1407,0,0.6481876332622601,0.7476901208244492,0.908315565031983,0.24235963041933192,,0.6642592537091739
o5s5_epoch_08,source/category/schedule/window,asllrp_other_ctc/context/centered/1.07,964,964,0,0.35269709543568467,0.46473029045643155,0.7375518672199171,0.40560165975103735,,0.5145115566003249
o5s5_epoch_08,source/category/schedule/window,asllrp_other_ctc/context/trailing-0.53/0.13/0.53,2933,2933,0,0.6246164336856461,0.7296283668598704,0.9157858847596317,0.25196045005114215,,0.6417680684003333
o5s5_epoch_08,source/category/schedule/window,o5s5/context/centered/0.27,242,242,0,0.47107438016528924,0.5082644628099173,0.731404958677686,0.2024793388429752,,0.5552066309023495
o5s5_epoch_08,source/category/schedule/window,o5s5/context/centered/0.53,242,242,0,0.5041322314049587,0.5537190082644629,0.7479338842975206,0.24380165289256198,,0.5461766383310488
o5s5_epoch_08,source/category/schedule/window,o5s5/context/centered/1.07,242,242,0,0.29338842975206614,0.32644628099173556,0.5826446280991735,0.2809917355371901,,0.43261981342942263
o5s5_epoch_08,source/category/schedule/window,o5s5/context/trailing-0.53/0.13/0.53,597,597,0,0.4288107202680067,0.47571189279731996,0.7269681742043551,0.22110552763819097,,0.5095498092734634
o5s5_epoch_09,all,all,8978,8468,510,0.5765203831588327,0.6607227208313652,0.8632498819083609,0.26641473783656117,0.8960784313725491,0.6158815094274583
o5s5_epoch_09,category,background,510,0,510,0.8960784313725491,,,,0.8960784313725491,0.7016258325646906
o5s5_epoch_09,category,context,8468,8468,0,0.5572744449692961,0.6607227208313652,0.8632498819083609,0.26641473783656117,,0.6107174087189099
o5s5_epoch_09,role,train,7313,6819,494,0.6078216874059893,0.6791318375128318,0.8768147822261328,0.24167766534682505,0.8967611336032388,0.6250434017429579
o5s5_epoch_09,role,validation,1665,1649,16,0.439039039039039,0.5845967252880534,0.8071558520315343,0.36870830806549426,0.875,0.5756407175336156
o5s5_epoch_09,role/source/category,train/asllrp_contiguous/context,299,299,0,0.842809364548495,0.8963210702341137,0.9698996655518395,0.10033444816053512,,0.7003994836755421
o5s5_epoch_09,role/source/category,train/asllrp_other_ctc/background,494,0,494,0.8967611336032388,,,,0.8967611336032388,0.7054954165751152
o5s5_epoch_09,role/source/category,train/asllrp_other_ctc/context,5515,5515,0,0.5903898458748866,0.6935630099728014,0.8942883046237534,0.2601994560290118,,0.6345650573765161
o5s5_epoch_09,role/source/category,train/o5s5/context,1005,1005,0,0.49154228855721394,0.5353233830845772,0.7532338308457711,0.18208955223880596,,0.510827785181762
o5s5_epoch_09,role/source/category,validation/asllrp_contiguous/background,2,0,2,1.0,,,,1.0,0.37448249757289886
o5s5_epoch_09,role/source/category,validation/asllrp_contiguous/context,69,69,0,0.6811594202898551,0.8260869565217391,0.927536231884058,0.2753623188405797,,0.650887250252392
o5s5_epoch_09,role/source/category,validation/asllrp_other_ctc/background,14,0,14,0.8571428571428571,,,,0.8571428571428571,0.6118195589099612
o5s5_epoch_09,role/source/category,validation/asllrp_other_ctc/context,1262,1262,0,0.4722662440570523,0.6458003169572107,0.8597464342313788,0.3676703645007924,,0.5852243057356206
o5s5_epoch_09,role/source/category,validation/o5s5/context,318,318,0,0.23270440251572327,0.2893081761006289,0.5723270440251572,0.39308176100628933,,0.520953024427096
o5s5_epoch_09,source,asllrp_contiguous,370,368,2,0.8135135135135135,0.8831521739130435,0.9619565217391305,0.1331521739130435,1.0,0.6894044077879674
o5s5_epoch_09,source,asllrp_other_ctc,7285,6777,508,0.5912148249828415,0.6846687324774974,0.8878559834735134,0.28021248339973437,0.8956692913385826,0.6307837439784058
o5s5_epoch_09,source,o5s5,1323,1323,0,0.4293272864701436,0.47619047619047616,0.7097505668934241,0.2328042328042328,,0.5132615161568309
o5s5_epoch_09,source/category/schedule/window,asllrp_contiguous/background/trailing-0.53/0.13/0.53,2,0,2,1.0,,,,1.0,0.37448249757289886
o5s5_epoch_09,source/category/schedule/window,asllrp_contiguous/context/centered/0.27,116,116,0,0.7931034482758621,0.8620689655172413,0.9396551724137931,0.13793103448275862,,0.6706116455125397
o5s5_epoch_09,source/category/schedule/window,asllrp_contiguous/context/centered/0.53,76,76,0,0.8552631578947368,0.9210526315789473,0.9868421052631579,0.13157894736842105,,0.7333883231407717
o5s5_epoch_09,source/category/schedule/window,asllrp_contiguous/context/centered/1.07,3,3,0,0.6666666666666666,0.6666666666666666,0.6666666666666666,0.3333333333333333,,0.5779805779457092
o5s5_epoch_09,source/category/schedule/window,asllrp_contiguous/context/trailing-0.53/0.13/0.53,173,173,0,0.8092485549132948,0.884393063583815,0.9710982658959537,0.12716763005780346,,0.6882558422798366
o5s5_epoch_09,source/category/schedule/window,asllrp_other_ctc/background/trailing-0.53/0.13/0.53,508,0,508,0.8956692913385826,,,,0.8956692913385826,0.702913798450485
o5s5_epoch_09,source/category/schedule/window,asllrp_other_ctc/context/centered/0.27,1473,1473,0,0.5492192803801765,0.6727766463000678,0.9063136456211812,0.25526137135098437,,0.6208323874717574
o5s5_epoch_09,source/category/schedule/window,asllrp_other_ctc/context/centered/0.53,1407,1407,0,0.6417910447761194,0.7505330490405118,0.9104477611940298,0.2515991471215352,,0.6651331657793984
o5s5_epoch_09,source/category/schedule/window,asllrp_other_ctc/context/centered/1.07,964,964,0,0.34854771784232363,0.46473029045643155,0.7365145228215768,0.41286307053941906,,0.5188051710577674
o5s5_epoch_09,source/category/schedule/window,asllrp_other_ctc/context/trailing-0.53/0.13/0.53,2933,2933,0,0.6150698943061712,0.7313331060347766,0.9174906239345381,0.2628707807705421,,0.6436149708055369
o5s5_epoch_09,source/category/schedule/window,o5s5/context/centered/0.27,242,242,0,0.4669421487603306,0.5206611570247934,0.7272727272727273,0.19834710743801653,,0.5574151155931398
o5s5_epoch_09,source/category/schedule/window,o5s5/context/centered/0.53,242,242,0,0.5082644628099173,0.5413223140495868,0.743801652892562,0.22727272727272727,,0.5490979643092175
o5s5_epoch_09,source/category/schedule/window,o5s5/context/centered/1.07,242,242,0,0.30578512396694213,0.3512396694214876,0.5867768595041323,0.2809917355371901,,0.4342669596479944
o5s5_epoch_09,source/category/schedule/window,o5s5/context/trailing-0.53/0.13/0.53,597,597,0,0.4321608040201005,0.4824120603015075,0.7386934673366834,0.22948073701842547,,0.5128579837593001
o5s5_epoch_10,all,all,8978,8468,510,0.5800846513700156,0.6624940954180444,0.8658478979688238,0.2639348134152102,0.907843137254902,0.618903430162579
o5s5_epoch_10,category,background,510,0,510,0.907843137254902,,,,0.907843137254902,0.7079319356118932
o5s5_epoch_10,category,context,8468,8468,0,0.5603448275862069,0.6624940954180444,0.8658478979688238,0.2639348134152102,,0.6135415338731186
o5s5_epoch_10,role,train,7313,6819,494,0.6116504854368932,0.6814782226132864,0.8796011145329227,0.24035782372781933,0.9089068825910931,0.6282843386258486
o5s5_epoch_10,role,validation,1665,1649,16,0.44144144144144143,0.5839902971497878,0.8089751364463311,0.36143117040630685,0.875,0.5777006772545364
o5s5_epoch_10,role/source/category,train/asllrp_contiguous/context,299,299,0,0.8461538461538461,0.8963210702341137,0.9698996655518395,0.09698996655518395,,0.7036832993644536
o5s5_epoch_10,role/source/category,train/asllrp_other_ctc/background,494,0,494,0.9089068825910931,,,,0.9089068825910931,0.7117738626625857
o5s5_epoch_10,role/source/category,train/asllrp_other_ctc/context,5515,5515,0,0.5936536718041704,0.6959202175883953,0.8966455122393472,0.25947416137805984,,0.6375320200447807
o5s5_epoch_10,role/source/category,train/o5s5/context,1005,1005,0,0.4945273631840796,0.5383084577114428,0.7592039800995025,0.1781094527363184,,0.5140663514015686
o5s5_epoch_10,role/source/category,validation/asllrp_contiguous/background,2,0,2,1.0,,,,1.0,0.360083743929863
o5s5_epoch_10,role/source/category,validation/asllrp_contiguous/context,69,69,0,0.6956521739130435,0.8405797101449275,0.927536231884058,0.2608695652173913,,0.6564538707767708
o5s5_epoch_10,role/source/category,validation/asllrp_other_ctc/background,14,0,14,0.8571428571428571,,,,0.8571428571428571,0.6220593942063195
o5s5_epoch_10,role/source/category,validation/asllrp_other_ctc/context,1262,1262,0,0.4754358161648177,0.6450079239302694,0.8629160063391442,0.3589540412044374,,0.5870146835887017
o5s5_epoch_10,role/source/category,validation/o5s5/context,318,318,0,0.22955974842767296,0.2861635220125786,0.5691823899371069,0.39308176100628933,,0.5230653485833848
o5s5_epoch_10,source,asllrp_contiguous,370,368,2,0.8189189189189189,0.8858695652173914,0.9619565217391305,0.12771739130434784,1.0,0.6930183542741312
o5s5_epoch_10,source,asllrp_other_ctc,7285,6777,508,0.5950583390528483,0.6864394274752841,0.8903644680537111,0.2779991146525011,0.90748031496063,0.633785413989034
o5s5_epoch_10,source,o5s5,1323,1323,0,0.4308390022675737,0.47770219198790626,0.7135298563869993,0.22978080120937264,,0.5162293756674927
o5s5_epoch_10,source/category/schedule/window,asllrp_contiguous/background/trailing-0.53/0.13/0.53,2,0,2,1.0,,,,1.0,0.360083743929863
o5s5_epoch_10,source/category/schedule/window,asllrp_contiguous/context/centered/0.27,116,116,0,0.7931034482758621,0.8706896551724138,0.9396551724137931,0.13793103448275862,,0.6753954922073874
o5s5_epoch_10,source/category/schedule/window,asllrp_contiguous/context/centered/0.53,76,76,0,0.868421052631579,0.9210526315789473,0.9868421052631579,0.11842105263157894,,0.7364164475155505
o5s5_epoch_10,source/category/schedule/window,asllrp_contiguous/context/centered/1.07,3,3,0,0.6666666666666666,0.6666666666666666,0.6666666666666666,0.3333333333333333,,0.5784398118654887
o5s5_epoch_10,source/category/schedule/window,asllrp_contiguous/context/trailing-0.53/0.13/0.53,173,173,0,0.815028901734104,0.884393063583815,0.9710982658959537,0.12138728323699421,,0.6916056476921015
o5s5_epoch_10,source/category/schedule/window,asllrp_other_ctc/background/trailing-0.53/0.13/0.53,508,0,508,0.90748031496063,,,,0.90748031496063,0.7093014166815075
o5s5_epoch_10,source/category/schedule/window,asllrp_other_ctc/context/centered/0.27,1473,1473,0,0.5580448065173116,0.6795655125594026,0.9110658520027155,0.25186693822131706,,0.6236983640909761
o5s5_epoch_10,source/category/schedule/window,asllrp_other_ctc/context/centered/0.53,1407,1407,0,0.6432125088841507,0.7505330490405118,0.9104477611940298,0.2501776830135039,,0.6676573848938298
o5s5_epoch_10,source/category/schedule/window,asllrp_other_ctc/context/centered/1.07,964,964,0,0.3495850622406639,0.46680497925311204,0.7448132780082988,0.41597510373443985,,0.5220701355425278
o5s5_epoch_10,source/category/schedule/window,asllrp_other_ctc/context/trailing-0.53/0.13/0.53,2933,2933,0,0.6171155813160586,0.7313331060347766,0.9181725196045005,0.2591203545857484,,0.6462408386366464
o5s5_epoch_10,source/category/schedule/window,o5s5/context/centered/0.27,242,242,0,0.47520661157024796,0.5206611570247934,0.731404958677686,0.2024793388429752,,0.5610672109875797
o5s5_epoch_10,source/category/schedule/window,o5s5/context/centered/0.53,242,242,0,0.5,0.5454545454545454,0.7520661157024794,0.23140495867768596,,0.5530005181131284
o5s5_epoch_10,source/category/schedule/window,o5s5/context/centered/1.07,242,242,0,0.30578512396694213,0.34297520661157027,0.5991735537190083,0.26859504132231404,,0.4364406518822859
o5s5_epoch_10,source/category/schedule/window,o5s5/context/trailing-0.53/0.13/0.53,597,597,0,0.4355108877721943,0.48743718592964824,0.7370184254606366,0.22445561139028475,,0.5154915172700307
o5s5_epoch_11,all,all,8978,8468,510,0.5863221207395857,0.6630845536136042,0.8667926310817194,0.25732168162494096,0.9019607843137255,0.6196625804747266
o5s5_epoch_11,category,background,510,0,510,0.9019607843137255,,,,0.9019607843137255,0.7057960591333754
o5s5_epoch_11,category,context,8468,8468,0,0.567312234293812,0.6630845536136042,0.8667926310817194,0.25732168162494096,,0.6144750421993473
o5s5_epoch_11,role,train,7313,6819,494,0.617530425270067,0.681331573544508,0.8801877108080364,0.23390526470156914,0.902834008097166,0.6293028469960161
o5s5_epoch_11,role,validation,1665,1649,16,0.44924924924924925,0.5876288659793815,0.8114008489993936,0.3541540327471195,0.875,0.5773206771292665
o5s5_epoch_11,role/source/category,train/asllrp_contiguous/context,299,299,0,0.8528428093645485,0.8996655518394648,0.9732441471571907,0.0903010033444816,,0.705981677989896
o5s5_epoch_11,role/source/category,train/asllrp_other_ctc/background,494,0,494,0.902834008097166,,,,0.902834008097166,0.7096614407956118
o5s5_epoch_11,role/source/category,train/asllrp_other_ctc/context,5515,5515,0,0.6007252946509519,0.6950135992747053,0.8966455122393472,0.2524025385312783,,0.6385894903529804
o5s5_epoch_11,role/source/category,train/o5s5/context,1005,1005,0,0.49950248756218907,0.5412935323383085,0.7621890547263681,0.17512437810945275,,0.5160292610081274
o5s5_epoch_11,role/source/category,validation/asllrp_contiguous/background,2,0,2,1.0,,,,1.0,0.35615426301956177
o5s5_epoch_11,role/source/category,validation/asllrp_contiguous/context,69,69,0,0.6956521739130435,0.8405797101449275,0.927536231884058,0.2608695652173913,,0.6547714219145153
o5s5_epoch_11,role/source/category,validation/asllrp_other_ctc/background,14,0,14,0.8571428571428571,,,,0.8571428571428571,0.6193521342107228
o5s5_epoch_11,role/source/category,validation/asllrp_other_ctc/context,1262,1262,0,0.4857369255150555,0.6497622820919176,0.8660855784469097,0.34944532488114105,,0.5867435126853207
o5s5_epoch_11,role/source/category,validation/o5s5/context,318,318,0,0.22955974842767296,0.2861635220125786,0.5691823899371069,0.39308176100628933,,0.5226608424347902
o5s5_epoch_11,source,asllrp_contiguous,370,368,2,0.8243243243243243,0.8885869565217391,0.9646739130434783,0.12228260869565218,1.0,0.6945406982624853
o5s5_epoch_11,source,asllrp_other_ctc,7285,6777,508,0.6017844886753603,0.6865869853917662,0.8909546997196399,0.27047366091190794,0.9015748031496063,0.6343905331417355
o5s5_epoch_11,source,o5s5,1323,1323,0,0.4346182917611489,0.4799697656840514,0.7157974300831443,0.2275132275132275,,0.5176232465664636
o5s5_epoch_11,source/category/schedule/window,asllrp_contiguous/background/trailing-0.53/0.13/0.53,2,0,2,1.0,,,,1.0,0.35615426301956177
o5s5_epoch_11,source/category/schedule/window,asllrp_contiguous/context/centered/0.27,116,116,0,0.8017241379310345,0.8706896551724138,0.9482758620689655,0.12931034482758622,,0.6760147934586838
o5s5_epoch_11,source/category/schedule/window,asllrp_contiguous/context/centered/0.53,76,76,0,0.868421052631579,0.9342105263157895,0.9868421052631579,0.11842105263157894,,0.7380146223463511
o5s5_epoch_11,source/category/schedule/window,asllrp_contiguous/context/centered/1.07,3,3,0,0.6666666666666666,0.6666666666666666,0.6666666666666666,0.3333333333333333,,0.5902604063351949
o5s5_epoch_11,source/category/schedule/window,asllrp_contiguous/context/trailing-0.53/0.13/0.53,173,173,0,0.8208092485549133,0.884393063583815,0.9710982658959537,0.11560693641618497,,0.6935846316332073
o5s5_epoch_11,source/category/schedule/window,asllrp_other_ctc/background/trailing-0.53/0.13/0.53,508,0,508,0.9015748031496063,,,,0.9015748031496063,0.7071726016377605
o5s5_epoch_11,source/category/schedule/window,asllrp_other_ctc/context/centered/0.27,1473,1473,0,0.5682281059063137,0.6802443991853361,0.9110658520027155,0.241683638832315,,0.6245696900181033
o5s5_epoch_11,source/category/schedule/window,asllrp_other_ctc/context/centered/0.53,1407,1407,0,0.6481876332622601,0.746268656716418,0.9125799573560768,0.24307036247334754,,0.66902951254657
o5s5_epoch_11,source/category/schedule/window,asllrp_other_ctc/context/centered/1.07,964,964,0,0.35477178423236516,0.4678423236514523,0.7479253112033195,0.4149377593360996,,0.5218323361963281
o5s5_epoch_11,source/category/schedule/window,asllrp_other_ctc/context/trailing-0.53/0.13/0.53,2933,2933,0,0.6256392771905899,0.733037845209683,0.9174906239345381,0.25059665871121717,,0.6470948866902867
o5s5_epoch_11,source/category/schedule/window,o5s5/context/centered/0.27,242,242,0,0.47520661157024796,0.5206611570247934,0.7272727272727273,0.2024793388429752,,0.5622279372774373
o5s5_epoch_11,source/category/schedule/window,o5s5/context/centered/0.53,242,242,0,0.5082644628099173,0.5537190082644629,0.756198347107438,0.23553719008264462,,0.5555084326789399
o5s5_epoch_11,source/category/schedule/window,o5s5/context/centered/1.07,242,242,0,0.30578512396694213,0.33884297520661155,0.6115702479338843,0.2644628099173554,,0.4376911559750226
o5s5_epoch_11,source/category/schedule/window,o5s5/context/trailing-0.53/0.13/0.53,597,597,0,0.440536013400335,0.490787269681742,0.7370184254606366,0.21943048576214405,,0.5165864219967045
o5s5_epoch_12,all,all,8978,8468,510,0.5865448875027846,0.6624940954180444,0.8670288143599433,0.25743977326405293,0.903921568627451,0.6199634070944902
o5s5_epoch_12,category,background,510,0,510,0.903921568627451,,,,0.903921568627451,0.7064133083411291
o5s5_epoch_12,category,context,8468,8468,0,0.567430325932924,0.6624940954180444,0.8670288143599433,0.25743977326405293,,0.6147568117194564
o5s5_epoch_12,role,train,7313,6819,494,0.618350881990975,0.6810382754069512,0.8804810089455932,0.23375861563279074,0.9048582995951417,0.6296237040416546
o5s5_epoch_12,role,validation,1665,1649,16,0.44684684684684683,0.5858095815645846,0.8114008489993936,0.3553668890236507,0.875,0.5775335262688968
o5s5_epoch_12,role/source/category,train/asllrp_contiguous/context,299,299,0,0.8494983277591973,0.8996655518394648,0.9732441471571907,0.09364548494983277,,0.7063779005637536
o5s5_epoch_12,role/source/category,train/asllrp_other_ctc/background,494,0,494,0.9048582995951417,,,,0.9048582995951417,0.7102893526073892
o5s5_epoch_12,role/source/category,train/asllrp_other_ctc/context,5515,5515,0,0.6018132366273798,0.6948322756119674,0.8970081595648232,0.25203989120580234,,0.6389063502819778
o5s5_epoch_12,role/source/category,train/o5s5/context,1005,1005,0,0.49950248756218907,0.5402985074626866,0.7621890547263681,0.17512437810945275,,0.5161986998954222
o5s5_epoch_12,role/source/category,validation/asllrp_contiguous/background,2,0,2,1.0,,,,1.0,0.3530236631631851
o5s5_epoch_12,role/source/category,validation/asllrp_contiguous/context,69,69,0,0.6956521739130435,0.8405797101449275,0.927536231884058,0.2608695652173913,,0.6554499953121379
o5s5_epoch_12,role/source/category,validation/asllrp_other_ctc/background,14,0,14,0.8571428571428571,,,,0.8571428571428571,0.6201285528285163
o5s5_epoch_12,role/source/category,validation/asllrp_other_ctc/context,1262,1262,0,0.48256735340729,0.6473851030110935,0.8660855784469097,0.3510301109350238,,0.5869835924841287
o5s5_epoch_12,role/source/category,validation/o5s5/context,318,318,0,0.22955974842767296,0.2861635220125786,0.5691823899371069,0.39308176100628933,,0.5226607886172315
o5s5_epoch_12,source,asllrp_contiguous,370,368,2,0.8216216216216217,0.8885869565217391,0.9646739130434783,0.125,1.0,0.6949705115443952
o5s5_epoch_12,source,asllrp_other_ctc,7285,6777,508,0.6021962937542896,0.6859967537258373,0.8912498155526044,0.27047366091190794,0.9035433070866141,0.6347160680092968
o5s5_epoch_12,source,o5s5,1323,1323,0,0.4346182917611489,0.47921390778533635,0.7157974300831443,0.2275132275132275,,0.5177519457106418
o5s5_epoch_12,source/category/schedule/window,asllrp_contiguous/background/trailing-0.53/0.13/0.53,2,0,2,1.0,,,,1.0,0.3530236631631851
o5s5_epoch_12,source/category/schedule/window,asllrp_contiguous/context/centered/0.27,116,116,0,0.7931034482758621,0.8706896551724138,0.9482758620689655,0.13793103448275862,,0.6766488300315265
o5s5_epoch_12,source/category/schedule/window,asllrp_contiguous/context/centered/0.53,76,76,0,0.868421052631579,0.9342105263157895,0.9868421052631579,0.11842105263157894,,0.7382829497127157
o5s5_epoch_12,source/category/schedule/window,asllrp_contiguous/context/centered/1.07,3,3,0,0.6666666666666666,0.6666666666666666,0.6666666666666666,0.3333333333333333,,0.5893000562985738
o5s5_epoch_12,source/category/schedule/window,asllrp_contiguous/context/trailing-0.53/0.13/0.53,173,173,0,0.8208092485549133,0.884393063583815,0.9710982658959537,0.11560693641618497,,0.694013718580235
o5s5_epoch_12,source/category/schedule/window,asllrp_other_ctc/background/trailing-0.53/0.13/0.53,508,0,508,0.9035433070866141,,,,0.9035433070866141,0.7078046061567903
o5s5_epoch_12,source/category/schedule/window,asllrp_other_ctc/context/centered/0.27,1473,1473,0,0.5682281059063137,0.6782077393075356,0.9110658520027155,0.24236252545824846,,0.6248627014240681
o5s5_epoch_12,source/category/schedule/window,asllrp_other_ctc/context/centered/0.53,1407,1407,0,0.6488983653162758,0.7476901208244492,0.9125799573560768,0.24378109452736318,,0.6692847366542068
o5s5_epoch_12,source/category/schedule/window,asllrp_other_ctc/context/centered/1.07,964,964,0,0.35684647302904565,0.4678423236514523,0.75,0.4107883817427386,,0.5221653266798287
o5s5_epoch_12,source/category/schedule/window,asllrp_other_ctc/context/trailing-0.53/0.13/0.53,2933,2933,0,0.6252983293556086,0.7320150017047392,0.9174906239345381,0.2512785543811797,,0.6474149529255375
o5s5_epoch_12,source/category/schedule/window,o5s5/context/centered/0.27,242,242,0,0.47520661157024796,0.5165289256198347,0.7272727272727273,0.2024793388429752,,0.5622639396220199
o5s5_epoch_12,source/category/schedule/window,o5s5/context/centered/0.53,242,242,0,0.5082644628099173,0.5537190082644629,0.756198347107438,0.23553719008264462,,0.555742009057979
o5s5_epoch_12,source/category/schedule/window,o5s5/context/centered/1.07,242,242,0,0.30578512396694213,0.33884297520661155,0.6115702479338843,0.2644628099173554,,0.43779781306824406
o5s5_epoch_12,source/category/schedule/window,o5s5/context/trailing-0.53/0.13/0.53,597,597,0,0.440536013400335,0.490787269681742,0.7370184254606366,0.21943048576214405,,0.5167191186467407
prior_no_o5s5_epoch_01,all,all,8978,8468,510,0.4919803965248385,0.5199574870099197,0.7574397732640529,0.0051960321209258385,0.03529411764705882,0.4653842914177324
prior_no_o5s5_epoch_01,category,background,510,0,510,0.03529411764705882,,,,0.03529411764705882,0.29757185226269794
prior_no_o5s5_epoch_01,category,context,8468,8468,0,0.519485120453472,0.5199574870099197,0.7574397732640529,0.0051960321209258385,,0.47549108687936065
prior_no_o5s5_epoch_01,role,train,7313,6819,494,0.49569260221523315,0.5294031382900719,0.7602287725472944,0.005279366476022877,0.03643724696356275,0.4669942459582867
prior_no_o5s5_epoch_01,role,validation,1665,1649,16,0.4756756756756757,0.4808975136446331,0.7459066100667071,0.004851425106124924,0.0,0.4583130616549257
prior_no_o5s5_epoch_01,role/source/category,train/asllrp_contiguous/context,299,299,0,0.6989966555183946,0.7023411371237458,0.8561872909698997,0.006688963210702341,,0.5396449942652597
prior_no_o5s5_epoch_01,role/source/category,train/asllrp_other_ctc/background,494,0,494,0.03643724696356275,,,,0.03643724696356275,0.29637901727788846
prior_no_o5s5_epoch_01,role/source/category,train/asllrp_other_ctc/context,5515,5515,0,0.5592021758839528,0.5593834995466909,0.7958295557570263,0.00471441523118767,,0.49365527448755225
prior_no_o5s5_epoch_01,role/source/category,train/o5s5/context,1005,1005,0,0.3124378109452736,0.31343283582089554,0.536318407960199,0.007960199004975124,,0.38294029261045787
prior_no_o5s5_epoch_01,role/source/category,validation/asllrp_contiguous/background,2,0,2,0.0,,,,0.0,0.3313985615968704
prior_no_o5s5_epoch_01,role/source/category,validation/asllrp_contiguous/context,69,69,0,0.6376811594202898,0.6376811594202898,0.855072463768116,0.0,,0.5262781511182371
prior_no_o5s5_epoch_01,role/source/category,validation/asllrp_other_ctc/background,14,0,14,0.0,,,,0.0,0.33482949967895237
prior_no_o5s5_epoch_01,role/source/category,validation/asllrp_other_ctc/context,1262,1262,0,0.53486529318542,0.5356576862123613,0.7995245641838352,0.006339144215530904,,0.46567525144920296
prior_no_o5s5_epoch_01,role/source/category,validation/o5s5/context,318,318,0,0.22955974842767296,0.22955974842767296,0.5094339622641509,0.0,,0.4205832634613199
prior_no_o5s5_epoch_01,source,asllrp_contiguous,370,368,2,0.6837837837837838,0.6902173913043478,0.8559782608695652,0.005434782608695652,0.0,0.5360266022585534
prior_no_o5s5_epoch_01,source,asllrp_other_ctc,7285,6777,508,0.5184625943719973,0.5549653238896267,0.7965176331710196,0.005016969160395455,0.03543307086614173,0.4751255804610195
prior_no_o5s5_epoch_01,source,o5s5,1323,1323,0,0.2925170068027211,0.29327286470143615,0.5298563869992441,0.006046863189720333,,0.39198826292835215
prior_no_o5s5_epoch_01,source/category/schedule/window,asllrp_contiguous/background/trailing-0.53/0.13/0.53,2,0,2,0.0,,,,0.0,0.3313985615968704
prior_no_o5s5_epoch_01,source/category/schedule/window,asllrp_contiguous/context/centered/0.27,116,116,0,0.6637931034482759,0.6724137931034483,0.8620689655172413,0.017241379310344827,,0.48185675295776337
prior_no_o5s5_epoch_01,source/category/schedule/window,asllrp_contiguous/context/centered/0.53,76,76,0,0.7631578947368421,0.7631578947368421,0.881578947368421,0.0,,0.6144179330256424
prior_no_o5s5_epoch_01,source/category/schedule/window,asllrp_contiguous/context/centered/1.07,3,3,0,0.3333333333333333,0.3333333333333333,0.6666666666666666,0.0,,0.15472546219825745
prior_no_o5s5_epoch_01,source/category/schedule/window,asllrp_contiguous/context/trailing-0.53/0.13/0.53,173,173,0,0.6763005780346821,0.6763005780346821,0.8439306358381503,0.0,,0.5468885726752998
prior_no_o5s5_epoch_01,source/category/schedule/window,asllrp_other_ctc/background/trailing-0.53/0.13/0.53,508,0,508,0.03543307086614173,,,,0.03543307086614173,0.2974386762416973
prior_no_o5s5_epoch_01,source/category/schedule/window,asllrp_other_ctc/context/centered/0.27,1473,1473,0,0.539714867617108,0.5410726408689749,0.8228105906313645,0.009504412763068567,,0.47961128603234554
prior_no_o5s5_epoch_01,source/category/schedule/window,asllrp_other_ctc/context/centered/0.53,1407,1407,0,0.6282871357498223,0.6282871357498223,0.835820895522388,0.0021321961620469083,,0.5308084700073896
prior_no_o5s5_epoch_01,source/category/schedule/window,asllrp_other_ctc/context/centered/1.07,964,964,0,0.3433609958506224,0.3433609958506224,0.6213692946058091,0.0031120331950207467,,0.36832377613672823
prior_no_o5s5_epoch_01,source/category/schedule/window,asllrp_other_ctc/context/trailing-0.53/0.13/0.53,2933,2933,0,0.5963177633822025,0.5963177633822025,0.8220252301397886,0.00477326968973747,,0.5120395309600739
prior_no_o5s5_epoch_01,source/category/schedule/window,o5s5/context/centered/0.27,242,242,0,0.34297520661157027,0.34297520661157027,0.6033057851239669,0.0,,0.4160989777238901
prior_no_o5s5_epoch_01,source/category/schedule/window,o5s5/context/centered/0.53,242,242,0,0.32644628099173556,0.3305785123966942,0.5785123966942148,0.01652892561983471,,0.4171210605928228
prior_no_o5s5_epoch_01,source/category/schedule/window,o5s5/context/centered/1.07,242,242,0,0.2024793388429752,0.2024793388429752,0.40082644628099173,0.004132231404958678,,0.3368723734689892
prior_no_o5s5_epoch_01,source/category/schedule/window,o5s5/context/trailing-0.53/0.13/0.53,597,597,0,0.2948073701842546,0.2948073701842546,0.5326633165829145,0.005025125628140704,,0.39436869045572864
prior_no_o5s5_epoch_04,all,all,8978,8468,510,0.546669636890176,0.622579121398205,0.8312470477090222,0.27456306093528576,0.8235294117647058,0.5965916554064494
prior_no_o5s5_epoch_04,category,background,510,0,510,0.8235294117647058,,,,0.8235294117647058,0.6156435907763593
prior_no_o5s5_epoch_04,category,context,8468,8468,0,0.5299952763344355,0.622579121398205,0.8312470477090222,0.27456306093528576,,0.5954442195256447
prior_no_o5s5_epoch_04,role,train,7313,6819,494,0.5756871325037605,0.6377768001173193,0.8416190057193137,0.2532629417803197,0.8279352226720648,0.6048301083089127
prior_no_o5s5_epoch_04,role,validation,1665,1649,16,0.41921921921921923,0.5597331716191631,0.7883565797453002,0.36264402668283807,0.6875,0.5604067868925071
prior_no_o5s5_epoch_04,role/source/category,train/asllrp_contiguous/context,299,299,0,0.8294314381270903,0.8795986622073578,0.9665551839464883,0.09698996655518395,,0.6802552856230816
prior_no_o5s5_epoch_04,role/source/category,train/asllrp_other_ctc/background,494,0,494,0.8279352226720648,,,,0.8279352226720648,0.6193050909862827
prior_no_o5s5_epoch_04,role/source/category,train/asllrp_other_ctc/context,5515,5515,0,0.5923844061650045,0.6801450589301904,0.8843155031731641,0.2511332728921124,,0.62100840066091
prior_no_o5s5_epoch_04,role/source/category,train/o5s5/context,1005,1005,0,0.2845771144278607,0.3333333333333333,0.5701492537313433,0.31144278606965176,,0.4864957284274979
prior_no_o5s5_epoch_04,role/source/category,validation/asllrp_contiguous/background,2,0,2,0.5,,,,0.5,0.29897914826869965
prior_no_o5s5_epoch_04,role/source/category,validation/asllrp_contiguous/context,69,69,0,0.6956521739130435,0.8405797101449275,0.9130434782608695,0.2608695652173913,,0.6307806161002837
prior_no_o5s5_epoch_04,role/source/category,validation/asllrp_other_ctc/background,14,0,14,0.7142857142857143,,,,0.7142857142857143,0.5316827180130141
prior_no_o5s5_epoch_04,role/source/category,validation/asllrp_other_ctc/context,1262,1262,0,0.45245641838351824,0.6196513470681458,0.8502377179080824,0.3724247226624406,,0.5689697949874042
prior_no_o5s5_epoch_04,role/source/category,validation/o5s5/context,318,318,0,0.2138364779874214,0.2610062893081761,0.5157232704402516,0.34591194968553457,,0.5140630190008841
prior_no_o5s5_epoch_04,source,asllrp_contiguous,370,368,2,0.8027027027027027,0.8722826086956522,0.9565217391304348,0.12771739130434784,0.5,0.6689679762398875
prior_no_o5s5_epoch_04,source,asllrp_other_ctc,7285,6777,508,0.5843514070006863,0.6688800354139,0.8779696030692047,0.27371993507451675,0.8248031496062992,0.6117064494054123
prior_no_o5s5_epoch_04,source,o5s5,1323,1323,0,0.2675736961451247,0.31594860166288735,0.5570672713529856,0.3197278911564626,,0.4931218799031871
prior_no_o5s5_epoch_04,source/category/schedule/window,asllrp_contiguous/background/trailing-0.53/0.13/0.53,2,0,2,0.5,,,,0.5,0.29897914826869965
prior_no_o5s5_epoch_04,source/category/schedule/window,asllrp_contiguous/context/centered/0.27,116,116,0,0.8103448275862069,0.8620689655172413,0.9396551724137931,0.12931034482758622,,0.6507813168753838
prior_no_o5s5_epoch_04,source/category/schedule/window,asllrp_contiguous/context/centered/0.53,76,76,0,0.8552631578947368,0.9342105263157895,0.9868421052631579,0.11842105263157894,,0.7268201277444237
prior_no_o5s5_epoch_04,source/category/schedule/window,asllrp_contiguous/context/centered/1.07,3,3,0,0.3333333333333333,0.6666666666666666,0.6666666666666666,0.6666666666666666,,0.4964194397131602
prior_no_o5s5_epoch_04,source/category/schedule/window,asllrp_contiguous/context/trailing-0.53/0.13/0.53,173,173,0,0.7861271676300579,0.8554913294797688,0.9595375722543352,0.12138728323699421,,0.6630171799246286
prior_no_o5s5_epoch_04,source/category/schedule/window,asllrp_other_ctc/background/trailing-0.53/0.13/0.53,508,0,508,0.8248031496062992,,,,0.8248031496062992,0.6168903011799328
prior_no_o5s5_epoch_04,source/category/schedule/window,asllrp_other_ctc/context/centered/0.27,1473,1473,0,0.5539714867617108,0.6653088934147997,0.9063136456211812,0.25797691785471827,,0.6086478890030463
prior_no_o5s5_epoch_04,source/category/schedule/window,asllrp_other_ctc/context/centered/0.53,1407,1407,0,0.6389481165600569,0.7313432835820896,0.9040511727078892,0.23880597014925373,,0.6518773063540713
prior_no_o5s5_epoch_04,source/category/schedule/window,asllrp_other_ctc/context/centered/1.07,964,964,0,0.3412863070539419,0.43775933609958506,0.7095435684647303,0.3962655601659751,,0.49902308198209866
prior_no_o5s5_epoch_04,source/category/schedule/window,asllrp_other_ctc/context/trailing-0.53/0.13/0.53,2933,2933,0,0.6116604159563587,0.716672349130583,0.9065802932151381,0.25809751108080464,,0.6301102111648871
prior_no_o5s5_epoch_04,source/category/schedule/window,o5s5/context/centered/0.27,242,242,0,0.3347107438016529,0.3760330578512397,0.6322314049586777,0.2975206611570248,,0.5338751941857752
prior_no_o5s5_epoch_04,source/category/schedule/window,o5s5/context/centered/0.53,242,242,0,0.28512396694214875,0.3305785123966942,0.5909090909090909,0.3512396694214876,,0.5226744051006708
prior_no_o5s5_epoch_04,source/category/schedule/window,o5s5/context/centered/1.07,242,242,0,0.19421487603305784,0.2190082644628099,0.4256198347107438,0.3140495867768595,,0.4174925735112557
prior_no_o5s5_epoch_04,source/category/schedule/window,o5s5/context/trailing-0.53/0.13/0.53,597,597,0,0.2629815745393635,0.3249581239530988,0.5661641541038526,0.31825795644891125,,0.495279801163941
