epoch,connected_wer_percent,substitutions,deletions,insertions,familiar_wer_percent,exact_asllrp_wer_percent,citizen_accuracy_percent,semlex_accuracy_percent,lg_correct,lg_total,lg_accuracy_percent,transition_false_emissions,measured_failed_gates,runtime_latency_verified
1,311.61971830985914,115,2,768,128.57142857142858,54.166666666666664,94.97354497354497,85.48057259713701,82,318,25.78616352201258,16,connected_wer;connected_insertions;familiar_wer;transition_false_emissions,False
2,178.16901408450704,121,13,372,118.91891891891892,54.166666666666664,94.17989417989418,84.86707566462167,72,318,22.641509433962266,10,connected_wer;connected_insertions;connected_deletions;familiar_wer;citizen_accuracy,False
3,123.59154929577464,113,42,196,111.96911196911196,58.333333333333336,93.38624338624338,84.25357873210633,67,318,21.069182389937108,6,connected_deletions;familiar_wer;citizen_accuracy;semlex_accuracy,False
4,130.28169014084506,117,46,207,115.44401544401545,54.166666666666664,93.65079365079364,84.25357873210633,74,318,23.270440251572328,5,connected_deletions;familiar_wer;citizen_accuracy;semlex_accuracy,False
5,147.88732394366198,118,38,264,120.07722007722008,50.0,92.85714285714286,84.3558282208589,79,318,24.842767295597483,5,connected_deletions;familiar_wer;citizen_accuracy,False
6,146.4788732394366,118,44,254,117.76061776061776,54.166666666666664,93.12169312169311,84.15132924335379,77,318,24.21383647798742,5,connected_deletions;familiar_wer;citizen_accuracy;semlex_accuracy,False
7,140.14084507042253,110,40,248,112.74131274131274,54.166666666666664,93.65079365079364,84.25357873210633,72,318,22.641509433962266,4,connected_deletions;familiar_wer;citizen_accuracy;semlex_accuracy,False
8,145.07042253521126,111,35,266,116.6023166023166,50.0,93.65079365079364,84.66257668711657,74,318,23.270440251572328,3,connected_deletions;familiar_wer;citizen_accuracy,False
9,147.18309859154928,113,44,261,114.67181467181467,50.0,93.38624338624338,84.66257668711657,74,318,23.270440251572328,2,connected_deletions;familiar_wer;citizen_accuracy,False
10,147.53521126760563,114,43,262,115.05791505791505,50.0,93.12169312169311,84.96932515337423,73,318,22.955974842767297,2,connected_deletions;familiar_wer;citizen_accuracy,False
11,149.29577464788733,113,39,272,115.05791505791505,50.0,93.12169312169311,84.96932515337423,73,318,22.955974842767297,2,connected_deletions;familiar_wer;citizen_accuracy,False
12,148.2394366197183,114,39,268,115.83011583011583,50.0,93.12169312169311,84.96932515337423,73,318,22.955974842767297,2,connected_deletions;familiar_wer;citizen_accuracy,False
