epoch,item_id,source,reference,final,substitutions,deletions,insertions,first_nonempty_source_seconds
1,asllrp:15718738.mp4:span00,asllrp_contiguous,NIGHT TIME,,0,2,0,
1,asllrp:30336.mp4:span00,asllrp_contiguous,WATER COLD,WATER SLEEP COLD,0,0,1,0.66
1,asllrp:31657946.mp4:span00,asllrp_contiguous,LIKE READ,LIKE,0,1,0,0.66
1,asllrp:31659623.mp4:span00,asllrp_contiguous,FRIEND NOW,FRIEND,0,1,0,0.66
1,asllrp:4236779.mp4:span00,asllrp_contiguous,TIME FRIEND,FRIEND,0,1,0,0.9009
1,asllrp:7345233.mp4:span00,asllrp_contiguous,FRIEND MAYBE,STOP,1,1,0,1.1800000000000002
1,asllrp:841111.mp4:span00,asllrp_contiguous,FRIEND NOW,FRIEND,0,1,0,0.66
1,asllrp:841314.mp4:span00,asllrp_contiguous,FRIEND NOW,FRIEND,0,1,0,0.66
1,asllrp:841415.mp4:span00,asllrp_contiguous,FRIEND NOW,FRIEND,0,1,0,0.66
1,asllrp:841516.mp4:span00,asllrp_contiguous,FRIEND NOW,FRIEND,0,1,0,0.66
1,asllrp:842935.mp4:span00,asllrp_contiguous,WORK WHERE,WORK,0,1,0,0.66
1,asllrp_other_ctc:15716766:span00,asllrp_other_ctc,NOW,DAY SICK MAYBE,1,0,2,0.66
1,asllrp_other_ctc:15716865:span00,asllrp_other_ctc,NOW,SAD FIND HOT SCHOOL HAVE NIGHT SCHOOL EASY NOW,0,0,8,0.66
1,asllrp_other_ctc:15716963:span00,asllrp_other_ctc,READ,GOOD SCHOOL,1,0,1,1.44
1,asllrp_other_ctc:15717258:span00,asllrp_other_ctc,FRIEND,WORK FRIEND WANT TIRED,0,0,3,0.66
1,asllrp_other_ctc:15717259:span00,asllrp_other_ctc,FRIEND,GO FRIEND SAME WORK MAYBE SMALL BIG GO,0,0,7,0.79
1,asllrp_other_ctc:15717456:span00,asllrp_other_ctc,FRIEND,TALK FRIEND READY WANT WORK YEAR SORRY,0,0,6,0.92
1,asllrp_other_ctc:15717850:span00,asllrp_other_ctc,FRIEND,SCHOOL FRIEND TELL HUNGRY I GIVE MAKE SIGN I YEAR,0,0,9,0.79
1,asllrp_other_ctc:15717948:span00,asllrp_other_ctc,FRIEND,COLD USE I MAKE MAYBE LESS FRIEND,0,0,6,1.31
1,asllrp_other_ctc:15718047:span00,asllrp_other_ctc,FRIEND,FRIEND TIRED TIRED,0,0,2,0.79
1,asllrp_other_ctc:15718145:span00,asllrp_other_ctc,HAVE,SAME SAME MAKE WORK TRY TELL YEAR GO MAKE,1,0,8,0.66
1,asllrp_other_ctc:15718146:span00,asllrp_other_ctc,FRIEND,SLEEP FRIEND WORK YEAR LEARN HUNGRY MAKE SMALL NIGHT WORK,0,0,9,0.79
1,asllrp_other_ctc:15718244:span00,asllrp_other_ctc,WORK,NO WORK MAKE WORK I HELP WEEK,0,0,6,0.79
1,asllrp_other_ctc:15718343:span00,asllrp_other_ctc,FRIEND WHERE,FRIEND WANT YEAR WORK DOCTOR TIRED SORRY,1,0,5,1.31
1,asllrp_other_ctc:15718441:span00,asllrp_other_ctc,FRIEND,FRIEND READY MORNING DIFFERENT MORNING THANKYOU WORK MORE SMALL,0,0,8,0.66
1,asllrp_other_ctc:15718442:span00,asllrp_other_ctc,FRIEND NAME,EAT COLD FRIEND HELP NAME,0,0,3,0.92
1,asllrp_other_ctc:15718540:span00,asllrp_other_ctc,FRIEND DIFFERENT,MORNING GIVE UNDERSTAND,2,0,1,2.09
1,asllrp_other_ctc:15718639:span00,asllrp_other_ctc,FRIEND,WOMAN WORK MAKE SIGN WORK,1,0,4,0.92
1,asllrp_other_ctc:15718738:span00,asllrp_other_ctc,NIGHT TIME,COLD HAVE MORNING EAT SAME MAKE,2,0,4,1.05
1,asllrp_other_ctc:15718934:span00,asllrp_other_ctc,BAD HOME,BAD SMALL YEAR HOME,0,0,2,1.1800000000000002
1,asllrp_other_ctc:15718935:span00,asllrp_other_ctc,FAMILY,IMPORTANT FAMILY READY WANT GIVE YEAR YEAR,0,0,6,0.92
1,asllrp_other_ctc:15719033:span00,asllrp_other_ctc,NOW,WORK MAKE TIRED TIRED THANKYOU,1,0,4,0.92
1,asllrp_other_ctc:15719132:span00,asllrp_other_ctc,HOME,MAKE WORK WORK SMALL GIVE WAIT,1,0,5,1.31
1,asllrp_other_ctc:15719526:span00,asllrp_other_ctc,LEARN,GOODBYE WORK LESS WHO STOP,1,0,4,1.05
1,asllrp_other_ctc:15719625:span00,asllrp_other_ctc,WORK,DIFFERENT NO GO READY WORK,0,0,4,0.92
1,asllrp_other_ctc:15719724:span00,asllrp_other_ctc,FRIEND,MAKE HOW THANKYOU WORK YEAR HOME,1,0,5,0.79
1,asllrp_other_ctc:15719823:span00,asllrp_other_ctc,FRIEND,FRIEND SIGN MORNING GOOD SMALL YEAR WORK,0,0,6,0.66
1,asllrp_other_ctc:15719921:span00,asllrp_other_ctc,FRIEND,FRIEND I MAKE YEAR MORNING READY,0,0,5,0.66
1,asllrp_other_ctc:15719922:span00,asllrp_other_ctc,FRIEND,FRIEND TELL READY HUNGRY,0,0,3,0.92
1,asllrp_other_ctc:15720020:span00,asllrp_other_ctc,FRIEND,FRIEND YEAR MAYBE SAD,0,0,3,0.66
1,asllrp_other_ctc:15720119:span00,asllrp_other_ctc,WORK,SMALL THANKYOU HELP,1,0,2,1.05
1,asllrp_other_ctc:15720217:span00,asllrp_other_ctc,HOW,GO WORK NAME READ NAME SCHOOL HELP,1,0,6,0.66
1,asllrp_other_ctc:15720414:span00,asllrp_other_ctc,FRIEND,FRIEND SIGN GIVE EAT TIRED,0,0,4,0.79
1,asllrp_other_ctc:15720415:span00,asllrp_other_ctc,HOT,MAYBE MAYBE SICK FEEL SLEEP,1,0,4,1.1800000000000002
1,asllrp_other_ctc:15720612:span00,asllrp_other_ctc,FRIEND,FRIEND TELL EAT EAT EAT,0,0,4,1.05
1,asllrp_other_ctc:15720710:span00,asllrp_other_ctc,FRIEND,FRIEND LIKE MAKE LEARN GIVE MAKE,0,0,5,0.66
1,asllrp_other_ctc:15720711:span00,asllrp_other_ctc,FRIEND WHERE,WHEN GO WHAT DOCTOR,2,0,2,0.79
1,asllrp_other_ctc:1572098:span00,asllrp_other_ctc,WORK,HOW COLD TRY TOMORROW WORK COLD COLD,0,0,6,0.66
1,asllrp_other_ctc:1572107:span00,asllrp_other_ctc,WHERE,MORE HOME HOME,1,0,2,1.7
1,asllrp_other_ctc:28310:span00,asllrp_other_ctc,WHERE,YOU WORK,1,0,1,1.1800000000000002
1,asllrp_other_ctc:28411:span00,asllrp_other_ctc,WHERE,COLD WORK,1,0,1,0.79
1,asllrp_other_ctc:28512:span00,asllrp_other_ctc,WHERE,GIVE DOCTOR COLD,1,0,2,0.66
1,asllrp_other_ctc:28513:span00,asllrp_other_ctc,WORK,BIG SMALL NIGHT WORK,0,0,3,0.79
1,asllrp_other_ctc:28614:span00,asllrp_other_ctc,NOW WORK,NOW WORK MAKE,0,0,1,0.66
1,asllrp_other_ctc:28715:span00,asllrp_other_ctc,WHERE,SICK WORK,1,0,1,1.1800000000000002
1,asllrp_other_ctc:28918:span00,asllrp_other_ctc,HAVE,MY SAME COLD COLD TRY TAKE,1,0,5,1.05
1,asllrp_other_ctc:29019:span00,asllrp_other_ctc,FRIEND HOT,COME HELLO SMALL FRIEND FIND HELP SAME NO YES,1,0,7,0.66
1,asllrp_other_ctc:29221:span00,asllrp_other_ctc,THINK,WOMAN LIKE GO UNDERSTAND,1,0,3,0.66
1,asllrp_other_ctc:29322:span00,asllrp_other_ctc,THINK,TELL GO UNDERSTAND UNDERSTAND WHO,1,0,4,1.57
1,asllrp_other_ctc:29423:span00,asllrp_other_ctc,COLD,COLD SIGN EXCITED WHY YEAR FRIEND WORK,0,0,6,0.66
1,asllrp_other_ctc:29626:span00,asllrp_other_ctc,MORNING,YEAR MAKE NIGHT MORNING MORNING,0,0,4,0.79
1,asllrp_other_ctc:29727:span00,asllrp_other_ctc,MORNING,DRINK MORNING MORNING SCHOOL MORNING,0,0,4,1.1800000000000002
1,asllrp_other_ctc:29728:span00,asllrp_other_ctc,TOMORROW HOME,SAME YEAR SORRY TOMORROW EAT,1,0,3,0.66
1,asllrp_other_ctc:29829:span00,asllrp_other_ctc,WORK HOME,SMALL WORK,2,0,0,1.1800000000000002
1,asllrp_other_ctc:29931:span00,asllrp_other_ctc,THINK,SMALL HELP LEARN YEAR,1,0,3,1.57
1,asllrp_other_ctc:30336:span00,asllrp_other_ctc,WATER COLD,WATER SLEEP COLD COLD,0,0,2,0.66
1,asllrp_other_ctc:30640:span00,asllrp_other_ctc,TOMORROW,WORK HAVE TIRED TIRED YEAR MAKE,1,0,5,1.57
1,asllrp_other_ctc:30641:span00,asllrp_other_ctc,WORK,WORK NO,0,0,1,1.31
1,asllrp_other_ctc:30742:span00,asllrp_other_ctc,WHERE,STOP STOP WORK HELP MORNING,1,0,4,0.79
1,asllrp_other_ctc:31654594:span00,asllrp_other_ctc,FRIEND,COLD FRIEND WHY WHEN,0,0,3,0.66
1,asllrp_other_ctc:31654693:span00,asllrp_other_ctc,FRIEND,FRIEND MAN COLD EAT KNOW EAT YEAR USE NAME STOP TELL,0,0,10,0.66
1,asllrp_other_ctc:31654989:span00,asllrp_other_ctc,HAVE LIKE,HAVE BIG MAKE HUNGRY MORNING STOP NAME,1,0,5,1.31
1,asllrp_other_ctc:31655087:span00,asllrp_other_ctc,BAD,BAD SAD DRINK MORNING WORK SEE FRIEND HOW,0,0,7,0.66
1,asllrp_other_ctc:31655088:span00,asllrp_other_ctc,FAMILY WHERE,FAMILY SLEEP WORK MORNING STOP MAKE LOVE,1,0,5,0.66
1,asllrp_other_ctc:31655383:span00,asllrp_other_ctc,FRIEND,WHY YEAR NIGHT FRIEND SICK,0,0,4,1.7
1,asllrp_other_ctc:31655481:span00,asllrp_other_ctc,READ,HELLO READ SCHOOL HOME EAT DRINK,0,0,5,0.79
1,asllrp_other_ctc:31655580:span00,asllrp_other_ctc,NOW,WHEN ANSWER MORNING SIGN GO NOW,0,0,5,1.31
1,asllrp_other_ctc:31655777:span00,asllrp_other_ctc,FRIEND,FRIEND EASY USE,0,0,2,0.79
1,asllrp_other_ctc:31655974:span00,asllrp_other_ctc,FRIEND THINK,FRIEND SIGN YOU,1,0,1,0.79
1,asllrp_other_ctc:31656271:span00,asllrp_other_ctc,LIKE,WORK WHEN DIFFERENT WAIT SAME WRITE,1,0,5,0.92
1,asllrp_other_ctc:31656763:span00,asllrp_other_ctc,LIKE,MAKE,1,0,0,1.57
1,asllrp_other_ctc:31656862:span00,asllrp_other_ctc,WORK,LOVE TELL MAKE MAKE WORK,0,0,4,2.2199999999999998
1,asllrp_other_ctc:31656960:span00,asllrp_other_ctc,FRIEND,HELP HELP MAKE MORE,1,0,3,0.79
1,asllrp_other_ctc:31656961:span00,asllrp_other_ctc,WHERE,YOU,1,0,0,1.5015
1,asllrp_other_ctc:31657059:span00,asllrp_other_ctc,FRIEND,TELL,1,0,0,1.05
1,asllrp_other_ctc:31657453:span00,asllrp_other_ctc,NOW,SMALL MOTHER COLD,1,0,2,0.79
1,asllrp_other_ctc:31657454:span00,asllrp_other_ctc,FAMILY,SMALL HELP MAKE LIKE TRY,1,0,4,0.79
1,asllrp_other_ctc:31657946:span00,asllrp_other_ctc,LIKE READ,TALK LIKE SCHOOL,1,0,1,0.66
1,asllrp_other_ctc:31658341:span00,asllrp_other_ctc,FRIEND,FRIEND SCHOOL READY WORK,0,0,3,0.66
1,asllrp_other_ctc:31658342:span00,asllrp_other_ctc,FRIEND,FRIEND WORK YOU WHY CHILD,0,0,4,0.66
1,asllrp_other_ctc:31658539:span00,asllrp_other_ctc,FRIEND,FRIEND SICK GIVE THANKYOU,0,0,3,0.66
1,asllrp_other_ctc:31658933:span00,asllrp_other_ctc,FRIEND,FRIEND WANT WAIT,0,0,2,0.66
1,asllrp_other_ctc:31659130:span00,asllrp_other_ctc,FRIEND,FRIEND WHY TAKE TIME I,0,0,4,1.05
1,asllrp_other_ctc:31659131:span00,asllrp_other_ctc,FRIEND,FRIEND DRINK,0,0,1,1.05
1,asllrp_other_ctc:31659229:span00,asllrp_other_ctc,FRIEND,FRIEND ANGRY,0,0,1,0.66
1,asllrp_other_ctc:31659327:span00,asllrp_other_ctc,LIKE,COLD I MAKE WORK MAKE COLD SCHOOL,1,0,6,0.66
1,asllrp_other_ctc:31659328:span00,asllrp_other_ctc,FRIEND,FRIEND WANT LIKE WANT SAME YOU,0,0,5,0.66
1,asllrp_other_ctc:31659426:span00,asllrp_other_ctc,WORK,I LIKE MAKE MAKE WORK,0,0,4,0.66
1,asllrp_other_ctc:31659623:span00,asllrp_other_ctc,FRIEND NOW,FRIEND ANGRY COLD,1,0,1,0.66
1,asllrp_other_ctc:31659624:span00,asllrp_other_ctc,NOW FRIEND,HAVE EASY FRIEND,1,0,1,0.79
1,asllrp_other_ctc:31660117:span00,asllrp_other_ctc,FAMILY,FAMILY STOP MAKE,0,0,2,0.92
1,asllrp_other_ctc:31660216:span00,asllrp_other_ctc,NOW BAD,NOW BAD YEAR DRINK EXCITED WAIT TIRED MAYBE,0,0,6,0.66
1,asllrp_other_ctc:31660414:span00,asllrp_other_ctc,NOW,NIGHT COLD MAKE,1,0,2,1.57
1,asllrp_other_ctc:31660513:span00,asllrp_other_ctc,NOW,MAYBE I WORK WORK WORK SAME,1,0,5,0.79
1,asllrp_other_ctc:31660612:span00,asllrp_other_ctc,NOW,MAYBE,1,0,0,1.05
1,asllrp_other_ctc:31660710:span00,asllrp_other_ctc,READ,SCHOOL READ STOP,0,0,2,1.31
1,asllrp_other_ctc:423159:span00,asllrp_other_ctc,FAMILY,FAMILY YEAR WANT SMALL DOCTOR,0,0,4,0.79
1,asllrp_other_ctc:4231610:span00,asllrp_other_ctc,HAVE SMALL,BIG TOMORROW CHILD,2,0,1,1.05
1,asllrp_other_ctc:4232015:span00,asllrp_other_ctc,FRIEND,FRIEND LIKE COLD HOW ANGRY,0,0,4,0.66
1,asllrp_other_ctc:4232116:span00,asllrp_other_ctc,NAME NAME,I SLEEP NAME NAME YEAR SORRY,0,0,4,0.66
1,asllrp_other_ctc:4232117:span00,asllrp_other_ctc,NAME,FRIEND READY ANSWER TIME SLEEP NIGHT NAME MAKE,0,0,7,0.92
1,asllrp_other_ctc:4232218:span00,asllrp_other_ctc,LIKE LIKE,DRINK TALK FRIEND IMPORTANT FAMILY,2,0,3,1.1800000000000002
1,asllrp_other_ctc:4232319:span00,asllrp_other_ctc,WORK,SCHOOL SCHOOL SLEEP MAKE WORK HOT HUNGRY,0,0,6,0.92
1,asllrp_other_ctc:4232421:span00,asllrp_other_ctc,FRIEND,TOMORROW HAVE,1,0,1,1.44
1,asllrp_other_ctc:4232522:span00,asllrp_other_ctc,FRIEND,FRIEND TIRED TIRED HAVE,0,0,3,0.66
1,asllrp_other_ctc:4232624:span00,asllrp_other_ctc,WATER,MORNING,1,0,0,2.2199999999999998
1,asllrp_other_ctc:4232725:span00,asllrp_other_ctc,FRIEND,MAKE HUNGRY GIVE,1,0,2,0.79
1,asllrp_other_ctc:4233332:span00,asllrp_other_ctc,FRIEND,FRIEND EAT MORE EAT,0,0,3,0.66
1,asllrp_other_ctc:4233433:span00,asllrp_other_ctc,FRIEND,FRIEND HOW READY SAD MORNING GO SAME,0,0,6,0.66
1,asllrp_other_ctc:4233840:span00,asllrp_other_ctc,TIME,SAD FRIEND WRITE SCHOOL TIME,0,0,4,0.79
1,asllrp_other_ctc:4233941:span00,asllrp_other_ctc,HOW,SICK SLEEP MAKE LOVE,1,0,3,0.79
1,asllrp_other_ctc:4234549:span00,asllrp_other_ctc,FAMILY WHERE,FAMILY MAKE,1,0,0,0.79
1,asllrp_other_ctc:4234954:span00,asllrp_other_ctc,WHERE,NOW TRY,1,0,1,1.1800000000000002
1,asllrp_other_ctc:4235055:span00,asllrp_other_ctc,WHERE,WORK YES WHERE,0,0,2,1.31
1,asllrp_other_ctc:4235056:span00,asllrp_other_ctc,FRIEND,FRIEND MORNING SLEEP USE,0,0,3,0.66
1,asllrp_other_ctc:4235765:span00,asllrp_other_ctc,FRIEND,WHAT WHY THINK,1,0,2,0.92
1,asllrp_other_ctc:4236070:span00,asllrp_other_ctc,WATER TIME,SLEEP TIME,1,0,0,0.92
1,asllrp_other_ctc:4236171:span00,asllrp_other_ctc,FRIEND,HOW TIRED,1,0,1,1.1800000000000002
1,asllrp_other_ctc:4236577:span00,asllrp_other_ctc,FRIEND,FRIEND TELL UNDERSTAND,0,0,2,0.66
1,asllrp_other_ctc:4236779:span00,asllrp_other_ctc,TIME FRIEND TIME,FRIEND TIME,0,1,0,0.92
1,asllrp_other_ctc:4236780:span00,asllrp_other_ctc,FRIEND,FRIEND MAKE SIGN SLEEP WORK,0,0,4,0.66
1,asllrp_other_ctc:557207:span00,asllrp_other_ctc,EAT,WHAT SLEEP GIVE DOCTOR,1,0,3,0.92
1,asllrp_other_ctc:557218:span00,asllrp_other_ctc,FRIEND,SIGN TELL WHAT SIGN,1,0,3,0.92
1,asllrp_other_ctc:5572210:span00,asllrp_other_ctc,FRIEND TOMORROW,FRIEND LEARN YES,1,0,1,0.66
1,asllrp_other_ctc:557229:span00,asllrp_other_ctc,FRIEND WHERE,FRIEND WHAT WORK WHEN GO SIGN,1,0,4,0.66
1,asllrp_other_ctc:5572311:span00,asllrp_other_ctc,HOME WORK,SLEEP UNDERSTAND MORNING GOODBYE,2,0,2,0.66
1,asllrp_other_ctc:5572514:span00,asllrp_other_ctc,FRIEND,SLEEP FRIEND READY WHY WORK LEARN HUNGRY,0,0,6,0.92
1,asllrp_other_ctc:5572615:span00,asllrp_other_ctc,FRIEND NOW,SLEEP SAME MORNING FRIEND EASY,1,0,3,0.66
1,asllrp_other_ctc:5572716:span00,asllrp_other_ctc,FRIEND,FRIEND YEAR SLEEP EAT FRIEND,0,0,4,0.66
1,asllrp_other_ctc:5572717:span00,asllrp_other_ctc,FRIEND,FRIEND TELL MAKE EAT WORK EAT HE KNOW HOME WORK HOME UNDERSTAND,0,0,11,0.66
1,asllrp_other_ctc:7343510:span00,asllrp_other_ctc,FRIEND,WORK FRIEND MORNING BAD,0,0,3,0.66
1,asllrp_other_ctc:7343611:span00,asllrp_other_ctc,FRIEND HOME,FRIEND WHAT WANT SAME TIRED TIRED SAME WORK,1,0,6,1.05
1,asllrp_other_ctc:7343612:span00,asllrp_other_ctc,FRIEND,SLEEP FRIEND SIGN TIRED,0,0,3,0.66
1,asllrp_other_ctc:7343713:span00,asllrp_other_ctc,HOME HOME,YESTERDAY STOP WORK MORNING SLEEP WORK YEAR,2,0,5,0.66
1,asllrp_other_ctc:7343814:span00,asllrp_other_ctc,HOME,YESTERDAY SLEEP STOP WORK HELP YEAR LESS,1,0,6,0.66
1,asllrp_other_ctc:7343915:span00,asllrp_other_ctc,BAD HOME,HUNGRY HOT WORK STOP WORK,2,0,3,1.05
1,asllrp_other_ctc:7344016:span00,asllrp_other_ctc,HOME EAT,UNDERSTAND WORK I LEARN HOT,2,0,3,1.57
1,asllrp_other_ctc:7344017:span00,asllrp_other_ctc,HOME SEE,WORK UNDERSTAND STOP HOME WORK EAT TELL MAKE MORNING WANT MORNING LESS,1,0,10,0.66
1,asllrp_other_ctc:7344118:span00,asllrp_other_ctc,HOME,SICK LESS HOME WORK YEAR YEAR,0,0,5,0.79
1,asllrp_other_ctc:7344219:span00,asllrp_other_ctc,HOME,WORK HOME WHY HOME WORK YEAR HELP YEAR WORK,0,0,8,0.66
1,asllrp_other_ctc:7344320:span00,asllrp_other_ctc,TIRED,NOW SLEEP LOVE HOSPITAL TIRED WHY SCHOOL,0,0,6,1.44
1,asllrp_other_ctc:7344422:span00,asllrp_other_ctc,WATER,SMALL SAD WANT COLD SAME BIG,1,0,5,1.1800000000000002
1,asllrp_other_ctc:7344523:span00,asllrp_other_ctc,SEE,WORK TELL SAME TOMORROW NAME GO DRINK TIRED HOT,1,0,8,0.79
1,asllrp_other_ctc:7344725:span00,asllrp_other_ctc,FRIEND,FRIEND READY SMALL READY HELP,0,0,4,1.05
1,asllrp_other_ctc:7345029:span00,asllrp_other_ctc,TAKE FRIEND,MAKE DRINK MORNING SLEEP FRIEND SMALL SORRY,1,0,5,1.57
1,asllrp_other_ctc:7345030:span00,asllrp_other_ctc,FRIEND,FRIEND BIG FRIEND,0,0,2,1.05
1,asllrp_other_ctc:7345233:span00,asllrp_other_ctc,FAMILY FRIEND MAYBE,FAMILY SMALL SAME NAME GIVE FRIEND MAYBE,0,0,4,0.92
1,asllrp_other_ctc:7345334:span00,asllrp_other_ctc,FAMILY,SLEEP FAMILY WORK LIKE WORK MAYBE YOU COLD WORK ANSWER,0,0,9,0.66
1,asllrp_other_ctc:7687743:span00,asllrp_other_ctc,HOME NIGHT,SLEEP I STOP HOME WORK WORK,1,0,4,1.05
1,asllrp_other_ctc:7688440:span00,asllrp_other_ctc,FAMILY,FAMILY GIVE,0,0,1,0.66
1,asllrp_other_ctc:7691338:span00,asllrp_other_ctc,FRIEND,FRIEND TIME FRIEND,0,0,2,0.66
1,asllrp_other_ctc:7691736:span00,asllrp_other_ctc,FRIEND,FRIEND READY COLD BIG,0,0,3,0.66
1,asllrp_other_ctc:7698333:span00,asllrp_other_ctc,HOME NIGHT,KNOW SCHOOL EAT WORK,2,0,2,0.66
1,asllrp_other_ctc:7698632:span00,asllrp_other_ctc,FRIEND,FRIEND MORNING,0,0,1,0.66
1,asllrp_other_ctc:7699730:span00,asllrp_other_ctc,FAMILY,TELL WORK IMPORTANT FAMILY SAME WORK WANT,0,0,6,0.92
1,asllrp_other_ctc:7700328:span00,asllrp_other_ctc,FRIEND,FRIEND GO MY MY,0,0,3,0.66
1,asllrp_other_ctc:7701526:span00,asllrp_other_ctc,FRIEND,FRIEND LEARN BIG SAME COLD YOU COLD SMALL,0,0,7,1.05
1,asllrp_other_ctc:7704723:span00,asllrp_other_ctc,HOME NIGHT,LESS EAT WORK NIGHT,1,0,2,0.79
1,asllrp_other_ctc:7705720:span00,asllrp_other_ctc,HOME,LESS HOME WORK,0,0,2,0.79
1,asllrp_other_ctc:7706619:span00,asllrp_other_ctc,FRIEND,FRIEND WORK,0,0,1,0.66
1,asllrp_other_ctc:7707117:span00,asllrp_other_ctc,FAMILY,FAMILY COLD,0,0,1,0.66
1,asllrp_other_ctc:7708415:span00,asllrp_other_ctc,FRIEND,FRIEND WHY FRIEND MORE,0,0,3,0.66
1,asllrp_other_ctc:7709113:span00,asllrp_other_ctc,FRIEND,FRIEND LEARN GO COLD,0,0,3,0.66
1,asllrp_other_ctc:7710510:span00,asllrp_other_ctc,NIGHT,NIGHT WORK HOME STOP WORK,0,0,4,0.66
1,asllrp_other_ctc:771089:span00,asllrp_other_ctc,HOME,WHY STOP HOME CHILD CHILD,0,0,4,0.66
1,asllrp_other_ctc:84087:span00,asllrp_other_ctc,FRIEND,FRIEND COLD,0,0,1,0.66
1,asllrp_other_ctc:84088:span00,asllrp_other_ctc,FRIEND,FRIEND SIGN,0,0,1,0.66
1,asllrp_other_ctc:84099:span00,asllrp_other_ctc,WORK,WORK SORRY,0,0,1,0.92
1,asllrp_other_ctc:841010:span00,asllrp_other_ctc,FRIEND,SIGN YEAR TELL,1,0,2,1.05
1,asllrp_other_ctc:841111:span00,asllrp_other_ctc,FRIEND NOW,FRIEND TIRED COLD GO ANGRY,1,0,3,0.66
1,asllrp_other_ctc:841212:span00,asllrp_other_ctc,NOW SCHOOL,TALK SCHOOL,1,0,0,1.05
1,asllrp_other_ctc:841213:span00,asllrp_other_ctc,FRIEND,FRIEND YESTERDAY,0,0,1,0.66
1,asllrp_other_ctc:841314:span00,asllrp_other_ctc,FRIEND NOW,FRIEND MAKE,1,0,0,0.66
1,asllrp_other_ctc:841415:span00,asllrp_other_ctc,FRIEND NOW HOME,FRIEND THINK HELLO,2,0,0,0.66
1,asllrp_other_ctc:841516:span00,asllrp_other_ctc,FRIEND NOW,FRIEND NOW YES MORE,0,0,2,0.66
1,asllrp_other_ctc:841517:span00,asllrp_other_ctc,FRIEND,WHEN COLD,1,0,1,0.79
1,asllrp_other_ctc:841618:span00,asllrp_other_ctc,FRIEND,FRIEND SIGN NO,0,0,2,0.66
1,asllrp_other_ctc:841719:span00,asllrp_other_ctc,WORK,YESTERDAY WORK HOME YOU,0,0,3,0.66
1,asllrp_other_ctc:841720:span00,asllrp_other_ctc,FRIEND,FRIEND WORK WORK,0,0,2,0.79
1,asllrp_other_ctc:842023:span00,asllrp_other_ctc,FRIEND,MORNING WHY GO,1,0,2,1.1800000000000002
1,asllrp_other_ctc:842024:span00,asllrp_other_ctc,EASY,HOW MAKE WORK,1,0,2,0.66
1,asllrp_other_ctc:842226:span00,asllrp_other_ctc,FRIEND,MAKE LOVE SAME WORK,1,0,3,0.92
1,asllrp_other_ctc:842327:span00,asllrp_other_ctc,FRIEND,FRIEND LOVE WORK,0,0,2,0.66
1,asllrp_other_ctc:842429:span00,asllrp_other_ctc,FRIEND WHERE,FRIEND MAKE COLD,1,0,1,0.66
1,asllrp_other_ctc:842530:span00,asllrp_other_ctc,FRIEND,FRIEND TELL,0,0,1,0.66
1,asllrp_other_ctc:842733:span00,asllrp_other_ctc,WORK,MAKE WORK GIVE,0,0,2,0.79
1,asllrp_other_ctc:842834:span00,asllrp_other_ctc,WORK,WORK LESS MORNING SICK MAYBE,0,0,4,1.1800000000000002
1,asllrp_other_ctc:842935:span00,asllrp_other_ctc,WORK WHERE,WORK,0,1,0,0.79
1,asllrp_other_ctc:843037:span00,asllrp_other_ctc,FRIEND,FRIEND YEAR,0,0,1,0.66
1,asllrp_other_ctc:843239:span00,asllrp_other_ctc,TIME,I FRIEND TIRED,1,0,2,1.31
1,asllrp_other_ctc:843240:span00,asllrp_other_ctc,WHERE,BAD WORK,1,0,1,1.1800000000000002
1,asllrp_other_ctc:843342:span00,asllrp_other_ctc,LIKE,GO YEAR SICK,1,0,2,1.05
1,asllrp_other_ctc:843443:span00,asllrp_other_ctc,FRIEND,FRIEND BIG,0,0,1,0.79
1,asllrp_other_ctc:843545:span00,asllrp_other_ctc,WHERE,TIRED WORK SAME,1,0,2,0.92
1,asllrp_other_ctc:843747:span00,asllrp_other_ctc,WHERE,GIVE NAME WORK MAKE,1,0,3,0.66
1,asllrp_other_ctc:843848:span00,asllrp_other_ctc,FRIEND,FRIEND UNDERSTAND SAME MORNING WHY,0,0,4,0.66
1,asllrp_other_ctc:843950:span00,asllrp_other_ctc,FRIEND SLEEP,NIGHT MORNING SLEEP NAME USE,1,0,3,0.66
1,asllrp_other_ctc:844051:span00,asllrp_other_ctc,FRIEND TIRED,SLEEP FRIEND TIRED SAME,0,0,2,0.66
1,asllrp_other_ctc:844052:span00,asllrp_other_ctc,FRIEND YES,READY SMALL SAME,2,0,1,1.31
1,asllrp_other_ctc:844153:span00,asllrp_other_ctc,FRIEND,NO WHAT,1,0,1,1.1800000000000002
1,asllrp_other_ctc:844254:span00,asllrp_other_ctc,WORK STOP,STOP WORK EAT GOOD MORNING GOOD SCHOOL MAYBE,1,0,6,0.92
1,asllrp_other_ctc:844356:span00,asllrp_other_ctc,FRIEND,FRIEND TELL YEAR READY NIGHT,0,0,4,0.92
1,asllrp_other_ctc:844457:span00,asllrp_other_ctc,FRIEND,FRIEND TAKE FRIEND I SMALL,0,0,4,0.92
1,asllrp_other_ctc:844458:span00,asllrp_other_ctc,FRIEND,TALK SAME ANSWER MORNING GOOD SCHOOL FRIEND MORNING SCHOOL COLD SAME,0,0,10,0.92
1,asllrp_other_ctc:844660:span00,asllrp_other_ctc,SCHOOL,SLEEP DRINK SAME USE SMALL,1,0,4,0.92
1,asllrp_other_ctc:844661:span00,asllrp_other_ctc,SCHOOL,SAME SCHOOL TRY,0,0,2,1.05
1,asllrp_other_ctc:844762:span00,asllrp_other_ctc,FRIEND,FRIEND MORE MAKE,0,0,2,1.05
1,asllrp_other_ctc:844763:span00,asllrp_other_ctc,FAMILY THANKYOU,STOP ANSWER WORK DAY IMPORTANT FAMILY FRIEND BAD,1,0,6,1.44
1,asllrp_other_ctc:844864:span00,asllrp_other_ctc,FRIEND,FRIEND FRIEND MAKE SMALL STOP TRY WANT MAYBE,0,0,7,0.66
1,asllrp_other_ctc:844965:span00,asllrp_other_ctc,FEEL HOW,LEARN TOMORROW MAKE DRINK DRINK BAD STOP HELP LEARN,2,0,7,0.66
1,asllrp_other_ctc:845066:span00,asllrp_other_ctc,FRIEND,SIGN I I SLEEP KNOW,1,0,4,1.31
1,asllrp_other_ctc:845067:span00,asllrp_other_ctc,FRIEND,I FRIEND YES FRIEND HELP,0,0,4,0.66
1,asllrp_other_ctc:845168:span00,asllrp_other_ctc,FRIEND,NIGHT FRIEND WHEN SCHOOL SAME STOP,0,0,5,0.79
1,asllrp_other_ctc:845269:span00,asllrp_other_ctc,FRIEND TIRED,FRIEND MAKE MORNING COME TIRED TIRED,0,0,4,0.66
1,asllrp_other_ctc:845270:span00,asllrp_other_ctc,FRIEND,SIGN COLD SIGN OUR,1,0,3,0.79
1,asllrp_other_ctc:845371:span00,asllrp_other_ctc,WORK,WORK SLEEP MAYBE YEAR MORE,0,0,4,0.79
1,asllrp_other_ctc:845472:span00,asllrp_other_ctc,FRIEND EAT,FRIEND ANSWER SLEEP MORNING KNOW EAT YEAR GOOD,0,0,6,0.66
1,asllrp_other_ctc:845473:span00,asllrp_other_ctc,FRIEND,FRIEND COLD NIGHT,0,0,2,0.66
1,asllrp_other_ctc:845574:span00,asllrp_other_ctc,SCHOOL,STOP SCHOOL WORK MORNING KNOW MORNING WANT,0,0,6,0.79
1,asllrp_other_ctc:845675:span00,asllrp_other_ctc,FRIEND UNDERSTAND DIFFERENT,FRIEND LOVE EAT WORK FIND TELL SAD FRIEND DIFFERENT SMALL,1,0,7,0.92
1,asllrp_other_ctc:845676:span00,asllrp_other_ctc,FRIEND,FRIEND SIGN TIRED MORNING,0,0,3,0.66
1,asllrp_other_ctc:845777:span00,asllrp_other_ctc,FRIEND,FRIEND TELL I MAKE TRY COLD SIGN,0,0,6,0.66
1,asllrp_other_ctc:845878:span00,asllrp_other_ctc,FRIEND DIFFERENT,FRIEND SLEEP SMALL SAME WORK MAYBE,1,0,4,0.66
1,local:GOOD_MORNING:68e844f9,local_phrases,GOOD MORNING,THANKYOU GOOD SCHOOL EASY MORNING,0,0,3,1.1800000000000002
1,local:GOOD_MORNING:GOOD_MORNING_10,local_phrases,GOOD MORNING,DRINK EAT MORNING,1,0,1,0.79
1,local:GOOD_MORNING:GOOD_MORNING_15,local_phrases,GOOD MORNING,CHILD THANKYOU MORNING,1,0,1,0.66
1,local:GOOD_MORNING:GOOD_MORNING_20,local_phrases,GOOD MORNING,GOOD MORNING SICK,0,0,1,1.44
1,local:GOOD_MORNING:GOOD_MORNING_5,local_phrases,GOOD MORNING,EAT THANKYOU MORNING WAIT BAD,1,0,3,0.92
1,local:GOOD_MORNING:a152a8b4,local_phrases,GOOD MORNING,GIVE THANKYOU GOOD THANKYOU EASY MORNING,0,0,4,0.92
1,local:GOOD_MORNING:c84d2b6d,local_phrases,GOOD MORNING,YOUR THANKYOU GOOD THANKYOU SCHOOL MORNING,0,0,4,0.79
1,local:GOOD_MORNING:eac767b8,local_phrases,GOOD MORNING,GOOD EASY MORNING MORNING,0,0,2,0.92
1,local:HELLO_HOW_YOU:02624f97,local_phrases,HELLO HOW YOU,HOW,0,2,0,0.9
1,local:HELLO_HOW_YOU:09b0da27,local_phrases,HELLO HOW YOU,KNOW HELLO HOW HELP YOU,0,0,2,0.92
1,local:HELLO_HOW_YOU:2a03cd09,local_phrases,HELLO HOW YOU,YOUR KNOW HELLO HEAR GOODBYE TOMORROW HOW HELP YOU WHO YOU,0,0,8,0.79
1,local:HELLO_HOW_YOU:426cf10b,local_phrases,HELLO HOW YOU,KNOW HELLO HEAR STOP DOCTOR HOW HELP YOU YOU,0,0,6,0.79
1,local:HELLO_HOW_YOU:4db4e096,local_phrases,HELLO HOW YOU,YOUR YOUR KNOW HELLO HOW HELP YOU,0,0,4,0.79
1,local:HELLO_HOW_YOU:5d677b3d,local_phrases,HELLO HOW YOU,,0,3,0,
1,local:HELLO_HOW_YOU:5d7a5d95,local_phrases,HELLO HOW YOU,,0,3,0,
1,local:HELLO_HOW_YOU:5db48bc6,local_phrases,HELLO HOW YOU,TRY,1,2,0,0.8
1,local:HELLO_HOW_YOU:63cfed08,local_phrases,HELLO HOW YOU,,0,3,0,
1,local:HELLO_HOW_YOU:748544af,local_phrases,HELLO HOW YOU,,0,3,0,
1,local:HELLO_HOW_YOU:7dff4a30,local_phrases,HELLO HOW YOU,HELLO HEAR HELP HOW HELP TRY SAME TAKE,1,0,5,1.44
1,local:HELLO_HOW_YOU:818e7c56,local_phrases,HELLO HOW YOU,HELLO HEAR STOP HOW HELP YOU YOU,0,0,4,1.31
1,local:HELLO_HOW_YOU:87753aaa,local_phrases,HELLO HOW YOU,YOUR KNOW HELLO STOP HOW HELP YOU YOU,0,0,5,0.79
1,local:HELLO_HOW_YOU:8cb7b270,local_phrases,HELLO HOW YOU,YOUR KNOW HELLO HEAR HOW WRITE HOW YOU YOU,0,0,6,0.79
1,local:HELLO_HOW_YOU:93ddb3f8,local_phrases,HELLO HOW YOU,HELLO HEAR HEAR GOODBYE TOMORROW MORE DOCTOR HOW NEED YOU YOU,0,0,8,1.44
1,local:HELLO_HOW_YOU:HELLO_HOW_YOU_10,local_phrases,HELLO HOW YOU,HELLO COLD MAKE YOU,1,0,1,1.7
1,local:HELLO_HOW_YOU:HELLO_HOW_YOU_15,local_phrases,HELLO HOW YOU,KNOW LESS COLD HOW WORK HOW YOU WHO YOU,1,0,6,1.1800000000000002
1,local:HELLO_HOW_YOU:HELLO_HOW_YOU_20,local_phrases,HELLO HOW YOU,KNOW HELLO COLD MAKE COLD YOU WHO,1,0,4,1.1800000000000002
1,local:HELLO_HOW_YOU:HELLO_HOW_YOU_5,local_phrases,HELLO HOW YOU,HEAR HELLO TRY YOU YOU,1,0,2,1.1800000000000002
1,local:HELLO_HOW_YOU:a0c81cbb,local_phrases,HELLO HOW YOU,,0,3,0,
1,local:HELLO_HOW_YOU:c18a49e6,local_phrases,HELLO HOW YOU,,0,3,0,
1,local:HELLO_HOW_YOU:c2e41b7c,local_phrases,HELLO HOW YOU,HELLO HELLO HEAR GOODBYE TOMORROW HOW HELP YOU WHO YOU YOU,0,0,8,1.05
1,local:HELLO_HOW_YOU:dc203174,local_phrases,HELLO HOW YOU,,0,3,0,
1,local:HELLO_HOW_YOU:e2ed76e1,local_phrases,HELLO HOW YOU,KNOW HELLO GOODBYE HOW HELP YOU,0,0,3,0.79
1,local:HELLO_HOW_YOU:f0b6ec18,local_phrases,HELLO HOW YOU,,0,3,0,
1,local:HELLO_HOW_YOU:f29e67a4,local_phrases,HELLO HOW YOU,HOW,0,2,0,0.92
1,local:MY_NAME:4e86d1d3,local_phrases,MY NAME,MY NAME NAME,0,0,1,1.05
1,local:MY_NAME:66c23995,local_phrases,MY NAME,MY LIKE NAME,0,0,1,1.05
1,local:MY_NAME:88cf1bc7,local_phrases,MY NAME,YOUR GIVE MY NAME,0,0,2,0.79
1,local:MY_NAME:9a9826b6,local_phrases,MY NAME,NAME,0,1,0,0.66
1,local:MY_NAME:MY_NAME_10,local_phrases,MY NAME,MY NAME NAME GIVE,0,0,2,1.05
1,local:MY_NAME:MY_NAME_15,local_phrases,MY NAME,MY NAME NAME,0,0,1,1.05
1,local:MY_NAME:MY_NAME_5,local_phrases,MY NAME,GIVE MY HUNGRY NAME,0,0,2,0.92
1,local:MY_NAME:db425092,local_phrases,MY NAME,NAME,0,1,0,0.66
1,local:MY_NAME:e7d64e6e,local_phrases,MY NAME,NAME,0,1,0,0.6
1,local:MY_NAME:f1e223cb,local_phrases,MY NAME,THANKYOU NAME,1,0,0,0.92
1,local:MY_NAME:f6d61c7d,local_phrases,MY NAME,NAME,0,1,0,0.6
1,local:PLEASE_HELP_ME:09d3e2c0,local_phrases,PLEASE HELP I,HUNGRY SAD HUNGRY MY HUNGRY HUNGRY I,2,0,4,0.92
1,local:PLEASE_HELP_ME:12a886c6,local_phrases,PLEASE HELP I,EASY HELP MY I SORRY I,1,0,3,1.9600000000000002
1,local:PLEASE_HELP_ME:14b15dd2,local_phrases,PLEASE HELP I,EASY PLEASE HUNGRY PLEASE HUNGRY HUNGRY HELP I,0,0,5,0.79
1,local:PLEASE_HELP_ME:1c00feea,local_phrases,PLEASE HELP I,YOUR YOUR STOP HUNGRY HELP I,1,0,3,0.79
1,local:PLEASE_HELP_ME:22a426c5,local_phrases,PLEASE HELP I,MORNING MY MY I,2,0,1,1.1800000000000002
1,local:PLEASE_HELP_ME:2bd15b8f,local_phrases,PLEASE HELP I,HUNGRY,1,2,0,0.79
1,local:PLEASE_HELP_ME:3e65d621,local_phrases,PLEASE HELP I,YOUR YOUR GOOD PLEASE PLEASE HELP HUNGRY I,0,0,5,0.79
1,local:PLEASE_HELP_ME:41b5e8c9,local_phrases,PLEASE HELP I,STOP SCHOOL GOOD HELP HUNGRY I,1,0,3,1.1800000000000002
1,local:PLEASE_HELP_ME:46b80a1f,local_phrases,PLEASE HELP I,HEAR EASY HUNGRY EASY HUNGRY HELP I,1,0,4,0.66
1,local:PLEASE_HELP_ME:598ebd8c,local_phrases,PLEASE HELP I,HUNGRY,1,2,0,0.79
1,local:PLEASE_HELP_ME:6b5134ab,local_phrases,PLEASE HELP I,HAPPY,1,2,0,0.79
1,local:PLEASE_HELP_ME:7b01c5c6,local_phrases,PLEASE HELP I,YOUR YOUR YOUR STOP GOOD HUNGRY THANKYOU HUNGRY HELP I I,1,0,8,0.79
1,local:PLEASE_HELP_ME:PLEASE_HELP_ME_10,local_phrases,PLEASE HELP I,YES PLEASE MY HELP EASY I,0,0,3,0.66
1,local:PLEASE_HELP_ME:PLEASE_HELP_ME_15,local_phrases,PLEASE HELP I,YES MY PLEASE MY NIGHT SAME MORNING YOU I,1,0,6,0.66
1,local:PLEASE_HELP_ME:PLEASE_HELP_ME_20,local_phrases,PLEASE HELP I,HUNGRY MY MAKE SAME HELP MAKE I,1,0,4,0.92
1,local:PLEASE_HELP_ME:PLEASE_HELP_ME_5,local_phrases,PLEASE HELP I,MY HUNGRY HELP HELP I,1,0,2,1.7
1,local:PLEASE_HELP_ME:a0ef141b,local_phrases,PLEASE HELP I,,0,3,0,
1,local:PLEASE_HELP_ME:c1665bbc,local_phrases,PLEASE HELP I,PLEASE HUNGRY,1,1,0,0.66
1,local:PLEASE_HELP_ME:c53f3440,local_phrases,PLEASE HELP I,,0,3,0,
1,local:PLEASE_HELP_ME:d34bf9cc,local_phrases,PLEASE HELP I,YOUR YOUR PLEASE HOW HUNGRY I,1,0,3,0.79
1,local:PLEASE_HELP_ME:da0a3f3b,local_phrases,PLEASE HELP I,EASY,1,2,0,0.79
1,local:PLEASE_HELP_ME:de38673b,local_phrases,PLEASE HELP I,HUNGRY,1,2,0,0.7666666666666667
1,local:PLEASE_HELP_ME:e0761149,local_phrases,PLEASE HELP I,YOUR YOUR GOOD PLEASE HUNGRY HELP LIKE I,0,0,5,0.79
1,local:PLEASE_HELP_ME:e4693855,local_phrases,PLEASE HELP I,HUNGRY HUNGRY HELP I,1,0,1,1.57
1,local:PLEASE_HELP_ME:ec9bb455,local_phrases,PLEASE HELP I,,0,3,0,
1,local:PLEASE_HELP_ME:f0bf75ab,local_phrases,PLEASE HELP I,,0,3,0,
1,local:THANKYOU_FRIEND:05cb70f3,local_phrases,THANKYOU FRIEND,FRIEND,0,1,0,0.7666666666666667
1,local:THANKYOU_FRIEND:1feb7567,local_phrases,THANKYOU FRIEND,YOUR THANKYOU FRIEND NIGHT FRIEND NAME,0,0,4,0.79
1,local:THANKYOU_FRIEND:56621abe,local_phrases,THANKYOU FRIEND,THANKYOU NAME READ WRITE NIGHT MORE,1,0,4,1.31
1,local:THANKYOU_FRIEND:5aa45d71,local_phrases,THANKYOU FRIEND,FRIEND,0,1,0,0.7
1,local:THANKYOU_FRIEND:71e1c4cc,local_phrases,THANKYOU FRIEND,THANKYOU THANKYOU NAME FRIEND FRIEND NAME,0,0,4,0.79
1,local:THANKYOU_FRIEND:THANKYOU_FRIEND_10,local_phrases,THANKYOU FRIEND,THANKYOU WHEN FRIEND FRIEND,0,0,2,1.31
1,local:THANKYOU_FRIEND:THANKYOU_FRIEND_15,local_phrases,THANKYOU FRIEND,MOTHER GOOD BAD WHEN FRIEND WHEN WHEN,1,0,5,1.1800000000000002
1,local:THANKYOU_FRIEND:THANKYOU_FRIEND_20,local_phrases,THANKYOU FRIEND,THANKYOU WHEN FRIEND WHEN FRIEND,0,0,3,1.31
1,local:THANKYOU_FRIEND:THANKYOU_FRIEND_5,local_phrases,THANKYOU FRIEND,COME FRIEND WHEN FRIEND,1,0,2,0.66
1,local:THANKYOU_FRIEND:a78dc18d,local_phrases,THANKYOU FRIEND,FRIEND,0,1,0,0.7
1,local:THANKYOU_FRIEND:bafe16eb,local_phrases,THANKYOU FRIEND,,0,2,0,
1,local:THANKYOU_FRIEND:d1912f56,local_phrases,THANKYOU FRIEND,EAT GOOD FRIEND NIGHT NAME,1,0,3,0.92
1,local:TOMORROW_SCHOOL_GO:0b10c68b,local_phrases,TOMORROW SCHOOL GO,,0,3,0,
1,local:TOMORROW_SCHOOL_GO:2d6a9750,local_phrases,TOMORROW SCHOOL GO,YOUR TOMORROW STOP GO DIFFERENT DIFFERENT,1,0,3,0.79
1,local:TOMORROW_SCHOOL_GO:36e8a1ee,local_phrases,TOMORROW SCHOOL GO,FIND TOMORROW STOP GO DIFFERENT GO,1,0,3,0.79
1,local:TOMORROW_SCHOOL_GO:TOMORROW_SCHOOL_GO_10,local_phrases,TOMORROW SCHOOL GO,YOUR YES YESTERDAY TOMORROW DOCTOR READ DOCTOR WHERE WHEN DIFFERENT,2,0,7,0.79
1,local:TOMORROW_SCHOOL_GO:TOMORROW_SCHOOL_GO_15,local_phrases,TOMORROW SCHOOL GO,YESTERDAY TOMORROW WHO DOCTOR DOCTOR SCHOOL FRIEND GO WHEN,0,0,6,1.1800000000000002
1,local:TOMORROW_SCHOOL_GO:TOMORROW_SCHOOL_GO_5,local_phrases,TOMORROW SCHOOL GO,YES YESTERDAY TOMORROW SCHOOL ANSWER FRIEND GO,0,0,4,0.92
1,local:TOMORROW_SCHOOL_GO:a4e2770a,local_phrases,TOMORROW SCHOOL GO,HOME TOMORROW SICK SCHOOL GO FRIEND DIFFERENT,0,0,4,0.66
1,local:TOMORROW_SCHOOL_GO:c2541b7d,local_phrases,TOMORROW SCHOOL GO,HOME TOMORROW NIGHT SCHOOL READY GO DIFFERENT GO,0,0,5,1.05
1,local:TOMORROW_SCHOOL_GO:d1d851a2,local_phrases,TOMORROW SCHOOL GO,THANKYOU,1,2,0,0.79
1,local:TOMORROW_SCHOOL_GO:d42b9bd8,local_phrases,TOMORROW SCHOOL GO,HOME TOMORROW SCHOOL GO WHEN DIFFERENT,0,0,3,0.92
1,local:TOMORROW_SCHOOL_GO:dfa20cd9,local_phrases,TOMORROW SCHOOL GO,TOMORROW,0,2,0,0.66
1,local:TOMORROW_SCHOOL_GO:fdddd591,local_phrases,TOMORROW SCHOOL GO,FRIEND,1,2,0,1.0
3,asllrp:15718738.mp4:span00,asllrp_contiguous,NIGHT TIME,,0,2,0,
3,asllrp:30336.mp4:span00,asllrp_contiguous,WATER COLD,WATER,0,1,0,0.66
3,asllrp:31657946.mp4:span00,asllrp_contiguous,LIKE READ,,0,2,0,
3,asllrp:31659623.mp4:span00,asllrp_contiguous,FRIEND NOW,FRIEND,0,1,0,0.66
3,asllrp:4236779.mp4:span00,asllrp_contiguous,TIME FRIEND,FRIEND,0,1,0,0.66
3,asllrp:7345233.mp4:span00,asllrp_contiguous,FRIEND MAYBE,,0,2,0,
3,asllrp:841111.mp4:span00,asllrp_contiguous,FRIEND NOW,FRIEND,0,1,0,0.66
3,asllrp:841314.mp4:span00,asllrp_contiguous,FRIEND NOW,FRIEND,0,1,0,0.66
3,asllrp:841415.mp4:span00,asllrp_contiguous,FRIEND NOW,FRIEND,0,1,0,0.66
3,asllrp:841516.mp4:span00,asllrp_contiguous,FRIEND NOW,FRIEND,0,1,0,0.66
3,asllrp:842935.mp4:span00,asllrp_contiguous,WORK WHERE,WORK,0,1,0,0.66
3,asllrp_other_ctc:15716766:span00,asllrp_other_ctc,NOW,MAYBE,1,0,0,1.57
3,asllrp_other_ctc:15716865:span00,asllrp_other_ctc,NOW,SAD SCHOOL SCHOOL NOW,0,0,3,0.66
3,asllrp_other_ctc:15716963:span00,asllrp_other_ctc,READ,SCHOOL,1,0,0,2.35
3,asllrp_other_ctc:15717258:span00,asllrp_other_ctc,FRIEND,,0,1,0,
3,asllrp_other_ctc:15717259:span00,asllrp_other_ctc,FRIEND,SMALL,1,0,0,3.13
3,asllrp_other_ctc:15717456:span00,asllrp_other_ctc,FRIEND,FRIEND READY WANT WORK,0,0,3,1.31
3,asllrp_other_ctc:15717850:span00,asllrp_other_ctc,FRIEND,FRIEND TELL MAKE,0,0,2,1.05
3,asllrp_other_ctc:15717948:span00,asllrp_other_ctc,FRIEND,MAKE EXCITED STOP FRIEND,0,0,3,3.7800000000000002
3,asllrp_other_ctc:15718047:span00,asllrp_other_ctc,FRIEND,FRIEND TIRED,0,0,1,0.79
3,asllrp_other_ctc:15718145:span00,asllrp_other_ctc,HAVE,MAKE WORK TELL,1,0,2,1.7
3,asllrp_other_ctc:15718244:span00,asllrp_other_ctc,WORK,MAKE HELP WEEK,1,0,2,2.09
3,asllrp_other_ctc:15718343:span00,asllrp_other_ctc,FRIEND WHERE,WAIT WANT WORK,2,0,1,1.83
3,asllrp_other_ctc:15718441:span00,asllrp_other_ctc,FRIEND,FRIEND HOT WORK NIGHT SMALL,0,0,4,0.66
3,asllrp_other_ctc:15718540:span00,asllrp_other_ctc,FRIEND DIFFERENT,FRIEND UNDERSTAND,1,0,0,0.66
3,asllrp_other_ctc:15718639:span00,asllrp_other_ctc,FRIEND,WORK,1,0,0,1.7
3,asllrp_other_ctc:15718738:span00,asllrp_other_ctc,NIGHT TIME,HAVE EAT SAME,2,0,1,1.57
3,asllrp_other_ctc:15718934:span00,asllrp_other_ctc,BAD HOME,EAT BAD,2,0,0,0.79
3,asllrp_other_ctc:15718935:span00,asllrp_other_ctc,FAMILY,IMPORTANT READY LEARN,1,0,2,1.05
3,asllrp_other_ctc:15719033:span00,asllrp_other_ctc,NOW,WORK THANKYOU,1,0,1,0.92
3,asllrp_other_ctc:15719132:span00,asllrp_other_ctc,HOME,SMALL SAD WAIT,1,0,2,3.13
3,asllrp_other_ctc:15719526:span00,asllrp_other_ctc,LEARN,STOP,1,0,0,3.91
3,asllrp_other_ctc:15719625:span00,asllrp_other_ctc,WORK,NO READY WORK,0,0,2,1.31
3,asllrp_other_ctc:15719724:span00,asllrp_other_ctc,FRIEND,HOW THANKYOU WORK,1,0,2,1.05
3,asllrp_other_ctc:15719823:span00,asllrp_other_ctc,FRIEND,FRIEND GOOD SMALL,0,0,2,0.66
3,asllrp_other_ctc:15719921:span00,asllrp_other_ctc,FRIEND,FRIEND READY,0,0,1,0.66
3,asllrp_other_ctc:15719922:span00,asllrp_other_ctc,FRIEND,FRIEND READY,0,0,1,0.79
3,asllrp_other_ctc:15720020:span00,asllrp_other_ctc,FRIEND,FRIEND SAD,0,0,1,0.66
3,asllrp_other_ctc:15720119:span00,asllrp_other_ctc,WORK,WHY THANKYOU,1,0,1,1.57
3,asllrp_other_ctc:15720217:span00,asllrp_other_ctc,HOW,NAME NAME SCHOOL HELP,1,0,3,2.2199999999999998
3,asllrp_other_ctc:15720414:span00,asllrp_other_ctc,FRIEND,FRIEND SIGN,0,0,1,0.79
3,asllrp_other_ctc:15720415:span00,asllrp_other_ctc,HOT,FEEL LIKE,1,0,1,2.2199999999999998
3,asllrp_other_ctc:15720612:span00,asllrp_other_ctc,FRIEND,FRIEND EAT,0,0,1,1.05
3,asllrp_other_ctc:15720710:span00,asllrp_other_ctc,FRIEND,FRIEND LEARN,0,0,1,0.66
3,asllrp_other_ctc:15720711:span00,asllrp_other_ctc,FRIEND WHERE,,0,2,0,
3,asllrp_other_ctc:1572098:span00,asllrp_other_ctc,WORK,,0,1,0,
3,asllrp_other_ctc:1572107:span00,asllrp_other_ctc,WHERE,SMALL MORE HOME,1,0,2,1.1800000000000002
3,asllrp_other_ctc:28310:span00,asllrp_other_ctc,WHERE,,0,1,0,
3,asllrp_other_ctc:28411:span00,asllrp_other_ctc,WHERE,WORK,1,0,0,1.31
3,asllrp_other_ctc:28512:span00,asllrp_other_ctc,WHERE,,0,1,0,
3,asllrp_other_ctc:28513:span00,asllrp_other_ctc,WORK,BIG,1,0,0,0.79
3,asllrp_other_ctc:28614:span00,asllrp_other_ctc,NOW WORK,NOW,0,1,0,0.66
3,asllrp_other_ctc:28715:span00,asllrp_other_ctc,WHERE,SICK,1,0,0,1.1800000000000002
3,asllrp_other_ctc:28918:span00,asllrp_other_ctc,HAVE,SAME TAKE,1,0,1,2.6100000000000003
3,asllrp_other_ctc:29019:span00,asllrp_other_ctc,FRIEND HOT,COME HELLO SMALL FRIEND,2,0,2,0.66
3,asllrp_other_ctc:29221:span00,asllrp_other_ctc,THINK,WOMAN LIKE GO UNDERSTAND,1,0,3,0.66
3,asllrp_other_ctc:29322:span00,asllrp_other_ctc,THINK,GO UNDERSTAND UNDERSTAND,1,0,2,2.4800000000000004
3,asllrp_other_ctc:29423:span00,asllrp_other_ctc,COLD,COLD EXCITED,0,0,1,0.66
3,asllrp_other_ctc:29626:span00,asllrp_other_ctc,MORNING,LOVE,1,0,0,0.92
3,asllrp_other_ctc:29727:span00,asllrp_other_ctc,MORNING,SCHOOL,1,0,0,2.87
3,asllrp_other_ctc:29728:span00,asllrp_other_ctc,TOMORROW HOME,EAT,1,1,0,2.4800000000000004
3,asllrp_other_ctc:29829:span00,asllrp_other_ctc,WORK HOME,SMALL WORK,2,0,0,1.1800000000000002
3,asllrp_other_ctc:29931:span00,asllrp_other_ctc,THINK,SMALL,1,0,0,1.57
3,asllrp_other_ctc:30336:span00,asllrp_other_ctc,WATER COLD,WATER,0,1,0,0.66
3,asllrp_other_ctc:30640:span00,asllrp_other_ctc,TOMORROW,HAVE TIRED,1,0,1,1.9600000000000002
3,asllrp_other_ctc:30641:span00,asllrp_other_ctc,WORK,,0,1,0,
3,asllrp_other_ctc:30742:span00,asllrp_other_ctc,WHERE,STOP HELP,1,0,1,1.1800000000000002
3,asllrp_other_ctc:31654594:span00,asllrp_other_ctc,FRIEND,COLD FRIEND WHY WHERE,0,0,3,0.79
3,asllrp_other_ctc:31654693:span00,asllrp_other_ctc,FRIEND,FRIEND EAT TELL,0,0,2,0.66
3,asllrp_other_ctc:31654989:span00,asllrp_other_ctc,HAVE LIKE,HAVE BIG MORNING NAME ANSWER,1,0,3,1.31
3,asllrp_other_ctc:31655087:span00,asllrp_other_ctc,BAD,BAD SAD EXCITED SEE FRIEND HOW,0,0,5,0.66
3,asllrp_other_ctc:31655088:span00,asllrp_other_ctc,FAMILY WHERE,FAMILY WORK LOVE,1,0,1,0.79
3,asllrp_other_ctc:31655383:span00,asllrp_other_ctc,FRIEND,WHY FRIEND SICK,0,0,2,1.31
3,asllrp_other_ctc:31655481:span00,asllrp_other_ctc,READ,READ SCHOOL HOME EAT,0,0,3,1.83
3,asllrp_other_ctc:31655580:span00,asllrp_other_ctc,NOW,WHEN ANSWER SCHOOL GO NOW,0,0,4,1.31
3,asllrp_other_ctc:31655777:span00,asllrp_other_ctc,FRIEND,FRIEND EASY,0,0,1,0.92
3,asllrp_other_ctc:31655974:span00,asllrp_other_ctc,FRIEND THINK,SEE YOU,2,0,0,1.44
3,asllrp_other_ctc:31656271:span00,asllrp_other_ctc,LIKE,WHEN,1,0,0,1.31
3,asllrp_other_ctc:31656763:span00,asllrp_other_ctc,LIKE,,0,1,0,
3,asllrp_other_ctc:31656862:span00,asllrp_other_ctc,WORK,,0,1,0,
3,asllrp_other_ctc:31656960:span00,asllrp_other_ctc,FRIEND,HELP HELP FRIEND,0,0,2,0.79
3,asllrp_other_ctc:31656961:span00,asllrp_other_ctc,WHERE,HOT,1,0,0,0.79
3,asllrp_other_ctc:31657059:span00,asllrp_other_ctc,FRIEND,,0,1,0,
3,asllrp_other_ctc:31657453:span00,asllrp_other_ctc,NOW,,0,1,0,
3,asllrp_other_ctc:31657454:span00,asllrp_other_ctc,FAMILY,FAMILY LIKE,0,0,1,0.92
3,asllrp_other_ctc:31657946:span00,asllrp_other_ctc,LIKE READ,TALK LIKE SCHOOL,1,0,1,0.66
3,asllrp_other_ctc:31658341:span00,asllrp_other_ctc,FRIEND,FRIEND READY,0,0,1,0.66
3,asllrp_other_ctc:31658539:span00,asllrp_other_ctc,FRIEND,FRIEND THANKYOU,0,0,1,0.66
3,asllrp_other_ctc:31658933:span00,asllrp_other_ctc,FRIEND,FRIEND WANT,0,0,1,0.66
3,asllrp_other_ctc:31659130:span00,asllrp_other_ctc,FRIEND,FRIEND WHY,0,0,1,1.05
3,asllrp_other_ctc:31659131:span00,asllrp_other_ctc,FRIEND,FRIEND DRINK,0,0,1,1.05
3,asllrp_other_ctc:31659229:span00,asllrp_other_ctc,FRIEND,FRIEND ANGRY,0,0,1,0.66
3,asllrp_other_ctc:31659327:span00,asllrp_other_ctc,LIKE,COLD COLD SCHOOL,1,0,2,0.79
3,asllrp_other_ctc:31659328:span00,asllrp_other_ctc,FRIEND,WANT,1,0,0,2.74
3,asllrp_other_ctc:31659426:span00,asllrp_other_ctc,WORK,I,1,0,0,0.66
3,asllrp_other_ctc:31659623:span00,asllrp_other_ctc,FRIEND NOW,FRIEND,0,1,0,0.66
3,asllrp_other_ctc:31659624:span00,asllrp_other_ctc,NOW FRIEND,HAVE FRIEND,1,0,0,0.79
3,asllrp_other_ctc:31660216:span00,asllrp_other_ctc,NOW BAD,NOW BAD DRINK EXCITED,0,0,2,0.66
3,asllrp_other_ctc:31660414:span00,asllrp_other_ctc,NOW,MAKE,1,0,0,2.9029000000000003
3,asllrp_other_ctc:31660513:span00,asllrp_other_ctc,NOW,FRIEND,1,0,0,1.1800000000000002
3,asllrp_other_ctc:31660612:span00,asllrp_other_ctc,NOW,MAYBE,1,0,0,1.05
3,asllrp_other_ctc:31660710:span00,asllrp_other_ctc,READ,SCHOOL READ STOP,0,0,2,1.31
3,asllrp_other_ctc:4231610:span00,asllrp_other_ctc,HAVE SMALL,BIG,1,1,0,1.31
3,asllrp_other_ctc:4232015:span00,asllrp_other_ctc,FRIEND,FRIEND HOW ANGRY,0,0,2,0.66
3,asllrp_other_ctc:4232116:span00,asllrp_other_ctc,NAME NAME,NAME,0,1,0,2.35
3,asllrp_other_ctc:4232117:span00,asllrp_other_ctc,NAME,FRIEND READY NAME,0,0,2,0.92
3,asllrp_other_ctc:4232218:span00,asllrp_other_ctc,LIKE LIKE,TALK FAMILY,2,0,0,1.44
3,asllrp_other_ctc:4232319:span00,asllrp_other_ctc,WORK,YOUR SCHOOL SLEEP,1,0,2,1.1800000000000002
3,asllrp_other_ctc:4232421:span00,asllrp_other_ctc,FRIEND,TOMORROW HAVE,1,0,1,1.44
3,asllrp_other_ctc:4232522:span00,asllrp_other_ctc,FRIEND,FRIEND TIRED HAVE,0,0,2,0.66
3,asllrp_other_ctc:4232624:span00,asllrp_other_ctc,WATER,,0,1,0,
3,asllrp_other_ctc:4232725:span00,asllrp_other_ctc,FRIEND,,0,1,0,
3,asllrp_other_ctc:4233433:span00,asllrp_other_ctc,FRIEND,FRIEND HOW READY SAD WHY,0,0,4,0.66
3,asllrp_other_ctc:4233840:span00,asllrp_other_ctc,TIME,SAD FRIEND TIME,0,0,2,0.79
3,asllrp_other_ctc:4233941:span00,asllrp_other_ctc,HOW,SICK SLEEP LOVE,1,0,2,0.79
3,asllrp_other_ctc:4234549:span00,asllrp_other_ctc,FAMILY WHERE,FAMILY,0,1,0,0.79
3,asllrp_other_ctc:4234954:span00,asllrp_other_ctc,WHERE,NOW,1,0,0,1.1800000000000002
3,asllrp_other_ctc:4236070:span00,asllrp_other_ctc,WATER TIME,,0,2,0,
3,asllrp_other_ctc:4236171:span00,asllrp_other_ctc,FRIEND,FRIEND HOW,0,0,1,0.92
3,asllrp_other_ctc:4236577:span00,asllrp_other_ctc,FRIEND,,0,1,0,
3,asllrp_other_ctc:4236779:span00,asllrp_other_ctc,TIME FRIEND TIME,FRIEND TIME,0,1,0,0.66
3,asllrp_other_ctc:557207:span00,asllrp_other_ctc,EAT,SLEEP,1,0,0,1.83
3,asllrp_other_ctc:557218:span00,asllrp_other_ctc,FRIEND,,0,1,0,
3,asllrp_other_ctc:5572210:span00,asllrp_other_ctc,FRIEND TOMORROW,FRIEND,0,1,0,0.66
3,asllrp_other_ctc:557229:span00,asllrp_other_ctc,FRIEND WHERE,,0,2,0,
3,asllrp_other_ctc:5572311:span00,asllrp_other_ctc,HOME WORK,STOP HOT TAKE,2,0,1,1.1800000000000002
3,asllrp_other_ctc:5572514:span00,asllrp_other_ctc,FRIEND,SLEEP FRIEND WHY,0,0,2,0.92
3,asllrp_other_ctc:5572615:span00,asllrp_other_ctc,FRIEND NOW,FRIEND EASY,1,0,0,3.3900000000000006
3,asllrp_other_ctc:5572716:span00,asllrp_other_ctc,FRIEND,FRIEND FRIEND,0,0,1,0.66
3,asllrp_other_ctc:5572717:span00,asllrp_other_ctc,FRIEND,FRIEND EAT EAT,0,0,2,0.66
3,asllrp_other_ctc:7343611:span00,asllrp_other_ctc,FRIEND HOME,FRIEND,0,1,0,1.1800000000000002
3,asllrp_other_ctc:7343612:span00,asllrp_other_ctc,FRIEND,FRIEND TIRED,0,0,1,1.1800000000000002
3,asllrp_other_ctc:7343713:span00,asllrp_other_ctc,HOME HOME,STOP,1,1,0,1.83
3,asllrp_other_ctc:7343814:span00,asllrp_other_ctc,HOME,STOP LOVE,1,0,1,1.83
3,asllrp_other_ctc:7343915:span00,asllrp_other_ctc,BAD HOME,HOT STOP,2,0,0,1.57
3,asllrp_other_ctc:7344016:span00,asllrp_other_ctc,HOME EAT,WHY STOP HOT,2,0,1,1.05
3,asllrp_other_ctc:7344017:span00,asllrp_other_ctc,HOME SEE,STOP TELL WANT,2,0,1,1.1800000000000002
3,asllrp_other_ctc:7344118:span00,asllrp_other_ctc,HOME,STOP,1,0,0,1.31
3,asllrp_other_ctc:7344219:span00,asllrp_other_ctc,HOME,WHY WORK HELP,1,0,2,1.1800000000000002
3,asllrp_other_ctc:7344320:span00,asllrp_other_ctc,TIRED,NOW HOSPITAL SCHOOL,1,0,2,1.44
3,asllrp_other_ctc:7344422:span00,asllrp_other_ctc,WATER,SMALL IMPORTANT WANT BIG,1,0,3,1.1800000000000002
3,asllrp_other_ctc:7344523:span00,asllrp_other_ctc,SEE,NAME DRINK,1,0,1,2.4800000000000004
3,asllrp_other_ctc:7344725:span00,asllrp_other_ctc,FRIEND,FRIEND READY SMALL READY HELP,0,0,4,1.05
3,asllrp_other_ctc:7345029:span00,asllrp_other_ctc,TAKE FRIEND,SCHOOL DRINK IMPORTANT SMALL,2,0,2,1.1800000000000002
3,asllrp_other_ctc:7345233:span00,asllrp_other_ctc,FAMILY FRIEND MAYBE,FAMILY SMALL NAME,2,0,0,0.92
3,asllrp_other_ctc:7345334:span00,asllrp_other_ctc,FAMILY,FAMILY WORK COLD ANSWER,0,0,3,1.05
3,asllrp_other_ctc:7687743:span00,asllrp_other_ctc,HOME NIGHT,STOP HOME WORK WORK,1,0,2,1.83
3,asllrp_other_ctc:7691736:span00,asllrp_other_ctc,FRIEND,FRIEND READY,0,0,1,0.66
3,asllrp_other_ctc:7698333:span00,asllrp_other_ctc,HOME NIGHT,KNOW STOP SCHOOL WORK WORK,2,0,3,0.66
3,asllrp_other_ctc:7700328:span00,asllrp_other_ctc,FRIEND,FRIEND GO HUNGRY MY MY,0,0,4,0.66
3,asllrp_other_ctc:7704723:span00,asllrp_other_ctc,HOME NIGHT,EAT WORK,2,0,0,1.57
3,asllrp_other_ctc:7705720:span00,asllrp_other_ctc,HOME,STOP HOME,0,0,1,0.92
3,asllrp_other_ctc:7708415:span00,asllrp_other_ctc,FRIEND,FRIEND FRIEND,0,0,1,0.66
3,asllrp_other_ctc:7709113:span00,asllrp_other_ctc,FRIEND,FRIEND BIG,0,0,1,0.66
3,asllrp_other_ctc:7710510:span00,asllrp_other_ctc,NIGHT,NIGHT HOME STOP,0,0,2,0.92
3,asllrp_other_ctc:771089:span00,asllrp_other_ctc,HOME,STOP,1,0,0,1.1800000000000002
3,asllrp_other_ctc:84087:span00,asllrp_other_ctc,FRIEND,,0,1,0,
3,asllrp_other_ctc:841010:span00,asllrp_other_ctc,FRIEND,,0,1,0,
3,asllrp_other_ctc:841111:span00,asllrp_other_ctc,FRIEND NOW,FRIEND COLD GO ANGRY,1,0,2,0.66
3,asllrp_other_ctc:841212:span00,asllrp_other_ctc,NOW SCHOOL,TALK SCHOOL,1,0,0,1.05
3,asllrp_other_ctc:841213:span00,asllrp_other_ctc,FRIEND,FRIEND WATER,0,0,1,0.66
3,asllrp_other_ctc:841314:span00,asllrp_other_ctc,FRIEND NOW,FRIEND ANGRY HELP,1,0,1,0.66
3,asllrp_other_ctc:841415:span00,asllrp_other_ctc,FRIEND NOW HOME,FRIEND HELLO,1,1,0,0.66
3,asllrp_other_ctc:841517:span00,asllrp_other_ctc,FRIEND,COLD,1,0,0,1.44
3,asllrp_other_ctc:841618:span00,asllrp_other_ctc,FRIEND,FRIEND NO,0,0,1,0.66
3,asllrp_other_ctc:841719:span00,asllrp_other_ctc,WORK,,0,1,0,
3,asllrp_other_ctc:842024:span00,asllrp_other_ctc,EASY,HOW,1,0,0,0.66
3,asllrp_other_ctc:842226:span00,asllrp_other_ctc,FRIEND,FRIEND LOVE WORK,0,0,2,0.66
3,asllrp_other_ctc:842327:span00,asllrp_other_ctc,FRIEND,FRIEND LOVE WORK,0,0,2,0.66
3,asllrp_other_ctc:842429:span00,asllrp_other_ctc,FRIEND WHERE,FRIEND,0,1,0,0.66
3,asllrp_other_ctc:842834:span00,asllrp_other_ctc,WORK,MAYBE,1,0,0,2.9029000000000003
3,asllrp_other_ctc:842935:span00,asllrp_other_ctc,WORK WHERE,WORK,0,1,0,1.05
3,asllrp_other_ctc:843037:span00,asllrp_other_ctc,FRIEND,,0,1,0,
3,asllrp_other_ctc:843239:span00,asllrp_other_ctc,TIME,,0,1,0,
3,asllrp_other_ctc:843240:span00,asllrp_other_ctc,WHERE,HOT,1,0,0,1.05
3,asllrp_other_ctc:843342:span00,asllrp_other_ctc,LIKE,GO,1,0,0,1.05
3,asllrp_other_ctc:843545:span00,asllrp_other_ctc,WHERE,,0,1,0,
3,asllrp_other_ctc:843747:span00,asllrp_other_ctc,WHERE,NAME,1,0,0,1.31
3,asllrp_other_ctc:843848:span00,asllrp_other_ctc,FRIEND,FRIEND WHY,0,0,1,0.79
3,asllrp_other_ctc:843950:span00,asllrp_other_ctc,FRIEND SLEEP,SLEEP NAME,2,0,0,2.09
3,asllrp_other_ctc:844051:span00,asllrp_other_ctc,FRIEND TIRED,SLEEP FRIEND WHEN,1,0,1,0.66
3,asllrp_other_ctc:844052:span00,asllrp_other_ctc,FRIEND YES,FRIEND READY,1,0,0,0.79
3,asllrp_other_ctc:844153:span00,asllrp_other_ctc,FRIEND,,0,1,0,
3,asllrp_other_ctc:844254:span00,asllrp_other_ctc,WORK STOP,WORK GOOD SCHOOL,1,0,1,1.44
3,asllrp_other_ctc:844356:span00,asllrp_other_ctc,FRIEND,FRIEND READY SMALL NIGHT,0,0,3,0.92
3,asllrp_other_ctc:844457:span00,asllrp_other_ctc,FRIEND,FRIEND FRIEND SMALL,0,0,2,0.92
3,asllrp_other_ctc:844458:span00,asllrp_other_ctc,FRIEND,SCHOOL SCHOOL,1,0,1,4.430000000000001
3,asllrp_other_ctc:844660:span00,asllrp_other_ctc,SCHOOL,SLEEP SMALL,1,0,1,1.05
3,asllrp_other_ctc:844763:span00,asllrp_other_ctc,FAMILY THANKYOU,STOP FAMILY EASY BAD,1,0,2,1.44
3,asllrp_other_ctc:844864:span00,asllrp_other_ctc,FRIEND,FRIEND FRIEND MAKE STOP TRY WANT,0,0,5,0.66
3,asllrp_other_ctc:844965:span00,asllrp_other_ctc,FEEL HOW,LEARN TOMORROW MAKE HELP LEARN,2,0,3,0.66
3,asllrp_other_ctc:845066:span00,asllrp_other_ctc,FRIEND,KNOW,1,0,0,3.7800000000000002
3,asllrp_other_ctc:845067:span00,asllrp_other_ctc,FRIEND,SAD HELP,1,0,1,2.09
3,asllrp_other_ctc:845168:span00,asllrp_other_ctc,FRIEND,FRIEND WHEN IMPORTANT SCHOOL,0,0,3,1.31
3,asllrp_other_ctc:845270:span00,asllrp_other_ctc,FRIEND,,0,1,0,
3,asllrp_other_ctc:845371:span00,asllrp_other_ctc,WORK,MAYBE MORE,1,0,1,2.2199999999999998
3,asllrp_other_ctc:845472:span00,asllrp_other_ctc,FRIEND EAT,FRIEND GOOD,1,0,0,0.66
3,asllrp_other_ctc:845473:span00,asllrp_other_ctc,FRIEND,FRIEND COLD HOME,0,0,2,0.66
3,asllrp_other_ctc:845574:span00,asllrp_other_ctc,SCHOOL,STOP SCHOOL,0,0,1,0.79
3,asllrp_other_ctc:845675:span00,asllrp_other_ctc,FRIEND UNDERSTAND DIFFERENT,FRIEND LOVE SAD FRIEND SMALL,2,0,2,0.66
3,asllrp_other_ctc:845676:span00,asllrp_other_ctc,FRIEND,TIRED,1,0,0,1.7
3,asllrp_other_ctc:845878:span00,asllrp_other_ctc,FRIEND DIFFERENT,FRIEND,0,1,0,0.66
3,local:GOOD_MORNING:68e844f9,local_phrases,GOOD MORNING,THANKYOU GOOD SCHOOL EASY MORNING LIKE,0,0,4,1.1800000000000002
3,local:GOOD_MORNING:GOOD_MORNING_10,local_phrases,GOOD MORNING,EAT MORNING,1,0,0,1.31
3,local:GOOD_MORNING:GOOD_MORNING_15,local_phrases,GOOD MORNING,CHILD THANKYOU MORNING MORNING,1,0,2,0.66
3,local:GOOD_MORNING:GOOD_MORNING_20,local_phrases,GOOD MORNING,EAT GOOD MORNING SICK,0,0,2,0.92
3,local:GOOD_MORNING:GOOD_MORNING_5,local_phrases,GOOD MORNING,EAT THANKYOU EAT MORNING,1,0,2,0.92
3,local:GOOD_MORNING:a152a8b4,local_phrases,GOOD MORNING,GOOD THANKYOU GOOD EASY EASY MORNING MORNING,0,0,5,1.1800000000000002
3,local:GOOD_MORNING:c84d2b6d,local_phrases,GOOD MORNING,THANKYOU GOOD SCHOOL STOP SCHOOL EASY MORNING,0,0,5,1.57
3,local:GOOD_MORNING:eac767b8,local_phrases,GOOD MORNING,GOOD EASY MORNING MORNING,0,0,2,1.05
3,local:HELLO_HOW_YOU:02624f97,local_phrases,HELLO HOW YOU,,0,3,0,
3,local:HELLO_HOW_YOU:09b0da27,local_phrases,HELLO HOW YOU,KNOW HELLO HELP HELP,2,0,1,0.92
3,local:HELLO_HOW_YOU:0e1f7828,local_phrases,HELLO HOW YOU,HOME HELLO HOW YOU,0,0,1,0.92
3,local:HELLO_HOW_YOU:2a03cd09,local_phrases,HELLO HOW YOU,KNOW HELLO HEAR GOODBYE TOMORROW HOW HELP YOU WHO YOU,0,0,7,1.31
3,local:HELLO_HOW_YOU:426cf10b,local_phrases,HELLO HOW YOU,KNOW HELLO STOP DOCTOR HOW HELP YOU YOU,0,0,5,0.79
3,local:HELLO_HOW_YOU:4db4e096,local_phrases,HELLO HOW YOU,KNOW HELLO HOW HELP YOU,0,0,2,1.44
3,local:HELLO_HOW_YOU:5d677b3d,local_phrases,HELLO HOW YOU,,0,3,0,
3,local:HELLO_HOW_YOU:5d7a5d95,local_phrases,HELLO HOW YOU,HOW,0,2,0,0.92
3,local:HELLO_HOW_YOU:5db48bc6,local_phrases,HELLO HOW YOU,TRY,1,2,0,0.8
3,local:HELLO_HOW_YOU:63cfed08,local_phrases,HELLO HOW YOU,,0,3,0,
3,local:HELLO_HOW_YOU:748544af,local_phrases,HELLO HOW YOU,,0,3,0,
3,local:HELLO_HOW_YOU:7dff4a30,local_phrases,HELLO HOW YOU,HELLO HEAR HELP LOVE,2,0,1,1.44
3,local:HELLO_HOW_YOU:818e7c56,local_phrases,HELLO HOW YOU,KNOW HELLO HELP YOU,1,0,1,0.92
3,local:HELLO_HOW_YOU:87753aaa,local_phrases,HELLO HOW YOU,KNOW HELLO STOP HOW HELP WHO YOU,0,0,4,1.1800000000000002
3,local:HELLO_HOW_YOU:8cb7b270,local_phrases,HELLO HOW YOU,HELLO HEAR MORE HOW HELP YOU YOU,0,0,4,1.57
3,local:HELLO_HOW_YOU:93ddb3f8,local_phrases,HELLO HOW YOU,HELLO HEAR GOODBYE TOMORROW MORE DOCTOR HOW HELP FRIEND YOU,0,0,7,1.1800000000000002
3,local:HELLO_HOW_YOU:HELLO_HOW_YOU_10,local_phrases,HELLO HOW YOU,HELLO MAKE YOU YOU,1,0,1,1.44
3,local:HELLO_HOW_YOU:HELLO_HOW_YOU_15,local_phrases,HELLO HOW YOU,KNOW LESS HOW YOU WHO,1,0,2,1.1800000000000002
3,local:HELLO_HOW_YOU:HELLO_HOW_YOU_20,local_phrases,HELLO HOW YOU,HELLO YOU WHO,2,0,0,1.31
3,local:HELLO_HOW_YOU:HELLO_HOW_YOU_5,local_phrases,HELLO HOW YOU,HELLO HELLO YOU YOU,1,0,1,1.05
3,local:HELLO_HOW_YOU:a0c81cbb,local_phrases,HELLO HOW YOU,,0,3,0,
3,local:HELLO_HOW_YOU:c18a49e6,local_phrases,HELLO HOW YOU,,0,3,0,
3,local:HELLO_HOW_YOU:c2e41b7c,local_phrases,HELLO HOW YOU,HELLO HEAR GOODBYE HOW HELP YOU WHO YOU YOU,0,0,6,1.05
3,local:HELLO_HOW_YOU:dc203174,local_phrases,HELLO HOW YOU,,0,3,0,
3,local:HELLO_HOW_YOU:e2ed76e1,local_phrases,HELLO HOW YOU,KNOW HELLO HOW HELP YOU,0,0,2,0.79
3,local:HELLO_HOW_YOU:f0b6ec18,local_phrases,HELLO HOW YOU,,0,3,0,
3,local:HELLO_HOW_YOU:f29e67a4,local_phrases,HELLO HOW YOU,HOW,0,2,0,0.92
3,local:MY_NAME:4e86d1d3,local_phrases,MY NAME,MY NAME READ NAME,0,0,2,1.05
3,local:MY_NAME:66c23995,local_phrases,MY NAME,MY NAME NAME,0,0,1,1.05
3,local:MY_NAME:88cf1bc7,local_phrases,MY NAME,GIVE MY NAME,0,0,1,1.1800000000000002
3,local:MY_NAME:9a9826b6,local_phrases,MY NAME,NAME,0,1,0,0.6666666666666666
3,local:MY_NAME:MY_NAME_10,local_phrases,MY NAME,MY NAME NAME,0,0,1,1.05
3,local:MY_NAME:MY_NAME_15,local_phrases,MY NAME,MY NAME NAME,0,0,1,1.05
3,local:MY_NAME:MY_NAME_20,local_phrases,MY NAME,MY NAME NAME,0,0,1,1.05
3,local:MY_NAME:MY_NAME_5,local_phrases,MY NAME,GIVE MY NAME NAME,0,0,2,0.92
3,local:MY_NAME:db425092,local_phrases,MY NAME,NAME,0,1,0,0.66
3,local:MY_NAME:e7d64e6e,local_phrases,MY NAME,NAME,0,1,0,0.6
3,local:MY_NAME:f1e223cb,local_phrases,MY NAME,GOOD LIKE NAME NAME,1,0,2,1.05
3,local:MY_NAME:f6d61c7d,local_phrases,MY NAME,NAME,0,1,0,0.6
3,local:PLEASE_HELP_ME:09d3e2c0,local_phrases,PLEASE HELP I,HUNGRY EASY HUNGRY HUNGRY I,2,0,2,1.57
3,local:PLEASE_HELP_ME:12a886c6,local_phrases,PLEASE HELP I,EASY HELP SCHOOL I SORRY I,1,0,3,1.9600000000000002
3,local:PLEASE_HELP_ME:14b15dd2,local_phrases,PLEASE HELP I,EASY PLEASE HUNGRY HUNGRY HUNGRY HELP I,0,0,4,0.79
3,local:PLEASE_HELP_ME:1c00feea,local_phrases,PLEASE HELP I,STOP HELP LOVE I,1,0,1,1.83
3,local:PLEASE_HELP_ME:22a426c5,local_phrases,PLEASE HELP I,HUNGRY PLEASE HUNGRY HELP HUNGRY I,0,0,3,1.7
3,local:PLEASE_HELP_ME:2bd15b8f,local_phrases,PLEASE HELP I,,0,3,0,
3,local:PLEASE_HELP_ME:3e65d621,local_phrases,PLEASE HELP I,EASY PLEASE GOOD HELP HUNGRY I,0,0,3,1.44
3,local:PLEASE_HELP_ME:41b5e8c9,local_phrases,PLEASE HELP I,STOP EASY GOOD HELP HUNGRY I,1,0,3,1.1800000000000002
3,local:PLEASE_HELP_ME:46b80a1f,local_phrases,PLEASE HELP I,EASY STOP EASY HUNGRY HELP I,1,0,3,1.1800000000000002
3,local:PLEASE_HELP_ME:598ebd8c,local_phrases,PLEASE HELP I,HUNGRY,1,2,0,0.79
3,local:PLEASE_HELP_ME:6b5134ab,local_phrases,PLEASE HELP I,,0,3,0,
3,local:PLEASE_HELP_ME:7b01c5c6,local_phrases,PLEASE HELP I,STOP HUNGRY THANKYOU HELP HUNGRY I I,1,0,4,1.83
3,local:PLEASE_HELP_ME:PLEASE_HELP_ME_10,local_phrases,PLEASE HELP I,YES PLEASE MY HELP I,0,0,2,0.66
3,local:PLEASE_HELP_ME:PLEASE_HELP_ME_15,local_phrases,PLEASE HELP I,YES MY HUNGRY PLEASE MY NIGHT HELP I,0,0,5,0.66
3,local:PLEASE_HELP_ME:PLEASE_HELP_ME_20,local_phrases,PLEASE HELP I,HUNGRY MY SAME SCHOOL HELP I,1,0,3,0.92
3,local:PLEASE_HELP_ME:PLEASE_HELP_ME_5,local_phrases,PLEASE HELP I,MY MY HUNGRY HELP I,1,0,2,1.7
3,local:PLEASE_HELP_ME:a0ef141b,local_phrases,PLEASE HELP I,,0,3,0,
3,local:PLEASE_HELP_ME:c1665bbc,local_phrases,PLEASE HELP I,EASY,1,2,0,0.66
3,local:PLEASE_HELP_ME:c53f3440,local_phrases,PLEASE HELP I,,0,3,0,
3,local:PLEASE_HELP_ME:d34bf9cc,local_phrases,PLEASE HELP I,HUNGRY I,1,1,0,3.0
3,local:PLEASE_HELP_ME:da0a3f3b,local_phrases,PLEASE HELP I,EASY,1,2,0,0.66
3,local:PLEASE_HELP_ME:de38673b,local_phrases,PLEASE HELP I,,0,3,0,
3,local:PLEASE_HELP_ME:e0761149,local_phrases,PLEASE HELP I,GOOD HUNGRY HUNGRY HELP LIKE I,1,0,3,1.7
3,local:PLEASE_HELP_ME:e4693855,local_phrases,PLEASE HELP I,HUNGRY EASY LOVE I,2,0,1,1.57
3,local:PLEASE_HELP_ME:ec9bb455,local_phrases,PLEASE HELP I,,0,3,0,
3,local:PLEASE_HELP_ME:f0bf75ab,local_phrases,PLEASE HELP I,,0,3,0,
3,local:THANKYOU_FRIEND:05cb70f3,local_phrases,THANKYOU FRIEND,FRIEND,0,1,0,0.7666666666666667
3,local:THANKYOU_FRIEND:1feb7567,local_phrases,THANKYOU FRIEND,THANKYOU NAME NIGHT NAME,1,0,2,1.57
3,local:THANKYOU_FRIEND:56621abe,local_phrases,THANKYOU FRIEND,THANKYOU GOOD READ READ MORE,1,0,3,1.44
3,local:THANKYOU_FRIEND:5aa45d71,local_phrases,THANKYOU FRIEND,FRIEND,0,1,0,0.66
3,local:THANKYOU_FRIEND:71e1c4cc,local_phrases,THANKYOU FRIEND,THANKYOU GOOD NAME NAME,1,0,2,1.1800000000000002
3,local:THANKYOU_FRIEND:THANKYOU_FRIEND_10,local_phrases,THANKYOU FRIEND,THANKYOU WHEN FRIEND FRIEND FRIEND,0,0,3,1.31
3,local:THANKYOU_FRIEND:THANKYOU_FRIEND_15,local_phrases,THANKYOU FRIEND,THANKYOU WHEN FRIEND WHEN WHEN,0,0,3,1.31
3,local:THANKYOU_FRIEND:THANKYOU_FRIEND_20,local_phrases,THANKYOU FRIEND,THANKYOU WHEN FRIEND WHEN FRIEND,0,0,3,1.31
3,local:THANKYOU_FRIEND:THANKYOU_FRIEND_5,local_phrases,THANKYOU FRIEND,FRIEND,0,1,0,2.74
3,local:THANKYOU_FRIEND:a78dc18d,local_phrases,THANKYOU FRIEND,FRIEND,0,1,0,0.7
3,local:THANKYOU_FRIEND:bafe16eb,local_phrases,THANKYOU FRIEND,,0,2,0,
3,local:THANKYOU_FRIEND:d1912f56,local_phrases,THANKYOU FRIEND,EAT GOOD NAME NAME,2,0,2,0.92
3,local:TOMORROW_SCHOOL_GO:0b10c68b,local_phrases,TOMORROW SCHOOL GO,,0,3,0,
3,local:TOMORROW_SCHOOL_GO:2d6a9750,local_phrases,TOMORROW SCHOOL GO,TOMORROW STOP GO DIFFERENT DIFFERENT,1,0,2,1.83
3,local:TOMORROW_SCHOOL_GO:36e8a1ee,local_phrases,TOMORROW SCHOOL GO,TOMORROW STOP GO DIFFERENT GO,1,0,2,1.05
3,local:TOMORROW_SCHOOL_GO:TOMORROW_SCHOOL_GO_10,local_phrases,TOMORROW SCHOOL GO,YES YESTERDAY TOMORROW DOCTOR READ DOCTOR FRIEND WHEN DIFFERENT,2,0,6,1.31
3,local:TOMORROW_SCHOOL_GO:TOMORROW_SCHOOL_GO_15,local_phrases,TOMORROW SCHOOL GO,YESTERDAY TOMORROW SORRY WHO DOCTOR SCHOOL FRIEND WHEN,1,0,5,1.31
3,local:TOMORROW_SCHOOL_GO:TOMORROW_SCHOOL_GO_5,local_phrases,TOMORROW SCHOOL GO,YES YESTERDAY TOMORROW SORRY FRIEND GO,1,0,3,0.92
3,local:TOMORROW_SCHOOL_GO:a4e2770a,local_phrases,TOMORROW SCHOOL GO,HOME TOMORROW SICK SCHOOL GO FRIEND,0,0,3,0.66
3,local:TOMORROW_SCHOOL_GO:c2541b7d,local_phrases,TOMORROW SCHOOL GO,HOME TOMORROW NIGHT SCHOOL READY GO DIFFERENT DIFFERENT GO,0,0,6,1.05
3,local:TOMORROW_SCHOOL_GO:d1d851a2,local_phrases,TOMORROW SCHOOL GO,,0,3,0,
3,local:TOMORROW_SCHOOL_GO:d42b9bd8,local_phrases,TOMORROW SCHOOL GO,HOME TOMORROW STOP SCHOOL GO WHEN DIFFERENT,0,0,4,0.92
3,local:TOMORROW_SCHOOL_GO:dfa20cd9,local_phrases,TOMORROW SCHOOL GO,TOMORROW,0,2,0,0.66
3,local:TOMORROW_SCHOOL_GO:fdddd591,local_phrases,TOMORROW SCHOOL GO,,0,3,0,
