source,split_role,signer_id,source_collection,utterance_video_filename,utterance_video_url,span_index_in_utterance,target_sequence,target_variants,target_token_count,utterance_start_frame_global,utterance_end_frame_global,span_start_frame_global,span_end_frame_global,crop_start_frame_local,crop_end_frame_local,context_frames_each_side
asllrp,train_candidate,RACHEL,Rachel_2012-01-27_sc53,11946118.mp4,https://dai.cs.rutgers.edu/ss3front/11946118.mp4,0,"[""NOW"",""COLD""]","[""NOW"",""COLD""]",2,2162,2230,2165,2181,0,24,5
asllrp,train_candidate,RACHEL,Rachel_2011-12-08_sc44,1539230.mp4,https://dai.cs.rutgers.edu/ss3front/1539230.mp4,0,"[""MORE"",""SMALL""]","[""MORE"",""SMALL""]",2,3223,3425,3363,3375,135,157,5
asllrp,train_candidate,RACHEL,Rachel_2011-12-08_sc44,1540514.mp4,https://dai.cs.rutgers.edu/ss3front/1540514.mp4,0,"[""HAVE"",""TIME""]","[""HAVE"",""TIME""]",2,2568,2738,2701,2718,128,155,5
asllrp,train_candidate,JONATHAN,Jonathan_2012-11-27_sc97,15718738.mp4,https://dai.cs.rutgers.edu/ss3front/15718738.mp4,0,"[""NIGHT"",""TIME""]","[""NIGHT"",""TIME""]",2,7922,8114,8052,8065,125,148,5
asllrp,train_candidate,CORY,Cory_2013-6-27_sc107,159.mp4,https://dai.cs.rutgers.edu/ss3front/159.mp4,0,"[""TOMORROW"",""FAMILY""]","[""TOMORROW"",""FAMILY""]",2,12297,12389,12315,12339,13,47,5
asllrp,train_candidate,CORY,Cory_2013-6-27_sc110,173949.mp4,https://dai.cs.rutgers.edu/ss3front/173949.mp4,0,"[""TAKE"",""WORK""]","[""TAKE"",""WORK""]",2,9139,9315,9271,9301,127,167,5
asllrp,train_candidate,BENJAMIN_JAMES_BAHAN,1-Ben-Introduction,18858050.mp4,https://dai.cs.rutgers.edu/ss3front/18858050.mp4,0,"[""MAYBE"",""MORE"",""IMPORTANT""]","[""MAYBE"",""MORE"",""IMPORTANT""]",3,1997,2208,2024,2050,22,58,5
asllrp,train_candidate,BENJAMIN_JAMES_BAHAN,1-Ben-Introduction,19209761.mp4,https://dai.cs.rutgers.edu/ss3front/19209761.mp4,0,"[""UNDERSTAND"",""LEARN"",""USE""]","[""UNDERSTAND"",""LEARN"",""USE""]",3,3369,3588,3370,3450,0,86,5
asllrp,train_candidate,RACHEL,Rachel_2012-02-14_sc66,256656.mp4,https://dai.cs.rutgers.edu/ss3front/256656.mp4,0,"[""TIME"",""HOME""]","[""TIME"",""HOME""]",2,8496,8692,8555,8572,54,81,5
asllrp,train_candidate,BENJAMIN_JAMES_BAHAN,10-Ben-Conclusion,29154656.mp4,https://dai.cs.rutgers.edu/ss3front/29154656.mp4,0,"[""NOW"",""SCHOOL""]","[""NOW"",""SCHOOL""]",2,1943,2280,1991,2019,43,81,5
asllrp,train_candidate,JONATHAN,Jonathan_2012-11-27_sc95,30336.mp4,https://dai.cs.rutgers.edu/ss3front/30336.mp4,0,"[""WATER"",""COLD""]","[""WATER"",""COLD""]",2,6704,6776,6716,6746,7,47,5
asllrp,train_candidate,JONATHAN,Jonathan_2012-11-27_sc96,31657946.mp4,https://dai.cs.rutgers.edu/ss3front/31657946.mp4,0,"[""LIKE"",""READ""]","[""LIKE"",""READ""]",2,8670,8772,8707,8717,32,52,5
asllrp,train_candidate,JONATHAN,Jonathan_2012-11-27_sc96,31659623.mp4,https://dai.cs.rutgers.edu/ss3front/31659623.mp4,0,"[""FRIEND"",""NOW""]","[""FRIEND"",""NOW""]",2,3483,3585,3493,3507,5,29,5
asllrp,train_candidate,JONATHAN,Jonathan_2012-11-27_sc96,31660216.mp4,https://dai.cs.rutgers.edu/ss3front/31660216.mp4,0,"[""NOW"",""BAD""]","[""NOW"",""BAD""]",2,1919,2052,1926,1951,2,37,5
asllrp,train_candidate,RACHEL,Rachel_2012-02-09_sc61,33733731.mp4,https://dai.cs.rutgers.edu/ss3front/33733731.mp4,0,"[""STOP"",""SCHOOL""]","[""STOP"",""SCHOOL""]",2,5947,6068,5985,6004,33,62,5
asllrp,train_candidate,RACHEL,Rachel_2012-02-09_sc61,33734519.mp4,https://dai.cs.rutgers.edu/ss3front/33734519.mp4,0,"[""SEE"",""FRIEND"",""TOMORROW""]","[""SEE"",""FRIEND"",""TOMORROW""]",3,3295,3384,3311,3337,11,47,5
asllrp,train_candidate,RACHEL,Rachel_2012-02-09_sc61,33734816.mp4,https://dai.cs.rutgers.edu/ss3front/33734816.mp4,0,"[""SCHOOL"",""TOMORROW""]","[""SCHOOL"",""TOMORROW""]",2,2688,2804,2758,2782,65,99,5
asllrp,train_candidate,CORY,Cory_2013-6-27_sc108,3378758.mp4,https://dai.cs.rutgers.edu/ss3front/3378758.mp4,0,"[""NOW"",""READ""]","[""NOW"",""READ""]",2,12391,12457,12411,12428,15,42,5
asllrp,train_candidate,CORY,Cory_2013-6-27_sc108,3380236.mp4,https://dai.cs.rutgers.edu/ss3front/3380236.mp4,0,"[""HAVE"",""TIME"",""TOMORROW""]","[""HAVE"",""TIME"",""TOMORROW""]",3,7323,7475,7366,7394,38,76,5
asllrp,train_candidate,CORY,Cory_2013-6-27_sc108,3380530.mp4,https://dai.cs.rutgers.edu/ss3front/3380530.mp4,0,"[""TOMORROW"",""WHEN""]","[""TOMORROW"",""WHEN""]",2,5660,5834,5702,5726,37,71,5
asllrp,train_candidate,RACHEL,Rachel_2012-01-27_sc56,40386315.mp4,https://dai.cs.rutgers.edu/ss3front/40386315.mp4,0,"[""SCHOOL"",""TOMORROW""]","[""SCHOOL"",""TOMORROW""]",2,1546,1610,1573,1594,22,53,5
asllrp,train_candidate,RACHEL,Rachel_2012-01-27_sc56,40386513.mp4,https://dai.cs.rutgers.edu/ss3front/40386513.mp4,0,"[""LIKE"",""WORK""]","[""LIKE"",""WORK""]",2,1242,1294,1250,1263,3,26,5
asllrp,train_candidate,JONATHAN,Jonathan_2012-11-27_sc98,4236779.mp4,https://dai.cs.rutgers.edu/ss3front/4236779.mp4,0,"[""TIME"",""FRIEND""]","[""TIME"",""FRIEND""]",2,14944,15072,14956,14974,7,35,5
asllrp,train_candidate,BENJAMIN_JAMES_BAHAN,8-Ben-Control-of-sound-places,49985301.mp4,https://dai.cs.rutgers.edu/ss3front/49985301.mp4,0,"[""FAMILY"",""SIGN""]","[""FAMILY"",""SIGN""]",2,10094,10394,10228,10250,129,161,5
asllrp,train_candidate,BENJAMIN_JAMES_BAHAN,5-Ben-Deaf-Grunts,53819100.mp4,https://dai.cs.rutgers.edu/ss3front/53819100.mp4,0,"[""NAME"",""HAVE""]","[""NAME"",""HAVE""]",2,8170,8596,8238,8275,63,110,5
asllrp,train_candidate,CORY,Cory_2013-6-27_sc115,61830116.mp4,https://dai.cs.rutgers.edu/ss3front/61830116.mp4,0,"[""TIME"",""FRIEND""]","[""TIME"",""FRIEND""]",2,25585,25717,25599,25623,9,43,5
asllrp,train_candidate,CORY,Cory_2013-6-27_sc113,629983.mp4,https://dai.cs.rutgers.edu/ss3front/629983.mp4,0,"[""WORK"",""WHEN""]","[""WORK"",""WHEN""]",2,17331,17423,17367,17390,31,64,5
asllrp,train_candidate,CORY,Cory_2013-6-27_sc113,631165.mp4,https://dai.cs.rutgers.edu/ss3front/631165.mp4,0,"[""WHEN"",""FRIEND""]","[""WHEN"",""FRIEND""]",2,12796,12918,12811,12832,10,41,5
asllrp,train_candidate,CORY,Cory_2013-6-27_sc113,632150.mp4,https://dai.cs.rutgers.edu/ss3front/632150.mp4,0,"[""WHEN"",""FRIEND""]","[""WHEN"",""FRIEND""]",2,8410,8586,8439,8469,24,64,5
asllrp,train_candidate,CORY,Cory_2013-6-27_sc113,633534.mp4,https://dai.cs.rutgers.edu/ss3front/633534.mp4,0,"[""WORK"",""WHERE""]","[""WORK"",""WHERE""]",2,5179,5249,5200,5238,16,64,5
asllrp,train_candidate,BENJAMIN_JAMES_BAHAN,5-Ben-Deaf-Grunts,64008821.mp4,https://dai.cs.rutgers.edu/ss3front/64008821.mp4,0,"[""TALK"",""THINK""]","[""TALK"",""THINK""]",2,2733,3066,2842,2851,104,123,5
asllrp,train_candidate,RACHEL,Rachel_2012-02-09_sc59,7028838.mp4,https://dai.cs.rutgers.edu/ss3front/7028838.mp4,0,"[""FAMILY"",""IMPORTANT""]","[""FAMILY"",""IMPORTANT""]",2,226,332,256,279,25,58,5
asllrp,train_candidate,CORY,Cory_2013-6-27_sc107,7118.mp4,https://dai.cs.rutgers.edu/ss3front/7118.mp4,0,"[""MAYBE"",""READ""]","[""MAYBE"",""READ""]",2,3443,3568,3522,3540,74,102,5
asllrp,train_candidate,JONATHAN,Jonathan_2012-11-27_sc92,7345233.mp4,https://dai.cs.rutgers.edu/ss3front/7345233.mp4,0,"[""FRIEND"",""MAYBE""]","[""FRIEND"",""MAYBE""]",2,6987,7175,7089,7132,97,150,5
asllrp,train_candidate,RACHEL,Rachel_2012-02-14_sc63,7565915.mp4,https://dai.cs.rutgers.edu/ss3front/7565915.mp4,0,"[""MAYBE"",""TOMORROW""]","[""MAYBE"",""TOMORROW""]",2,2018,2086,2024,2040,1,27,5
asllrp,train_candidate,RACHEL,Rachel_2012-02-14_sc63,7567841.mp4,https://dai.cs.rutgers.edu/ss3front/7567841.mp4,0,"[""DIFFERENT"",""NOW""]","[""DIFFERENT"",""NOW""]",2,7839,7923,7867,7877,23,43,5
asllrp,train_candidate,RACHEL,Rachel_2012-02-14_sc63,7569567.mp4,https://dai.cs.rutgers.edu/ss3front/7569567.mp4,0,"[""TIME"",""NOW""]","[""TIME"",""NOW""]",2,13359,13527,13409,13423,45,69,5
asllrp,train_candidate,RACHEL,Rachel_2012-01-27_sc55,7578507.mp4,https://dai.cs.rutgers.edu/ss3front/7578507.mp4,0,"[""LIKE"",""HOT""]","[""LIKE"",""HOT""]",2,4,144,36,52,27,53,5
asllrp,train_candidate,CORY,Cory_2013-6-27_sc107,7624.mp4,https://dai.cs.rutgers.edu/ss3front/7624.mp4,0,"[""HAVE"",""TIME""]","[""HAVE"",""TIME""]",2,4914,5053,4952,4969,33,60,5
asllrp,train_candidate,CORY,Cory_2013-6-27_sc114,7981786.mp4,https://dai.cs.rutgers.edu/ss3front/7981786.mp4,0,"[""FRIEND"",""THINK""]","[""FRIEND"",""THINK""]",2,15811,15899,15828,15849,12,43,5
asllrp,train_candidate,CORY,Cory_2013-6-27_sc114,7987015.mp4,https://dai.cs.rutgers.edu/ss3front/7987015.mp4,0,"[""WATER"",""COLD""]","[""WATER"",""COLD""]",2,1589,1665,1599,1627,5,43,5
asllrp,train_candidate,CORY,Cory_2013-6-27_sc112,83937096.mp4,https://dai.cs.rutgers.edu/ss3front/83937096.mp4,0,"[""NIGHT"",""WHY""]","[""NIGHT"",""WHY""]",2,20406,20580,20476,20499,65,98,5
asllrp,train_candidate,CORY,Cory_2013-6-27_sc112,83937293.mp4,https://dai.cs.rutgers.edu/ss3front/83937293.mp4,0,"[""NOW"",""WHY""]","[""NOW"",""WHY""]",2,19801,19917,19851,19875,45,79,5
asllrp,train_candidate,CORY,Cory_2013-6-27_sc112,83938283.mp4,https://dai.cs.rutgers.edu/ss3front/83938283.mp4,0,"[""WHEN"",""FRIEND""]","[""WHEN"",""FRIEND""]",2,16718,16952,16734,16752,11,39,5
asllrp,train_candidate,CORY,Cory_2013-6-27_sc112,83940451.mp4,https://dai.cs.rutgers.edu/ss3front/83940451.mp4,0,"[""HOME"",""WHEN""]","[""HOME"",""WHEN""]",2,8996,9099,9051,9076,50,85,5
asllrp,train_candidate,CORY,Cory_2013-6-27_sc112,83940550.mp4,https://dai.cs.rutgers.edu/ss3front/83940550.mp4,0,"[""HOME"",""WHEN""]","[""HOME"",""WHEN""]",2,8784,8876,8832,8854,43,75,5
asllrp,train_candidate,CORY,Cory_2013-6-27_sc112,83940649.mp4,https://dai.cs.rutgers.edu/ss3front/83940649.mp4,0,"[""HOME"",""WHEN""]","[""HOME"",""WHEN""]",2,8572,8686,8620,8654,43,87,5
asllrp,train_candidate,JONATHAN,Jonathan_2012-11-27_sc94,841111.mp4,https://dai.cs.rutgers.edu/ss3front/841111.mp4,0,"[""FRIEND"",""NOW""]","[""FRIEND"",""NOW""]",2,732,814,741,754,4,27,5
asllrp,train_candidate,JONATHAN,Jonathan_2012-11-27_sc94,841314.mp4,https://dai.cs.rutgers.edu/ss3front/841314.mp4,0,"[""FRIEND"",""NOW""]","[""FRIEND"",""NOW""]",2,1283,1371,1290,1307,2,29,5
asllrp,train_candidate,JONATHAN,Jonathan_2012-11-27_sc94,841415.mp4,https://dai.cs.rutgers.edu/ss3front/841415.mp4,0,"[""FRIEND"",""NOW""]","[""FRIEND"",""NOW""]",2,1465,1561,1473,1487,3,27,5
asllrp,train_candidate,JONATHAN,Jonathan_2012-11-27_sc94,841516.mp4,https://dai.cs.rutgers.edu/ss3front/841516.mp4,0,"[""FRIEND"",""NOW""]","[""FRIEND"",""NOW""]",2,1665,1781,1684,1702,14,42,5
asllrp,train_candidate,JONATHAN,Jonathan_2012-11-27_sc94,842935.mp4,https://dai.cs.rutgers.edu/ss3front/842935.mp4,0,"[""WORK"",""WHERE""]","[""WORK"",""WHERE""]",2,5233,5319,5258,5291,20,63,5
asllrp,train_candidate,BENJAMIN_JAMES_BAHAN,7-Ben-Social-Msg,91055614.mp4,https://dai.cs.rutgers.edu/ss3front/91055614.mp4,0,"[""MAYBE"",""ANGRY""]","[""MAYBE"",""ANGRY""]",2,4608,4724,4700,4723,87,116,5
asllrp,train_candidate,RACHEL,Rachel_2012-02-09_sc58,97996849.mp4,https://dai.cs.rutgers.edu/ss3front/97996849.mp4,0,"[""LIKE"",""MAYBE""]","[""LIKE"",""MAYBE""]",2,7857,7957,7870,7894,8,42,5
asllrp,train_candidate,RACHEL,Rachel_2012-02-09_sc58,97997440.mp4,https://dai.cs.rutgers.edu/ss3front/97997440.mp4,0,"[""TIRED"",""TIRED""]","[""TIRED"",""TIRED""]",2,6106,6176,6122,6143,11,42,5
asllrp,train_candidate,CORY,Cory_2013-6-25_sc0106,99370717.mp4,https://dai.cs.rutgers.edu/ss3front/99370717.mp4,0,"[""HOME"",""SCHOOL""]","[""HOME"",""SCHOOL""]",2,2052,2217,2166,2190,109,143,5
rit,external_evaluation_reserved,RIT_P02,RIT-P02-s02,11339961.mp4,https://dai.cs.rutgers.edu/ss3front/11339961.mp4,0,"[""DIFFERENT"",""HOW""]","[""DIFFERENT"",""HOW""]",2,13930,14045,13968,14009,33,84,5
rit,external_evaluation_reserved,RIT_P02,RIT-P02-s02,12481819.mp4,https://dai.cs.rutgers.edu/ss3front/12481819.mp4,0,"[""HAVE"",""MORE""]","[""HAVE"",""MORE""]",2,23543,24080,23743,23772,195,234,5
rit,external_evaluation_reserved,RIT_P03,RIT-P03_s01,1746653832008410389.mp4,https://dai.cs.rutgers.edu/ss3front/1746653832008410389.mp4,0,"[""MORE"",""NOW""]","[""MORE"",""NOW""]",2,15584,15746,15703,15722,114,143,5
rit,external_evaluation_reserved,RIT_P03,RIT-P03_s01,1746654272195460797.mp4,https://dai.cs.rutgers.edu/ss3front/1746654272195460797.mp4,0,"[""HOW"",""USE""]","[""HOW"",""USE""]",2,17984,18364,18318,18360,329,380,5
rit,external_evaluation_reserved,RIT_P03,RIT-P03_s01,1746726749193165638.mp4,https://dai.cs.rutgers.edu/ss3front/1746726749193165638.mp4,0,"[""HAVE"",""BAD""]","[""HAVE"",""BAD""]",2,26646,26879,26679,26729,28,88,5
rit,external_evaluation_reserved,RIT_P03,RIT-P03_s01,32297679.mp4,https://dai.cs.rutgers.edu/ss3front/32297679.mp4,0,"[""HOW"",""USE""]","[""HOW"",""USE""]",2,18570,18781,18645,18677,70,112,5
rit,external_evaluation_reserved,RIT_P03,RIT-P03_s01,32409218.mp4,https://dai.cs.rutgers.edu/ss3front/32409218.mp4,0,"[""LIKE"",""FEEL""]","[""LIKE"",""FEEL""]",2,21703,22000,21743,21835,35,137,5
rit,external_evaluation_reserved,RIT_P03,RIT-P03_s01,32476774.mp4,https://dai.cs.rutgers.edu/ss3front/32476774.mp4,0,"[""FEEL"",""FEEL""]","[""FEEL"",""FEEL""]",2,22453,22803,22510,22521,52,73,5
rit,external_evaluation_reserved,RIT_P02,RIT_P02-s01,70773037.mp4,https://dai.cs.rutgers.edu/ss3front/70773037.mp4,0,"[""LIKE"",""WORK""]","[""LIKE"",""WORK""]",2,9977,10228,10014,10043,32,71,5
rit,external_evaluation_reserved,RIT_P02,RIT_P02-s01,70773037.mp4,https://dai.cs.rutgers.edu/ss3front/70773037.mp4,1,"[""LIKE"",""WORK""]","[""LIKE"",""WORK""]",2,9977,10228,10126,10149,144,177,5
rit,external_evaluation_reserved,RIT_P02,RIT_P02-s01,71170104.mp4,https://dai.cs.rutgers.edu/ss3front/71170104.mp4,0,"[""LIKE"",""EAT""]","[""LIKE"",""EAT""]",2,12965,13773,13015,13054,45,94,5
rit,external_evaluation_reserved,RIT_P02,RIT_P02-s01,71170104.mp4,https://dai.cs.rutgers.edu/ss3front/71170104.mp4,1,"[""LIKE"",""EAT""]","[""LIKE"",""EAT""]",2,12965,13773,13561,13591,591,631,5
rit,external_evaluation_reserved,RIT_P02,RIT-P02_s03,86216564.mp4,https://dai.cs.rutgers.edu/ss3front/86216564.mp4,0,"[""SMALL"",""SCHOOL""]","[""SMALL"",""SCHOOL""]",2,21191,21740,21703,21739,507,549,5
rit,external_evaluation_reserved,RIT_P02,RIT-P02-s02,9834172.mp4,https://dai.cs.rutgers.edu/ss3front/9834172.mp4,0,"[""NOW"",""HAVE""]","[""NOW"",""HAVE""]",2,6258,6598,6304,6347,41,94,5
