phase,start_seconds,end_seconds,hand_coverage,proposal_hungry_rank,proposal_hungry_score,proposal_top1,proposal_rejections,verifier_hungry_rank,verifier_hungry_score,verifier_top1,verifier_rejections,ctc_before,ctc_after
0.0,90.06236616700001,90.60552137500001,0.0,,,,not enough detected hand frames,,,,insufficient_hand_evidence,,
0.0,90.667601667,91.67470141700001,0.0,,,,not enough detected hand frames,,,,insufficient_hand_evidence,,
0.0,91.74175795900001,92.73930200000001,0.1875,56,0.0012741803657263517,I,,41,0.00017728330567479134,I,,,
0.0,92.810421375,93.81898295900001,0.8666666666666667,15,0.007475880440324545,I,,53,0.0030272207222878933,I,,LIKE,LIKE
0.0,93.888970459,94.887472375,1.0,14,0.002280190587043762,SICK,,16,0.0013589647132903337,SICK,,STOP SICK,STOP SICK
0.0,94.956900625,95.998477209,1.0,27,0.005115541163831949,SICK,,48,0.0019308006158098578,EXCITED,,STOP SICK SICK,STOP SICK SICK
0.0,96.06443675,97.064327667,1.0,4,0.004258447326719761,TIRED,,6,0.003408124204725027,TIRED,,LIKE SICK SICK TIRED,LIKE SICK SICK TIRED
0.0,97.134285292,98.10831075,1.0,1,0.08149285614490509,HUNGRY,low_score;low_margin,11,0.012688216753304005,MAYBE,,SICK SICK TIRED MY,SICK SICK TIRED MY
0.0,98.173441584,99.14893987500001,0.6153846153846154,2,0.3281359374523163,PLEASE,,2,0.08479160070419312,PLEASE,,SICK SICK TIRED MY,SICK SICK TIRED MY
0.0,99.210977,100.221393542,0.0,,,,not enough detected hand frames,,,,insufficient_hand_evidence,,
0.0,100.28581991700001,101.32654925,0.0,,,,not enough detected hand frames,,,,insufficient_hand_evidence,,
0.0,101.392229625,102.396796875,0.4375,1,0.3703032433986664,HUNGRY,,1,0.8132315874099731,HUNGRY,,SICK SICK TIRED MY,SICK SICK TIRED MY
0.0,102.465083875,103.405909084,0.3076923076923077,2,0.07076818495988846,PLEASE,,3,0.08545567095279694,MY,low_score;low_margin,STOP SICK SICK TIRED PLEASE,STOP SICK SICK TIRED PLEASE
0.0,103.47007233400001,104.476491084,0.0,,,,not enough detected hand frames,,,,insufficient_hand_evidence,,
0.0,104.54096579200001,105.545476834,0.1875,8,0.011087307706475258,MY,,16,0.007504137698560953,MY,,SICK SICK TIRED PLEASE,SICK SICK TIRED PLEASE
0.0,105.60964025000001,106.655626792,0.6,4,0.020342517644166946,PLEASE,,4,0.03816342353820801,PLEASE,low_score;low_margin,SICK TIRED PLEASE,SICK TIRED PLEASE
0.0,106.72315900000001,107.69544658400001,0.0,,,,not enough detected hand frames,,,,insufficient_hand_evidence,,
0.0,107.758440667,108.762441792,0.625,1,0.6244335174560547,HUNGRY,,1,0.7587052583694458,HUNGRY,,TIRED MY,TIRED MY
0.0,108.831260209,109.83758850000001,0.15384615384615385,2,0.20845311880111694,MY,,1,0.4925857484340668,HUNGRY,,MAYBE PLEASE MY,MAYBE PLEASE MY
0.0,109.90485941700001,110.875630584,0.0,,,,not enough detected hand frames,,,,insufficient_hand_evidence,,
0.0,110.94544912500001,110.94544912500001,0.0,,,,an isolated clip needs at least four processed frames,,,,fewer_than_four_frames,,
0.25,90.06236616700001,90.86687387500001,0.0,,,,not enough detected hand frames,,,,insufficient_hand_evidence,,
0.25,90.933940375,91.942983917,0.0,,,,not enough detected hand frames,,,,insufficient_hand_evidence,,
0.25,92.00987175,93.01321725000001,0.4375,94,0.000760043621994555,I,,90,4.946897752233781e-05,I,,THINK,THINK
0.25,93.143779667,94.084206209,0.8666666666666667,43,0.004858322907239199,SICK,,86,0.0024922473821789026,SICK,low_score,MORNING,MORNING
0.25,94.14701175,95.15884283400001,1.0,12,0.003341882722452283,SICK,,15,0.0018660309724509716,SICK,,WHY,WHY
0.25,95.22013537500001,96.257172834,1.0,35,0.005696691107004881,EXCITED,,43,0.0020037780050188303,EXCITED,,SICK ANGRY,SICK ANGRY
0.25,96.477149792,97.33125283400001,1.0,6,0.018466396257281303,TIRED,,24,0.005531329661607742,MAYBE,,WHY ANGRY THANKYOU,WHY ANGRY THANKYOU
0.25,97.403773959,98.374873667,1.0,2,0.28093674778938293,PLEASE,low_margin,2,0.3353601396083832,PLEASE,low_margin,SICK ANGRY THANKYOU,SICK ANGRY THANKYOU
0.25,98.51577762500001,99.41269404200001,0.3076923076923077,1,0.5368805527687073,HUNGRY,,1,0.4913915991783142,HUNGRY,,SICK ANGRY THANKYOU,SICK ANGRY THANKYOU
0.25,99.590373959,100.48850591700001,0.0,,,,not enough detected hand frames,,,,insufficient_hand_evidence,,
0.25,100.556315459,101.59485979200001,0.0,,,,not enough detected hand frames,,,,insufficient_hand_evidence,,
0.25,101.659298792,102.6580445,0.6875,1,0.6134673357009888,HUNGRY,,1,0.8233138918876648,HUNGRY,,SICK ANGRY THANKYOU HUNGRY,SICK ANGRY THANKYOU HUNGRY
0.25,102.848492792,103.67131279200001,0.0,,,,not enough detected hand frames,,,,insufficient_hand_evidence,,
0.25,103.73681025,104.74296504200001,0.0,,,,not enough detected hand frames,,,,insufficient_hand_evidence,,
0.25,104.81125579200001,105.781929667,0.4375,3,0.07081571221351624,MY,low_margin,2,0.02551867999136448,MY,,SICK IMPORTANT THANKYOU HUNGRY,SICK IMPORTANT THANKYOU HUNGRY
0.25,105.88153345900001,106.91823462500001,0.3333333333333333,5,0.023235898464918137,MY,,5,0.02640797384083271,LIKE,low_score;low_margin,SICK IMPORTANT THANKYOU HUNGRY,SICK IMPORTANT THANKYOU HUNGRY
0.25,107.077343125,107.96356116700001,0.0,,,,not enough detected hand frames,,,,insufficient_hand_evidence,,
0.25,108.022910709,109.02973175000001,0.75,1,0.7474426627159119,HUNGRY,,1,0.8130478262901306,HUNGRY,,IMPORTANT THANKYOU HUNGRY HUNGRY,IMPORTANT THANKYOU HUNGRY HUNGRY
0.25,109.11363237500001,110.107873834,0.0,,,,not enough detected hand frames,,,,insufficient_hand_evidence,,
0.25,110.171192125,110.94544912500001,0.0,,,,not enough detected hand frames,,,,insufficient_hand_evidence,,
0.5,90.06236616700001,90.1330695,0.0,,,,an isolated clip needs at least four processed frames,,,,fewer_than_four_frames,,
0.5,90.200647042,91.141613292,0.0,,,,not enough detected hand frames,,,,insufficient_hand_evidence,,
0.5,91.20626675000001,92.213766875,0.0,,,,not enough detected hand frames,,,,insufficient_hand_evidence,,
0.5,92.280803,93.27873087500001,0.6666666666666666,94,0.00032236057450063527,I,,100,4.233106301398948e-05,I,,THINK,THINK
0.5,93.346727709,94.39479725000001,0.8571428571428571,47,0.0008142414735630155,SICK,,74,0.0007568736327812076,SICK,,I SICK,I SICK
0.5,94.55149629200001,95.398903375,1.0,24,0.003529184265062213,SICK,,40,0.0016948870616033673,SICK,,I SICK SICK,I SICK SICK
0.5,95.588597209,96.477149792,1.0,13,0.010413084179162979,EXCITED,low_score,45,0.002504462143406272,EXCITED,,THINK SICK SICK HAVE,THINK SICK SICK HAVE
0.5,96.70885420900001,97.570371042,1.0,8,0.016687879338860512,TIRED,,16,0.008248874917626381,WHAT,low_score;low_margin,THINK SICK SICK HAVE,THINK SICK SICK HAVE
0.5,97.704210875,98.641157792,1.0,2,0.2661800980567932,PLEASE,,1,0.36125490069389343,HUNGRY,low_margin,THINK SICK SICK HAVE,THINK SICK SICK HAVE
0.5,98.74159312500001,99.683939084,0.15384615384615385,2,0.011705468408763409,MY,,1,0.19932200014591217,HUNGRY,low_score,I SICK SICK IMPORTANT THANKYOU,I SICK SICK IMPORTANT THANKYOU
0.5,99.745342875,100.724884292,0.0,,,,not enough detected hand frames,,,,insufficient_hand_evidence,,
0.5,100.82197625,101.79640312500001,0.0,,,,not enough detected hand frames,,,,insufficient_hand_evidence,,
0.5,101.866843875,102.93180612500001,0.7333333333333333,1,0.6134673357009888,HUNGRY,,1,0.8233138918876648,HUNGRY,,I SICK SICK IMPORTANT THANKYOU HUNGRY,I SICK SICK IMPORTANT THANKYOU HUNGRY
0.5,102.998700084,103.94213375000001,0.0,,,,not enough detected hand frames,,,,insufficient_hand_evidence,,
0.5,104.00428966700001,105.014916209,0.0,,,,not enough detected hand frames,,,,insufficient_hand_evidence,,
0.5,105.08043412500001,106.050365,0.6428571428571429,1,0.7626010775566101,HUNGRY,,1,0.7883603572845459,HUNGRY,,SICK SICK HAVE IMPORTANT HUNGRY,SICK SICK HAVE IMPORTANT HUNGRY
0.5,106.15347441700001,107.15036208400001,0.2,60,0.0030948964413255453,GOODBYE,,5,0.027412377297878265,LIKE,low_score,SICK HAVE HUNGRY,SICK HAVE HUNGRY
0.5,107.21764287500001,108.22379804200001,0.125,27,0.0070074088871479034,YOUR,low_score,3,0.04606341943144798,MY,low_score,HAVE IMPORTANT HUNGRY HUNGRY,HAVE IMPORTANT HUNGRY HUNGRY
0.5,108.28912562500001,109.11363237500001,0.7692307692307693,3,0.03263247385621071,PLEASE,,2,0.16811443865299225,PLEASE,low_score;low_margin,THANKYOU STOP HUNGRY,THANKYOU STOP HUNGRY
0.5,109.34176683400001,110.374235459,0.0,,,,not enough detected hand frames,,,,insufficient_hand_evidence,,
0.5,110.440097209,110.94544912500001,0.0,,,,not enough detected hand frames,,,,insufficient_hand_evidence,,
0.75,90.06236616700001,90.336035084,0.0,,,,not enough detected hand frames,,,,insufficient_hand_evidence,,
0.75,90.40502450000001,91.406676167,0.0,,,,not enough detected hand frames,,,,insufficient_hand_evidence,,
0.75,91.47623041700001,92.48043908400001,0.0,,,,not enough detected hand frames,,,,insufficient_hand_evidence,,
0.75,92.54816891700001,93.548305834,0.8,94,0.00037523682112805545,I,,100,5.395070547820069e-05,I,,I,I
0.75,93.612956834,94.650720875,1.0,45,0.0006298234802670777,SICK,,68,0.0007570043089799583,SICK,,I SICK,I SICK
0.75,94.687615667,95.72590487500001,1.0,15,0.006298507563769817,SICK,,24,0.0014394683530554175,SICK,,I SICK,I SICK
0.75,95.792089292,96.79459470900001,1.0,4,0.006433794274926186,TIRED,,4,0.004432411398738623,TIRED,,I SICK TIRED,I SICK TIRED
0.75,96.861809459,97.838998042,1.0,6,0.012150168418884277,TIRED,,12,0.006362174637615681,MAYBE,,I SICK TIRED MAYBE,I SICK TIRED MAYBE
0.75,97.90634629200001,98.91078725000001,0.9230769230769231,3,0.020956508815288544,PLEASE,,3,0.11863357573747635,PLEASE,low_score;low_margin,I SICK SICK TIRED HAVE,I SICK SICK TIRED HAVE
0.75,98.946266459,99.949057459,0.0,,,,not enough detected hand frames,,,,insufficient_hand_evidence,,
0.75,100.01613841700001,101.057116625,0.0,,,,not enough detected hand frames,,,,insufficient_hand_evidence,,
0.75,101.130042292,102.127886042,0.1875,95,0.0003351014165673405,MY,,41,0.0009718077490106225,MY,,I SICK SICK TIRED HAVE,I SICK SICK TIRED HAVE
0.75,102.19724816700001,103.133035417,0.6153846153846154,57,0.003551763016730547,MOTHER,,25,0.0075108353048563,FEEL,low_score;low_margin,I SICK SICK TIRED HAVE,I SICK SICK TIRED HAVE
0.75,103.203367959,104.20299162500001,0.0,,,,not enough detected hand frames,,,,insufficient_hand_evidence,,
0.75,104.27608783400001,105.27848754200001,0.0,,,,not enough detected hand frames,,,,insufficient_hand_evidence,,
0.75,105.34593979200001,106.318401667,0.8571428571428571,1,0.8092305064201355,HUNGRY,,1,0.8474096655845642,HUNGRY,,SICK SICK HAVE TIRED HAVE EAT,SICK SICK HAVE TIRED HAVE EAT
0.75,106.418548834,107.430868,0.0,,,,not enough detected hand frames,,,,insufficient_hand_evidence,,
0.75,107.49443600000001,108.498704292,0.375,2,0.019070131704211235,MY,,2,0.290337473154068,MY,low_margin,SICK TIRED MAYBE WAIT HUNGRY,SICK TIRED MAYBE WAIT HUNGRY
0.75,108.56159875,109.570070709,0.46153846153846156,1,0.8263131380081177,HUNGRY,,3,0.09972463548183441,LIKE,low_score;low_margin,TIRED MAYBE WAIT,TIRED MAYBE WAIT
0.75,109.633158667,110.640976917,0.0,,,,not enough detected hand frames,,,,insufficient_hand_evidence,,
0.75,110.706332167,110.94544912500001,0.0,,,,not enough detected hand frames,,,,insufficient_hand_evidence,,
