gloss,frame,seconds,source_frame,phase,wrist_x,wrist_y,wrist_z,step_metres
YOU,0,0.0,0,approach,-0.36363595724105835,0.7605689167976379,-0.013220950961112976,0
YOU,1,0.037493852459016395,1,approach,-0.3584693968296051,0.7679784297943115,-0.0074515575543046,0.010718215256929398
YOU,2,0.07498770491803279,1,approach,-0.34418538212776184,0.7884635329246521,0.008499120362102985,0.029632695019245148
YOU,3,0.11248155737704918,2,approach,-0.3226073980331421,0.8194090723991394,0.032594822347164154,0.044764257967472076
YOU,4,0.14997540983606558,2,approach,-0.29555895924568176,0.858199954032898,0.06279929727315903,0.05611293017864227
YOU,5,0.18746926229508198,3,approach,-0.2648635506629944,0.9022212028503418,0.09707628190517426,0.0636788010597229
YOU,6,0.22496311475409836,4,approach,-0.2323446422815323,0.9488574266433716,0.13338953256607056,0.06746160984039307
YOU,7,0.2624569672131148,4,approach,-0.1998257339000702,0.9954937696456909,0.16970276832580566,0.06746168434619904
YOU,8,0.29995081967213116,5,approach,-0.16913031041622162,1.0395148992538452,0.2039797455072403,0.06367872655391693
YOU,9,0.33744467213114754,5,approach,-0.1420818716287613,1.0783058404922485,0.23418422043323517,0.056112971156835556
YOU,10,0.37493852459016397,6,approach,-0.12050389498472214,1.1092513799667358,0.2582799196243286,0.04476425424218178
YOU,11,0.41243237704918034,6,approach,-0.10621989518404007,1.1297365427017212,0.27423059940338135,0.029632730409502983
YOU,12,0.4499262295081967,7,sign,-0.10105333477258682,1.13714599609375,0.2800000011920929,0.010718178004026413
YOU,13,0.48742008196721315,8,sign,-0.10105333477258682,1.13714599609375,0.28001919388771057,1.919269561767578e-05
YOU,14,0.5249139344262296,8,sign,-0.10105333477258682,1.13714599609375,0.28014594316482544,0.00012674927711486816
YOU,15,0.562407786885246,9,sign,-0.10105333477258682,1.13714599609375,0.2804678976535797,0.00032195448875427246
YOU,16,0.5999016393442623,9,sign,-0.10105333477258682,1.13714599609375,0.2810523808002472,0.0005844831466674805
YOU,17,0.6373954918032787,10,sign,-0.10105333477258682,1.13714599609375,0.2819477617740631,0.000895380973815918
YOU,18,0.6748893442622951,10,sign,-0.10105333477258682,1.13714599609375,0.28318509459495544,0.001237332820892334
YOU,19,0.7123831967213116,11,sign,-0.10105333477258682,1.13714599609375,0.2847796082496643,0.0015945136547088623
YOU,20,0.7498770491803279,12,sign,-0.10105333477258682,1.13714599609375,0.28673219680786133,0.0019525885581970215
YOU,21,0.7873709016393443,12,sign,-0.10105333477258682,1.13714599609375,0.28903090953826904,0.002298712730407715
YOU,22,0.8248647540983607,13,sign,-0.10105333477258682,1.13714599609375,0.29165247082710266,0.002621561288833618
YOU,23,0.8623586065573771,13,sign,-0.10105333477258682,1.13714599609375,0.29456380009651184,0.0029113292694091797
YOU,24,0.8998524590163934,14,sign,-0.10105333477258682,1.13714599609375,0.29772353172302246,0.00315973162651062
YOU,25,0.9373463114754099,15,sign,-0.10105333477258682,1.13714599609375,0.3010835349559784,0.0033600032329559326
YOU,26,0.9748401639344263,15,sign,-0.10105333477258682,1.13714599609375,0.3045903444290161,0.0035068094730377197
YOU,27,1.0123340163934427,16,sign,-0.10105333477258682,1.13714599609375,0.30818673968315125,0.003596395254135132
YOU,28,1.0498278688524592,16,sign,-0.10105333477258682,1.13714599609375,0.31181326508522034,0.003626525402069092
YOU,29,1.0873217213114754,17,sign,-0.10105333477258682,1.13714599609375,0.31540966033935547,0.003596395254135132
YOU,30,1.124815573770492,17,sign,-0.10105333477258682,1.13714599609375,0.3189164698123932,0.0035068094730377197
YOU,31,1.1623094262295082,18,sign,-0.10105333477258682,1.13714599609375,0.3222764730453491,0.0033600032329559326
YOU,32,1.1998032786885247,19,sign,-0.10105333477258682,1.13714599609375,0.32543620467185974,0.00315973162651062
YOU,33,1.2372971311475411,19,sign,-0.10105333477258682,1.13714599609375,0.3283475339412689,0.0029113292694091797
YOU,34,1.2747909836065574,20,sign,-0.10105333477258682,1.13714599609375,0.33096909523010254,0.002621561288833618
YOU,35,1.312284836065574,20,sign,-0.10105333477258682,1.13714599609375,0.33326780796051025,0.002298712730407715
YOU,36,1.3497786885245902,21,sign,-0.10105333477258682,1.13714599609375,0.3352203965187073,0.0019525885581970215
YOU,37,1.3872725409836066,22,sign,-0.10105333477258682,1.13714599609375,0.33681491017341614,0.0015945136547088623
YOU,38,1.4247663934426231,22,sign,-0.10105333477258682,1.13714599609375,0.33805224299430847,0.001237332820892334
YOU,39,1.4622602459016394,23,sign,-0.10105333477258682,1.13714599609375,0.3389476239681244,0.000895380973815918
YOU,40,1.4997540983606559,23,sign,-0.10105333477258682,1.13714599609375,0.33953210711479187,0.0005844831466674805
YOU,41,1.5372479508196721,24,sign,-0.10105333477258682,1.13714599609375,0.33985406160354614,0.00032195448875427246
YOU,42,1.5747418032786886,24,sign,-0.10105333477258682,1.13714599609375,0.339980810880661,0.00012674927711486816
YOU,43,1.6122356557377049,25,sign,-0.10105333477258682,1.13714599609375,0.3400000035762787,1.919269561767578e-05
YOU,44,1.6497295081967214,26,release,-0.1123361736536026,1.1209650039672852,0.3248225450515747,0.024889400228857994
YOU,45,1.6872233606557379,26,release,-0.1420818716287613,1.0783058404922485,0.2848092317581177,0.0656176507472992
YOU,46,1.7247172131147541,27,release,-0.18413612246513367,1.0179946422576904,0.22823868691921234,0.09276975691318512
YOU,47,1.7622110655737706,27,release,-0.2323446422815323,0.9488574266433716,0.16338953375816345,0.10634579509496689
YOU,48,1.7997049180327869,28,release,-0.2805531620979309,0.8797202706336975,0.09854036569595337,0.1063457652926445
YOU,49,1.8371987704918034,28,release,-0.3226073980331421,0.8194090723991394,0.04196982458233833,0.09276974946260452
YOU,50,1.8746926229508198,29,release,-0.35235312581062317,0.7767499685287476,0.0019565122202038765,0.0656176283955574
YOU,51,1.912186475409836,30,release,-0.36363595724105835,0.7605689167976379,-0.013220950961112976,0.02488943748176098
NEED,0,0.0,0,approach,-0.36363595724105835,0.7605689167976379,-0.013220950961112976,0
NEED,1,0.034375,1,approach,-0.3611731231212616,0.7701609134674072,-0.0074515575543046,0.011461145244538784
NEED,2,0.06875,2,approach,-0.3543641269207001,0.7966799139976501,0.00849911943078041,0.031686652451753616
NEED,3,0.10312500000000001,3,approach,-0.3440781831741333,0.8367404937744141,0.032594822347164154,0.04786704108119011
NEED,4,0.1375,4,approach,-0.3311845064163208,0.8869573473930359,0.06279929727315903,0.060002412647008896
NEED,5,0.171875,5,approach,-0.31655243039131165,0.943945050239563,0.09707628190517426,0.06809263676404953
NEED,6,0.20625000000000002,6,approach,-0.3010510802268982,1.004318118095398,0.13338953256607056,0.0721377283334732
NEED,7,0.240625,7,approach,-0.28554975986480713,1.064691185951233,0.16970276832580566,0.07213771343231201
NEED,8,0.275,8,approach,-0.2709176242351532,1.1216787099838257,0.2039797455072403,0.06809250265359879
NEED,9,0.309375,9,approach,-0.2580239772796631,1.1718956232070923,0.23418422043323517,0.06000245735049248
NEED,10,0.34375,10,approach,-0.2477380484342575,1.211956262588501,0.2582799196243286,0.04786708578467369
NEED,11,0.378125,11,approach,-0.24092905223369598,1.2384753227233887,0.27423059940338135,0.031686700880527496
NEED,12,0.41250000000000003,12,sign,-0.23846621811389923,1.2480672597885132,0.2800000011920929,0.011461099609732628
NEED,13,0.446875,13,sign,-0.23846621811389923,1.2480672597885132,0.2800000011920929,0.0
NEED,14,0.48125,14,sign,-0.23846621811389923,1.2480672597885132,0.2800000011920929,0.0
NEED,15,0.515625,15,sign,-0.23846621811389923,1.2480672597885132,0.2800000011920929,0.0
NEED,16,0.55,16,sign,-0.23846621811389923,1.2480672597885132,0.2800000011920929,0.0
NEED,17,0.584375,17,sign,-0.23846621811389923,1.2480672597885132,0.2800000011920929,0.0
NEED,18,0.61875,19,sign,-0.23846621811389923,1.2480672597885132,0.2800000011920929,0.0
NEED,19,0.6531250000000001,20,sign,-0.23846621811389923,1.2480672597885132,0.2800000011920929,0.0
NEED,20,0.6875,21,sign,-0.23846621811389923,1.2480672597885132,0.2800000011920929,0.0
NEED,21,0.721875,22,sign,-0.23846621811389923,1.2480672597885132,0.2800000011920929,0.0
NEED,22,0.75625,23,sign,-0.23846621811389923,1.2480672597885132,0.2800000011920929,0.0
NEED,23,0.790625,24,sign,-0.23846621811389923,1.2480672597885132,0.2800000011920929,0.0
NEED,24,0.8250000000000001,25,sign,-0.23846621811389923,1.2480672597885132,0.2800000011920929,0.0
NEED,25,0.859375,26,sign,-0.23846621811389923,1.2480672597885132,0.2800000011920929,0.0
NEED,26,0.89375,27,sign,-0.23846621811389923,1.2480672597885132,0.2800000011920929,0.0
NEED,27,0.928125,28,sign,-0.23846621811389923,1.2480672597885132,0.2800000011920929,0.0
NEED,28,0.9625,30,sign,-0.23846621811389923,1.2480672597885132,0.2800000011920929,0.0
NEED,29,0.9968750000000001,31,sign,-0.23846621811389923,1.2480672597885132,0.2800000011920929,0.0
NEED,30,1.03125,32,sign,-0.23846621811389923,1.2480672597885132,0.2800000011920929,0.0
NEED,31,1.065625,33,sign,-0.23846621811389923,1.2480672597885132,0.2800000011920929,0.0
NEED,32,1.1,34,sign,-0.23846621811389923,1.2480672597885132,0.2800000011920929,0.0
NEED,33,1.1343750000000001,35,sign,-0.23846621811389923,1.2480672597885132,0.2800000011920929,0.0
NEED,34,1.16875,36,sign,-0.23846621811389923,1.2480672597885132,0.2800000011920929,0.0
NEED,35,1.203125,37,sign,-0.23846621811389923,1.2480672597885132,0.2800000011920929,0.0
NEED,36,1.2375,38,sign,-0.23846621811389923,1.2480672597885132,0.2800000011920929,0.0
NEED,37,1.271875,39,sign,-0.23846621811389923,1.2480672597885132,0.2800000011920929,0.0
NEED,38,1.3062500000000001,41,sign,-0.23846621811389923,1.2480672597885132,0.2800000011920929,0.0
NEED,39,1.340625,42,sign,-0.23846621811389923,1.2480672597885132,0.2800000011920929,0.0
NEED,40,1.375,43,sign,-0.23846621811389923,1.2480672597885132,0.2800000011920929,0.0
NEED,41,1.409375,44,sign,-0.23846621811389923,1.2480672597885132,0.2800000011920929,0.0
NEED,42,1.44375,45,sign,-0.23846621811389923,1.2480672597885132,0.2800000011920929,0.0
NEED,43,1.4781250000000001,46,sign,-0.23846621811389923,1.2480672597885132,0.2800000011920929,0.0
NEED,44,1.5125,47,release,-0.24275873601436615,1.231349229812622,0.269944429397583,0.019975805655121803
NEED,45,1.546875,48,release,-0.25426268577575684,1.1865447759628296,0.24299544095993042,0.05353529378771782
NEED,46,1.58125,49,release,-0.2709176242351532,1.1216787099838257,0.2039797455072403,0.07750624418258667
NEED,47,1.615625,50,release,-0.2906631827354431,1.0447757244110107,0.1577240526676178,0.09188877046108246
NEED,48,1.6500000000000001,51,release,-0.31143897771835327,0.9638603925704956,0.10905499756336212,0.09668298810720444
NEED,49,1.684375,52,release,-0.3311845064163208,0.8869573473930359,0.06279929727315903,0.09188881516456604
NEED,50,1.71875,53,release,-0.34783950448036194,0.8220913410186768,0.023783612996339798,0.07750619947910309
NEED,51,1.753125,54,release,-0.35934343934059143,0.7772870063781738,-0.00316536333411932,0.053535185754299164
NEED,52,1.7875,55,release,-0.36363595724105835,0.7605689167976379,-0.013220950961112976,0.01997586339712143
