feature_path,video_path,split,label,orientation,width,height,source_frames_before_trim,source_frames_after_trim,elapsed_seconds,hand_frame_fraction_before_trim,hand_frame_fraction_after_trim,hand_presence_fraction,face_presence_fraction,body_presence_fraction,shoulder_coverage,normalization_source,chirality_left,chirality_right,chirality_unknown,finite,binary_presence,missing_spatial_zero,missing_confidence_zero,valid_shape
ANSWER/Brady_Brady_15931.v17.npz,data/local/asllvd_asllex_v17/raw_front/ANSWER/Brady_Brady_15931.mov,,ANSWER,portrait,224,328,19,19,0.6396662909999999,1.0,1.0,0.97900390625,0.90625,0.90625,0.8947368421052632,shoulder_width,19,19,0,True,True,True,True,True
ANSWER/Dana_Dana_99.v17.npz,data/local/asllvd_asllex_v17/raw_front/ANSWER/Dana_Dana_99.mov,,ANSWER,portrait,296,328,25,25,0.6633002079999999,1.0,1.0,1.0,1.0,0.0,0.0,palm_length,25,25,0,True,True,True,True,True
ANSWER/Lana_Lana_99.v17.npz,data/local/asllvd_asllex_v17/raw_front/ANSWER/Lana_Lana_99.mov,,ANSWER,portrait,272,328,18,18,0.36689733300000027,1.0,1.0,1.0,0.96875,0.7265625,0.9444444444444444,shoulder_width,18,18,0,True,True,True,True,True
ANSWER/Liz_Liz_3986.v17.npz,data/local/asllvd_asllex_v17/raw_front/ANSWER/Liz_Liz_3986.mov,,ANSWER,portrait,264,328,40,40,0.8842806250000006,1.0,1.0,0.99609375,0.8125,0.8125,0.825,shoulder_width,40,40,0,True,True,True,True,True
ANSWER/Naomi_Naomi_99.v17.npz,data/local/asllvd_asllex_v17/raw_front/ANSWER/Naomi_Naomi_99.mov,,ANSWER,portrait,264,328,19,19,0.6098463330000001,1.0,1.0,0.99853515625,0.90625,0.90625,0.8947368421052632,shoulder_width,19,19,0,True,True,True,True,True
BAD/Brady_Brady_4707.v17.npz,data/local/asllvd_asllex_v17/raw_front/BAD/Brady_Brady_4707.mov,,BAD,portrait,272,328,18,18,0.39989320800000083,1.0,1.0,0.9990234375,0.96875,0.96875,0.9444444444444444,shoulder_width,18,18,0,True,True,True,True,True
BAD/Dana_Dana_4707.v17.npz,data/local/asllvd_asllex_v17/raw_front/BAD/Dana_Dana_4707.mov,,BAD,portrait,288,328,34,34,0.8275467499999998,1.0,1.0,0.8125,0.96875,0.046875,0.058823529411764705,shoulder_width,11,43,0,True,True,True,True,True
BAD/Lana_Lana_4707.v17.npz,data/local/asllvd_asllex_v17/raw_front/BAD/Lana_Lana_4707.mov,,BAD,portrait,256,328,20,20,0.43696879099999997,1.0,1.0,1.0,0.84375,0.0234375,0.05,shoulder_width,9,31,0,True,True,True,True,True
BAD/Liz_Liz_4707.v17.npz,data/local/asllvd_asllex_v17/raw_front/BAD/Liz_Liz_4707.mov,,BAD,portrait,304,328,32,32,0.6128577919999998,1.0,1.0,1.0,0.78125,0.78125,0.78125,shoulder_width,32,32,0,True,True,True,True,True
BAD/Naomi_Naomi_4707.v17.npz,data/local/asllvd_asllex_v17/raw_front/BAD/Naomi_Naomi_4707.mov,,BAD,portrait,256,328,25,25,0.3872979170000015,1.0,1.0,0.50439453125,1.0,1.0,1.0,shoulder_width,1,25,0,True,True,True,True,True
CHILD/Brady_Brady_15770.v17.npz,data/local/asllvd_asllex_v17/raw_front/CHILD/Brady_Brady_15770.mov,,CHILD,portrait,264,328,23,23,0.4207557919999996,1.0,1.0,1.0,0.75,0.75,0.7391304347826086,shoulder_width,23,23,0,True,True,True,True,True
CHILD/Liz_Liz_15770.v17.npz,data/local/asllvd_asllex_v17/raw_front/CHILD/Liz_Liz_15770.mov,,CHILD,portrait,304,328,41,41,0.867569584,1.0,1.0,1.0,1.0,1.0,1.0,shoulder_width,41,41,0,True,True,True,True,True
CHILD/Naomi_Naomi_15770.v17.npz,data/local/asllvd_asllex_v17/raw_front/CHILD/Naomi_Naomi_15770.mov,,CHILD,portrait,304,328,31,31,0.7593209170000002,1.0,1.0,1.0,0.8125,0.8125,0.8064516129032258,shoulder_width,31,31,0,True,True,True,True,True
COLD/Brady_Brady_3427.v17.npz,data/local/asllvd_asllex_v17/raw_front/COLD/Brady_Brady_3427.mov,,COLD,portrait,232,328,29,29,0.5447257919999995,1.0,1.0,1.0,0.875,0.875,0.8620689655172413,shoulder_width,29,29,0,True,True,True,True,True
COLD/Lana_Lana_487.v17.npz,data/local/asllvd_asllex_v17/raw_front/COLD/Lana_Lana_487.mov,,COLD,portrait,264,328,38,38,0.6888022079999985,1.0,1.0,1.0,0.875,0.875,0.868421052631579,shoulder_width,38,38,0,True,True,True,True,True
COLD/Liz_Liz_3427.v17.npz,data/local/asllvd_asllex_v17/raw_front/COLD/Liz_Liz_3427.mov,,COLD,portrait,224,328,45,45,0.8149147079999999,1.0,1.0,1.0,0.90625,0.90625,0.9111111111111111,shoulder_width,45,45,0,True,True,True,True,True
COLD/Naomi_Naomi_487.v17.npz,data/local/asllvd_asllex_v17/raw_front/COLD/Naomi_Naomi_487.mov,,COLD,portrait,288,328,27,27,0.5907495420000011,1.0,1.0,1.0,0.9375,0.9375,0.9259259259259259,shoulder_width,27,27,0,True,True,True,True,True
COLD/Tyler_Tyler_487.v17.npz,data/local/asllvd_asllex_v17/raw_front/COLD/Tyler_Tyler_487.mov,,COLD,portrait,280,328,57,57,1.1018911250000016,1.0,1.0,1.0,1.0,1.0,1.0,shoulder_width,57,57,0,True,True,True,True,True
DAY/Lana_Lana_617.v17.npz,data/local/asllvd_asllex_v17/raw_front/DAY/Lana_Lana_617.mov,,DAY,portrait,264,328,31,31,0.6098507909999995,1.0,1.0,0.9833984375,0.8125,0.8125,0.8064516129032258,shoulder_width,30,31,0,True,True,True,True,True
DAY/Naomi_Naomi_617.v17.npz,data/local/asllvd_asllex_v17/raw_front/DAY/Naomi_Naomi_617.mov,,DAY,portrait,264,328,23,23,0.43279712500000045,1.0,1.0,0.99609375,0.75,0.75,0.7391304347826086,shoulder_width,23,23,0,True,True,True,True,True
DAY/Tyler_Tyler_617.v17.npz,data/local/asllvd_asllex_v17/raw_front/DAY/Tyler_Tyler_617.mov,,DAY,portrait,288,328,31,31,0.5579982500000007,1.0,1.0,1.0,0.8125,0.8125,0.8064516129032258,shoulder_width,31,30,0,True,True,True,True,True
EASY/Brady_Brady_4693.v17.npz,data/local/asllvd_asllex_v17/raw_front/EASY/Brady_Brady_4693.mov,,EASY,portrait,280,328,24,24,0.43697720800000184,1.0,1.0,1.0,0.71875,0.71875,0.7083333333333334,shoulder_width,24,24,0,True,True,True,True,True
EASY/Dana_Dana_4693.v17.npz,data/local/asllvd_asllex_v17/raw_front/EASY/Dana_Dana_4693.mov,,EASY,portrait,296,328,70,70,1.2010420419999974,1.0,1.0,1.0,0.90625,0.7421875,0.9285714285714286,shoulder_width,57,83,0,True,True,True,True,True
EASY/Lana_Lana_4693.v17.npz,data/local/asllvd_asllex_v17/raw_front/EASY/Lana_Lana_4693.mov,,EASY,portrait,256,328,59,59,1.3446235830000006,1.0,1.0,1.0,0.96875,0.2890625,0.4406779661016949,shoulder_width,59,59,0,True,True,True,True,True
EASY/Liz_Liz_15721.v17.npz,data/local/asllvd_asllex_v17/raw_front/EASY/Liz_Liz_15721.mov,,EASY,portrait,240,328,35,35,0.6894548329999992,1.0,1.0,1.0,0.9375,0.9375,0.9428571428571428,shoulder_width,35,35,0,True,True,True,True,True
EASY/Naomi_Naomi_15721.v17.npz,data/local/asllvd_asllex_v17/raw_front/EASY/Naomi_Naomi_15721.mov,,EASY,portrait,248,328,25,25,0.49278541600000025,1.0,1.0,1.0,1.0,1.0,1.0,shoulder_width,25,25,0,True,True,True,True,True
EAT/Brady_Brady_774.v17.npz,data/local/asllvd_asllex_v17/raw_front/EAT/Brady_Brady_774.mov,,EAT,portrait,184,328,31,31,0.6046468330000003,1.0,1.0,0.9755859375,0.8125,0.609375,0.0,palm_length,31,31,0,True,True,True,True,True
EAT/Dana_Dana_774.v17.npz,data/local/asllvd_asllex_v17/raw_front/EAT/Dana_Dana_774.mov,,EAT,portrait,296,328,50,50,1.0706610000000012,1.0,1.0,0.953125,0.96875,0.0,0.0,palm_length,42,50,0,True,True,True,True,True
EAT/Lana_Lana_5082.v17.npz,data/local/asllvd_asllex_v17/raw_front/EAT/Lana_Lana_5082.mov,,EAT,portrait,240,328,20,20,0.41916766699999997,1.0,1.0,0.98828125,0.84375,0.0,0.0,palm_length,19,21,0,True,True,True,True,True
EAT/Liz_Liz_774.v17.npz,data/local/asllvd_asllex_v17/raw_front/EAT/Liz_Liz_774.mov,,EAT,portrait,256,328,39,39,0.629469708000002,1.0,1.0,0.57666015625,0.84375,0.4296875,0.23076923076923078,shoulder_width,0,42,0,True,True,True,True,True
EAT/Naomi_Naomi_774.v17.npz,data/local/asllvd_asllex_v17/raw_front/EAT/Naomi_Naomi_774.mov,,EAT,portrait,232,328,27,27,0.5033534999999958,1.0,1.0,1.0,0.9375,0.9375,0.9259259259259259,shoulder_width,27,27,0,True,True,True,True,True
EXCITED/Brady_Brady_15782.v17.npz,data/local/asllvd_asllex_v17/raw_front/EXCITED/Brady_Brady_15782.mov,,EXCITED,portrait,224,328,30,30,0.639721999999999,1.0,1.0,1.0,0.84375,0.703125,0.3,shoulder_width,30,30,0,True,True,True,True,True
EXCITED/Dana_Dana_15782.v17.npz,data/local/asllvd_asllex_v17/raw_front/EXCITED/Dana_Dana_15782.mov,,EXCITED,portrait,288,328,68,68,1.4476929580000046,1.0,1.0,0.9912109375,0.9375,0.7734375,0.9558823529411765,shoulder_width,66,70,0,True,True,True,True,True
EXCITED/Lana_Lana_15782.v17.npz,data/local/asllvd_asllex_v17/raw_front/EXCITED/Lana_Lana_15782.mov,,EXCITED,portrait,232,328,38,38,0.7785416660000024,1.0,1.0,1.0,0.875,0.3515625,0.4473684210526316,shoulder_width,36,40,0,True,True,True,True,True
EXCITED/Liz_Liz_15782.v17.npz,data/local/asllvd_asllex_v17/raw_front/EXCITED/Liz_Liz_15782.mov,,EXCITED,portrait,272,328,56,56,1.065789415999994,1.0,1.0,0.9873046875,0.875,0.8359375,0.875,shoulder_width,56,56,0,True,True,True,True,True
EXCITED/Naomi_Naomi_15782.v17.npz,data/local/asllvd_asllex_v17/raw_front/EXCITED/Naomi_Naomi_15782.mov,,EXCITED,portrait,304,328,36,36,0.717468083,1.0,1.0,0.99462890625,0.90625,0.90625,0.9166666666666666,shoulder_width,36,36,0,True,True,True,True,True
FAMILY/Brady_Brady_873.v17.npz,data/local/asllvd_asllex_v17/raw_front/FAMILY/Brady_Brady_873.mov,,FAMILY,portrait,192,328,20,20,0.47602299999999786,1.0,1.0,1.0,0.84375,0.53125,0.0,palm_length,20,20,0,True,True,True,True,True
FAMILY/Dana_Dana_873.v17.npz,data/local/asllvd_asllex_v17/raw_front/FAMILY/Dana_Dana_873.mov,,FAMILY,portrait,296,328,70,70,1.3896458749999994,1.0,1.0,1.0,0.90625,0.8515625,0.9285714285714286,shoulder_width,70,70,0,True,True,True,True,True
FAMILY/Lana_Lana_873.v17.npz,data/local/asllvd_asllex_v17/raw_front/FAMILY/Lana_Lana_873.mov,,FAMILY,portrait,248,328,33,33,0.7250024160000024,1.0,1.0,1.0,0.75,0.0,0.0,palm_length,33,33,0,True,True,True,True,True
FAMILY/Liz_Liz_873.v17.npz,data/local/asllvd_asllex_v17/raw_front/FAMILY/Liz_Liz_873.mov,,FAMILY,portrait,256,328,38,38,0.7495242919999967,1.0,1.0,1.0,0.65625,0.875,0.868421052631579,shoulder_width,38,38,0,True,True,True,True,True
FAMILY/Naomi_Naomi_873.v17.npz,data/local/asllvd_asllex_v17/raw_front/FAMILY/Naomi_Naomi_873.mov,,FAMILY,portrait,248,328,27,27,0.5500700420000015,1.0,1.0,1.0,0.9375,0.9375,0.9259259259259259,shoulder_width,27,27,0,True,True,True,True,True
FEEL/Brady_Brady_893.v17.npz,data/local/asllvd_asllex_v17/raw_front/FEEL/Brady_Brady_893.mov,,FEEL,portrait,192,328,24,24,0.5104588330000013,1.0,1.0,0.99462890625,0.71875,0.71875,0.7083333333333334,shoulder_width,24,24,0,True,True,True,True,True
FEEL/Dana_Dana_893.v17.npz,data/local/asllvd_asllex_v17/raw_front/FEEL/Dana_Dana_893.mov,,FEEL,portrait,288,328,77,77,1.0647827500000062,1.0,1.0,0.5,0.9375,0.671875,0.948051948051948,shoulder_width,0,77,0,True,True,True,True,True
FEEL/Lana_Lana_893.v17.npz,data/local/asllvd_asllex_v17/raw_front/FEEL/Lana_Lana_893.mov,,FEEL,portrait,232,328,29,29,0.5757945829999969,1.0,1.0,1.0,0.875,0.0,0.0,palm_length,29,29,0,True,True,True,True,True
FEEL/Liz_Liz_893.v17.npz,data/local/asllvd_asllex_v17/raw_front/FEEL/Liz_Liz_893.mov,,FEEL,portrait,232,328,37,37,0.6953069589999998,1.0,1.0,0.99609375,0.875,0.875,0.8918918918918919,shoulder_width,37,37,0,True,True,True,True,True
FEEL/Naomi_Naomi_893.v17.npz,data/local/asllvd_asllex_v17/raw_front/FEEL/Naomi_Naomi_893.mov,,FEEL,portrait,248,328,37,37,0.6638882499999994,1.0,1.0,0.71044921875,0.875,0.875,0.8918918918918919,shoulder_width,17,37,0,True,True,True,True,True
FRIEND/Brady_Brady_991.v17.npz,data/local/asllvd_asllex_v17/raw_front/FRIEND/Brady_Brady_991.mov,,FRIEND,portrait,200,328,29,29,0.606602500000001,1.0,1.0,0.99755859375,0.875,0.8046875,0.5862068965517241,shoulder_width,29,29,0,True,True,True,True,True
FRIEND/Dana_Dana_991.v17.npz,data/local/asllvd_asllex_v17/raw_front/FRIEND/Dana_Dana_991.mov,,FRIEND,portrait,296,328,60,60,1.1097317500000017,1.0,1.0,0.81103515625,0.9375,0.1015625,0.03333333333333333,shoulder_width,58,38,0,True,True,True,True,True
FRIEND/Lana_Lana_991.v17.npz,data/local/asllvd_asllex_v17/raw_front/FRIEND/Lana_Lana_991.mov,,FRIEND,portrait,240,328,28,28,0.5501006669999953,1.0,1.0,0.99462890625,0.90625,0.0234375,0.03571428571428571,shoulder_width,28,28,0,True,True,True,True,True
FRIEND/Liz_Liz_991.v17.npz,data/local/asllvd_asllex_v17/raw_front/FRIEND/Liz_Liz_991.mov,,FRIEND,portrait,248,328,36,36,0.6093201250000035,1.0,1.0,0.974609375,0.90625,0.90625,0.9166666666666666,shoulder_width,36,36,0,True,True,True,True,True
FRIEND/Naomi_Naomi_991.v17.npz,data/local/asllvd_asllex_v17/raw_front/FRIEND/Naomi_Naomi_991.mov,,FRIEND,portrait,240,328,26,26,0.3874636250000023,1.0,1.0,0.99267578125,0.96875,0.96875,0.9615384615384616,shoulder_width,26,26,0,True,True,True,True,True
HAPPY/Brady_Brady_15972.v17.npz,data/local/asllvd_asllex_v17/raw_front/HAPPY/Brady_Brady_15972.mov,,HAPPY,portrait,224,328,31,31,0.6127033749999953,1.0,1.0,1.0,0.8125,0.6171875,0.2903225806451613,shoulder_width,31,31,0,True,True,True,True,True
HAPPY/Liz_Liz_15972.v17.npz,data/local/asllvd_asllex_v17/raw_front/HAPPY/Liz_Liz_15972.mov,,HAPPY,portrait,296,328,55,55,1.1777837500000032,1.0,1.0,1.0,0.875,0.875,0.8909090909090909,shoulder_width,55,55,0,True,True,True,True,True
HAPPY/Naomi_Naomi_15972.v17.npz,data/local/asllvd_asllex_v17/raw_front/HAPPY/Naomi_Naomi_15972.mov,,HAPPY,portrait,312,328,56,56,1.0921927090000025,1.0,1.0,1.0,0.875,0.875,0.875,shoulder_width,56,56,0,True,True,True,True,True
HAVE/Brady_Brady_1143.v17.npz,data/local/asllvd_asllex_v17/raw_front/HAVE/Brady_Brady_1143.mov,,HAVE,portrait,208,328,16,16,0.25635595800000033,1.0,1.0,1.0,0.5625,0.4375,0.0625,shoulder_width,16,16,0,True,True,True,True,True
HAVE/Dana_Dana_1143.v17.npz,data/local/asllvd_asllex_v17/raw_front/HAVE/Dana_Dana_1143.mov,,HAVE,portrait,288,328,35,35,0.7492524589999974,1.0,1.0,0.890625,0.9375,0.7109375,0.9428571428571428,shoulder_width,23,35,0,True,True,True,True,True
HAVE/Lana_Lana_1143.v17.npz,data/local/asllvd_asllex_v17/raw_front/HAVE/Lana_Lana_1143.mov,,HAVE,portrait,232,328,10,10,0.2649131670000031,1.0,1.0,1.0,0.9375,0.0625,0.1,shoulder_width,6,14,0,True,True,True,True,True
HAVE/Liz_Liz_1143.v17.npz,data/local/asllvd_asllex_v17/raw_front/HAVE/Liz_Liz_1143.mov,,HAVE,portrait,288,328,41,41,0.8343532080000031,1.0,1.0,1.0,1.0,1.0,1.0,shoulder_width,41,41,0,True,True,True,True,True
HAVE/Naomi_Naomi_1143.v17.npz,data/local/asllvd_asllex_v17/raw_front/HAVE/Naomi_Naomi_1143.mov,,HAVE,portrait,288,328,20,20,0.42678962499999784,1.0,1.0,1.0,0.84375,0.84375,0.85,shoulder_width,20,20,0,True,True,True,True,True
HELLO/Brady_Brady_1093.v17.npz,data/local/asllvd_asllex_v17/raw_front/HELLO/Brady_Brady_1093.mov,,HELLO,portrait,224,328,21,21,0.396675958000003,1.0,1.0,1.0,0.8125,0.8125,0.8095238095238095,shoulder_width,21,21,0,True,True,True,True,True
HELLO/Dana_Dana_1093.v17.npz,data/local/asllvd_asllex_v17/raw_front/HELLO/Dana_Dana_1093.mov,,HELLO,portrait,288,328,34,34,0.5529457500000063,1.0,1.0,0.96875,0.96875,0.3046875,0.2647058823529412,shoulder_width,24,34,0,True,True,True,True,True
HELLO/Lana_Lana_1093.v17.npz,data/local/asllvd_asllex_v17/raw_front/HELLO/Lana_Lana_1093.mov,,HELLO,portrait,272,328,11,11,0.19442020799999682,1.0,1.0,1.0,0.84375,0.0,0.0,palm_length,11,11,0,True,True,True,True,True
HELLO/Liz_Liz_1093.v17.npz,data/local/asllvd_asllex_v17/raw_front/HELLO/Liz_Liz_1093.mov,,HELLO,portrait,296,328,46,46,0.9445144589999899,1.0,1.0,1.0,0.875,0.875,0.8913043478260869,shoulder_width,46,46,0,True,True,True,True,True
HELLO/Naomi_Naomi_1093.v17.npz,data/local/asllvd_asllex_v17/raw_front/HELLO/Naomi_Naomi_1093.mov,,HELLO,portrait,288,328,21,21,0.49947808299999963,1.0,1.0,0.9931640625,0.8125,0.6171875,0.8095238095238095,shoulder_width,21,21,0,True,True,True,True,True
HOME/Brady_Brady_1188.v17.npz,data/local/asllvd_asllex_v17/raw_front/HOME/Brady_Brady_1188.mov,,HOME,portrait,192,328,21,21,0.4272185839999878,1.0,1.0,1.0,0.8125,0.71875,0.42857142857142855,shoulder_width,21,21,0,True,True,True,True,True
HOME/Dana_Dana_1188.v17.npz,data/local/asllvd_asllex_v17/raw_front/HOME/Dana_Dana_1188.mov,,HOME,portrait,288,328,40,40,0.7182623329999984,1.0,1.0,0.890625,0.8125,0.0,0.0,palm_length,29,40,0,True,True,True,True,True
HOME/Lana_Lana_1188.v17.npz,data/local/asllvd_asllex_v17/raw_front/HOME/Lana_Lana_1188.mov,,HOME,portrait,224,328,31,31,0.5539644999999922,1.0,1.0,1.0,0.8125,0.0,0.0,palm_length,31,31,0,True,True,True,True,True
HOME/Liz_Liz_1188.v17.npz,data/local/asllvd_asllex_v17/raw_front/HOME/Liz_Liz_1188.mov,,HOME,portrait,280,328,41,41,0.8682969170000092,1.0,1.0,1.0,1.0,1.0,1.0,shoulder_width,41,41,0,True,True,True,True,True
HOME/Naomi_Naomi_1188.v17.npz,data/local/asllvd_asllex_v17/raw_front/HOME/Naomi_Naomi_1188.mov,,HOME,portrait,296,328,23,23,0.5296696660000038,1.0,1.0,0.9990234375,0.75,0.65625,0.7391304347826086,shoulder_width,23,23,0,True,True,True,True,True
HOSPITAL/Brady_Brady_1199.v17.npz,data/local/asllvd_asllex_v17/raw_front/HOSPITAL/Brady_Brady_1199.mov,,HOSPITAL,portrait,200,328,22,22,0.515056125000001,1.0,1.0,1.0,0.78125,0.78125,0.7727272727272727,shoulder_width,22,22,0,True,True,True,True,True
HOSPITAL/Dana_Dana_1199.v17.npz,data/local/asllvd_asllex_v17/raw_front/HOSPITAL/Dana_Dana_1199.mov,,HOSPITAL,portrait,288,328,63,63,0.9958747920000093,0.9365079365079365,0.9365079365079365,0.875,0.90625,0.0,0.0,palm_length,54,36,0,True,True,True,True,True
HOSPITAL/Lana_Lana_1199.v17.npz,data/local/asllvd_asllex_v17/raw_front/HOSPITAL/Lana_Lana_1199.mov,,HOSPITAL,portrait,232,328,41,41,0.6636753330000005,1.0,1.0,0.95068359375,1.0,0.0,0.0,palm_length,46,30,0,True,True,True,True,True
HOSPITAL/Liz_Liz_1199.v17.npz,data/local/asllvd_asllex_v17/raw_front/HOSPITAL/Liz_Liz_1199.mov,,HOSPITAL,portrait,288,328,48,48,0.9940693329999988,1.0,1.0,1.0,0.84375,0.6328125,0.8541666666666666,shoulder_width,48,48,0,True,True,True,True,True
HOSPITAL/Naomi_Naomi_1199.v17.npz,data/local/asllvd_asllex_v17/raw_front/HOSPITAL/Naomi_Naomi_1199.mov,,HOSPITAL,portrait,288,328,31,31,0.6304620000000085,1.0,1.0,1.0,0.8125,0.609375,0.8064516129032258,shoulder_width,31,31,0,True,True,True,True,True
HOT/Brady_Brady_1200.v17.npz,data/local/asllvd_asllex_v17/raw_front/HOT/Brady_Brady_1200.mov,,HOT,portrait,208,328,14,14,0.26680879100000254,1.0,1.0,0.96875,0.65625,0.65625,0.6428571428571429,shoulder_width,11,14,0,True,True,True,True,True
HOT/Lana_Lana_1200.v17.npz,data/local/asllvd_asllex_v17/raw_front/HOT/Lana_Lana_1200.mov,,HOT,portrait,264,328,23,23,0.4048338340000015,1.0,1.0,1.0,0.75,0.75,0.7391304347826086,shoulder_width,23,23,0,True,True,True,True,True
HOT/Liz_Liz_1200.v17.npz,data/local/asllvd_asllex_v17/raw_front/HOT/Liz_Liz_1200.mov,,HOT,portrait,288,328,34,34,0.7709559170000091,1.0,1.0,1.0,0.96875,0.90625,0.7352941176470589,shoulder_width,34,34,0,True,True,True,True,True
HOT/Naomi_Naomi_1200.v17.npz,data/local/asllvd_asllex_v17/raw_front/HOT/Naomi_Naomi_1200.mov,,HOT,portrait,304,328,14,14,0.23701225000000647,1.0,1.0,1.0,0.65625,0.65625,0.6428571428571429,shoulder_width,14,14,0,True,True,True,True,True
HOW/Brady_Brady_1208.v17.npz,data/local/asllvd_asllex_v17/raw_front/HOW/Brady_Brady_1208.mov,,HOW,portrait,192,328,29,29,0.6010250420000034,1.0,1.0,1.0,0.875,0.8046875,0.5862068965517241,shoulder_width,29,29,0,True,True,True,True,True
HOW/Liz_Liz_1208.v17.npz,data/local/asllvd_asllex_v17/raw_front/HOW/Liz_Liz_1208.mov,,HOW,portrait,288,328,31,31,0.6356854580000117,1.0,1.0,1.0,0.8125,0.8125,0.8064516129032258,shoulder_width,31,31,0,True,True,True,True,True
HOW/Naomi_Naomi_1208.v17.npz,data/local/asllvd_asllex_v17/raw_front/HOW/Naomi_Naomi_1208.mov,,HOW,portrait,296,328,24,24,0.4294620000000009,1.0,1.0,1.0,0.71875,0.71875,0.7083333333333334,shoulder_width,24,24,0,True,True,True,True,True
HOW/Tyler_Tyler_1208.v17.npz,data/local/asllvd_asllex_v17/raw_front/HOW/Tyler_Tyler_1208.mov,,HOW,portrait,272,328,29,29,0.541876000000002,1.0,1.0,1.0,0.875,0.875,0.8620689655172413,shoulder_width,29,29,0,True,True,True,True,True
IMPORTANT/Brady_Brady_1239.v17.npz,data/local/asllvd_asllex_v17/raw_front/IMPORTANT/Brady_Brady_1239.mov,,IMPORTANT,portrait,256,328,29,29,0.5284999170000049,1.0,1.0,1.0,0.875,0.8046875,0.5862068965517241,shoulder_width,29,29,0,True,True,True,True,True
IMPORTANT/Liz_Liz_1239.v17.npz,data/local/asllvd_asllex_v17/raw_front/IMPORTANT/Liz_Liz_1239.mov,,IMPORTANT,portrait,296,328,50,50,0.9530802920000099,1.0,1.0,0.9833984375,0.96875,0.96875,0.98,shoulder_width,50,50,0,True,True,True,True,True
IMPORTANT/Naomi_Naomi_1239.v17.npz,data/local/asllvd_asllex_v17/raw_front/IMPORTANT/Naomi_Naomi_1239.mov,,IMPORTANT,portrait,296,328,43,43,1.0510969999999986,1.0,1.0,0.9990234375,0.9375,0.8046875,0.9534883720930233,shoulder_width,43,42,0,True,True,True,True,True
IMPORTANT/Tyler_Tyler_1239.v17.npz,data/local/asllvd_asllex_v17/raw_front/IMPORTANT/Tyler_Tyler_1239.mov,,IMPORTANT,landscape,336,328,36,36,0.7234210000000019,1.0,1.0,0.994140625,0.90625,0.90625,0.9166666666666666,shoulder_width,36,36,0,True,True,True,True,True
LEARN/Brady_Brady_1371.v17.npz,data/local/asllvd_asllex_v17/raw_front/LEARN/Brady_Brady_1371.mov,,LEARN,portrait,208,328,25,25,0.5306392090000003,1.0,1.0,0.99609375,1.0,0.921875,0.68,shoulder_width,25,25,0,True,True,True,True,True
LEARN/Dana_Dana_1371.v17.npz,data/local/asllvd_asllex_v17/raw_front/LEARN/Dana_Dana_1371.mov,,LEARN,portrait,296,328,29,29,0.5301313749999963,1.0,1.0,1.0,0.875,0.0234375,0.034482758620689655,shoulder_width,29,28,0,True,True,True,True,True
LEARN/Lana_Lana_1371.v17.npz,data/local/asllvd_asllex_v17/raw_front/LEARN/Lana_Lana_1371.mov,,LEARN,portrait,256,328,33,33,0.6070621659999915,1.0,1.0,1.0,1.0,0.4453125,0.7575757575757576,shoulder_width,5,61,0,True,True,True,True,True
LEARN/Liz_Liz_1371.v17.npz,data/local/asllvd_asllex_v17/raw_front/LEARN/Liz_Liz_1371.mov,,LEARN,portrait,296,328,36,36,0.7247274170000111,1.0,1.0,0.9931640625,0.90625,0.90625,0.9166666666666666,shoulder_width,36,36,0,True,True,True,True,True
LEARN/Naomi_Naomi_1371.v17.npz,data/local/asllvd_asllex_v17/raw_front/LEARN/Naomi_Naomi_1371.mov,,LEARN,portrait,320,328,23,23,0.3444743339999974,1.0,1.0,0.916015625,0.03125,0.75,0.7391304347826086,shoulder_width,23,19,0,True,True,True,True,True
LIKE/Lana_Lana_1412.v17.npz,data/local/asllvd_asllex_v17/raw_front/LIKE/Lana_Lana_1412.mov,,LIKE,portrait,264,328,25,25,0.48328070799999523,1.0,1.0,0.9990234375,1.0,1.0,1.0,shoulder_width,25,25,0,True,True,True,True,True
LIKE/Liz_Liz_1412.v17.npz,data/local/asllvd_asllex_v17/raw_front/LIKE/Liz_Liz_1412.mov,,LIKE,portrait,296,328,33,33,0.6038795830000083,1.0,1.0,1.0,1.0,1.0,1.0,shoulder_width,33,33,0,True,True,True,True,True
LIKE/Naomi_Naomi_1412.v17.npz,data/local/asllvd_asllex_v17/raw_front/LIKE/Naomi_Naomi_1412.mov,,LIKE,portrait,312,328,28,28,0.4401702500000084,1.0,1.0,0.9521484375,0.90625,0.90625,0.8928571428571429,shoulder_width,25,29,0,True,True,True,True,True
LIKE/Tyler_Tyler_1412.v17.npz,data/local/asllvd_asllex_v17/raw_front/LIKE/Tyler_Tyler_1412.mov,,LIKE,portrait,288,328,32,32,0.4922022499999912,1.0,1.0,1.0,0.78125,0.78125,0.78125,shoulder_width,32,32,0,True,True,True,True,True
MAYBE/Brady_Brady_1502.v17.npz,data/local/asllvd_asllex_v17/raw_front/MAYBE/Brady_Brady_1502.mov,,MAYBE,portrait,248,328,31,31,0.5699587080000015,1.0,1.0,0.9990234375,0.8125,0.75,0.8064516129032258,shoulder_width,31,31,0,True,True,True,True,True
MAYBE/Lana_Lana_1502.v17.npz,data/local/asllvd_asllex_v17/raw_front/MAYBE/Lana_Lana_1502.mov,,MAYBE,portrait,240,328,56,56,1.1823604159999945,1.0,1.0,1.0,0.875,0.734375,0.875,shoulder_width,56,56,0,True,True,True,True,True
MAYBE/Liz_Liz_1502.v17.npz,data/local/asllvd_asllex_v17/raw_front/MAYBE/Liz_Liz_1502.mov,,MAYBE,portrait,288,328,58,58,1.0922567500000042,1.0,1.0,0.9990234375,0.96875,0.96875,0.9827586206896551,shoulder_width,58,58,0,True,True,True,True,True
MAYBE/Tyler_Tyler_1502.v17.npz,data/local/asllvd_asllex_v17/raw_front/MAYBE/Tyler_Tyler_1502.mov,,MAYBE,portrait,264,328,52,52,0.8398386669999951,1.0,1.0,1.0,0.9375,0.78125,0.9423076923076923,shoulder_width,52,52,0,True,True,True,True,True
MORE/Brady_Brady_1577.v17.npz,data/local/asllvd_asllex_v17/raw_front/MORE/Brady_Brady_1577.mov,,MORE,portrait,240,328,47,47,0.8617305829999964,1.0,1.0,0.9873046875,0.875,0.875,0.8723404255319149,shoulder_width,47,47,0,True,True,True,True,True
MORE/Dana_Dana_1577.v17.npz,data/local/asllvd_asllex_v17/raw_front/MORE/Dana_Dana_1577.mov,,MORE,portrait,280,328,57,57,1.055244665999993,1.0,1.0,1.0,1.0,0.78125,1.0,shoulder_width,57,57,0,True,True,True,True,True
MORE/Lana_Lana_1577.v17.npz,data/local/asllvd_asllex_v17/raw_front/MORE/Lana_Lana_1577.mov,,MORE,portrait,232,328,21,21,0.39328045799999245,1.0,1.0,1.0,0.8125,0.6171875,0.8095238095238095,shoulder_width,21,21,0,True,True,True,True,True
MORE/Liz_Liz_1577.v17.npz,data/local/asllvd_asllex_v17/raw_front/MORE/Liz_Liz_1577.mov,,MORE,portrait,296,328,46,46,0.846599083000001,1.0,1.0,1.0,0.875,0.875,0.8913043478260869,shoulder_width,46,46,0,True,True,True,True,True
MORE/Tyler_Tyler_1577.v17.npz,data/local/asllvd_asllex_v17/raw_front/MORE/Tyler_Tyler_1577.mov,,MORE,portrait,280,328,46,46,0.7619103339999924,1.0,1.0,0.9990234375,0.875,0.875,0.8913043478260869,shoulder_width,46,46,0,True,True,True,True,True
MORNING/Brady_Brady_1578.v17.npz,data/local/asllvd_asllex_v17/raw_front/MORNING/Brady_Brady_1578.mov,,MORNING,portrait,264,328,27,27,0.5197647079999967,1.0,1.0,0.99755859375,0.9375,0.9375,0.9259259259259259,shoulder_width,27,27,0,True,True,True,True,True
MORNING/Dana_Dana_1578.v17.npz,data/local/asllvd_asllex_v17/raw_front/MORNING/Dana_Dana_1578.mov,,MORNING,square,328,328,42,42,0.799296708,1.0,1.0,1.0,0.96875,0.3984375,0.5952380952380952,shoulder_width,30,54,0,True,True,True,True,True
MORNING/Lana_Lana_1578.v17.npz,data/local/asllvd_asllex_v17/raw_front/MORNING/Lana_Lana_1578.mov,,MORNING,portrait,304,328,17,17,0.3670827079999981,1.0,1.0,0.9990234375,1.0,0.3984375,0.5294117647058824,shoulder_width,7,27,0,True,True,True,True,True
MORNING/Liz_Liz_1578.v17.npz,data/local/asllvd_asllex_v17/raw_front/MORNING/Liz_Liz_1578.mov,,MORNING,portrait,304,328,40,40,0.7154767090000007,1.0,1.0,0.99755859375,0.4375,0.8125,0.825,shoulder_width,40,37,0,True,True,True,True,True
MORNING/Tyler_Tyler_1578.v17.npz,data/local/asllvd_asllex_v17/raw_front/MORNING/Tyler_Tyler_1578.mov,,MORNING,portrait,320,328,41,41,0.5780438330000095,1.0,1.0,0.541015625,1.0,1.0,1.0,shoulder_width,3,41,0,True,True,True,True,True
NAME/Brady_Brady_1518.v17.npz,data/local/asllvd_asllex_v17/raw_front/NAME/Brady_Brady_1518.mov,,NAME,portrait,200,328,27,27,0.4412175829999967,1.0,1.0,1.0,0.9375,0.71875,0.037037037037037035,shoulder_width,27,27,0,True,True,True,True,True
NAME/Lana_Lana_1518.v17.npz,data/local/asllvd_asllex_v17/raw_front/NAME/Lana_Lana_1518.mov,,NAME,portrait,264,328,28,28,0.6365818330000081,1.0,1.0,1.0,0.90625,0.90625,0.8928571428571429,shoulder_width,28,28,0,True,True,True,True,True
NAME/Liz_Liz_1518.v17.npz,data/local/asllvd_asllex_v17/raw_front/NAME/Liz_Liz_1518.mov,,NAME,portrait,288,328,58,58,1.2119049590000088,1.0,1.0,1.0,0.96875,0.96875,0.9827586206896551,shoulder_width,58,58,0,True,True,True,True,True
NAME/Tyler_Tyler_1518.v17.npz,data/local/asllvd_asllex_v17/raw_front/NAME/Tyler_Tyler_1518.mov,,NAME,portrait,264,328,46,46,0.8861624580000012,1.0,1.0,0.9990234375,0.875,0.875,0.8913043478260869,shoulder_width,46,46,0,True,True,True,True,True
NIGHT/Lana_Lana_1665.v17.npz,data/local/asllvd_asllex_v17/raw_front/NIGHT/Lana_Lana_1665.mov,,NIGHT,portrait,264,328,32,32,0.5040382920000042,1.0,1.0,1.0,0.78125,0.78125,0.78125,shoulder_width,32,32,0,True,True,True,True,True
NIGHT/Liz_Liz_1665.v17.npz,data/local/asllvd_asllex_v17/raw_front/NIGHT/Liz_Liz_1665.mov,,NIGHT,portrait,304,328,40,40,0.8191704169999952,1.0,1.0,1.0,0.8125,0.8125,0.825,shoulder_width,36,44,0,True,True,True,True,True
NOW/Brady_Brady_1687.v17.npz,data/local/asllvd_asllex_v17/raw_front/NOW/Brady_Brady_1687.mov,,NOW,portrait,200,328,33,33,0.647990415999999,1.0,1.0,0.99267578125,1.0,0.8125,0.5151515151515151,shoulder_width,33,33,0,True,True,True,True,True
NOW/Lana_Lana_1687.v17.npz,data/local/asllvd_asllex_v17/raw_front/NOW/Lana_Lana_1687.mov,,NOW,portrait,264,328,39,39,0.7580637500000051,1.0,1.0,1.0,0.84375,0.84375,0.8461538461538461,shoulder_width,39,39,0,True,True,True,True,True
NOW/Liz_Liz_3901.v17.npz,data/local/asllvd_asllex_v17/raw_front/NOW/Liz_Liz_3901.mov,,NOW,portrait,288,328,56,56,0.942535165999999,1.0,1.0,1.0,0.875,0.875,0.875,shoulder_width,56,56,0,True,True,True,True,True
READ/Brady_Brady_2037.v17.npz,data/local/asllvd_asllex_v17/raw_front/READ/Brady_Brady_2037.mov,,READ,portrait,232,328,20,20,0.33317916600000785,1.0,1.0,1.0,0.84375,0.84375,0.85,shoulder_width,20,20,0,True,True,True,True,True
READ/Liz_Liz_2037.v17.npz,data/local/asllvd_asllex_v17/raw_front/READ/Liz_Liz_2037.mov,,READ,portrait,240,328,34,34,0.6589488340000003,1.0,1.0,1.0,0.96875,0.96875,0.9705882352941176,shoulder_width,34,34,0,True,True,True,True,True
SAD/Dana_Dana_1593.v17.npz,data/local/asllvd_asllex_v17/raw_front/SAD/Dana_Dana_1593.mov,,SAD,portrait,296,328,37,37,0.8956921669999929,1.0,1.0,1.0,0.875,0.2421875,0.24324324324324326,shoulder_width,37,37,0,True,True,True,True,True
SAD/Lana_Lana_1593.v17.npz,data/local/asllvd_asllex_v17/raw_front/SAD/Lana_Lana_1593.mov,,SAD,portrait,240,328,16,16,0.36293474999999376,1.0,1.0,1.0,0.0625,0.0,0.0,palm_length,16,16,0,True,True,True,True,True
SAD/Liz_Liz_1593.v17.npz,data/local/asllvd_asllex_v17/raw_front/SAD/Liz_Liz_1593.mov,,SAD,portrait,296,328,52,52,1.03756333299998,1.0,1.0,1.0,0.625,0.9375,0.9423076923076923,shoulder_width,52,52,0,True,True,True,True,True
SAD/Tyler_Tyler_1593.v17.npz,data/local/asllvd_asllex_v17/raw_front/SAD/Tyler_Tyler_1593.mov,,SAD,portrait,272,328,33,33,0.5637907500000097,1.0,1.0,1.0,1.0,0.875,0.7575757575757576,shoulder_width,33,33,0,True,True,True,True,True
SCHOOL/Brady_Brady_2194.v17.npz,data/local/asllvd_asllex_v17/raw_front/SCHOOL/Brady_Brady_2194.mov,,SCHOOL,portrait,232,328,30,30,0.3621376659999953,1.0,1.0,0.79296875,0.84375,0.84375,0.8333333333333334,shoulder_width,18,31,0,True,True,True,True,True
SCHOOL/Lana_Lana_2194.v17.npz,data/local/asllvd_asllex_v17/raw_front/SCHOOL/Lana_Lana_2194.mov,,SCHOOL,portrait,240,328,26,26,0.49905012499999657,1.0,1.0,1.0,0.96875,0.4921875,0.6538461538461539,shoulder_width,26,24,0,True,True,True,True,True
SCHOOL/Liz_Liz_2194.v17.npz,data/local/asllvd_asllex_v17/raw_front/SCHOOL/Liz_Liz_2194.mov,,SCHOOL,portrait,248,328,46,46,0.7901415419999864,1.0,1.0,0.8125,0.875,0.875,0.8913043478260869,shoulder_width,21,40,0,True,True,True,True,True
SEE/Brady_Brady_2215.v17.npz,data/local/asllvd_asllex_v17/raw_front/SEE/Brady_Brady_2215.mov,,SEE,portrait,224,328,13,13,0.19003016600001388,1.0,1.0,1.0,0.6875,0.6875,0.6923076923076923,shoulder_width,13,13,0,True,True,True,True,True
SEE/Dana_Dana_2215.v17.npz,data/local/asllvd_asllex_v17/raw_front/SEE/Dana_Dana_2215.mov,,SEE,portrait,296,328,19,19,0.3470439170000077,1.0,1.0,1.0,0.90625,0.0,0.0,palm_length,19,19,0,True,True,True,True,True
SEE/Lana_Lana_2215.v17.npz,data/local/asllvd_asllex_v17/raw_front/SEE/Lana_Lana_2215.mov,,SEE,portrait,248,328,19,19,0.3920198750000168,1.0,1.0,1.0,0.90625,0.046875,0.05263157894736842,shoulder_width,19,19,0,True,True,True,True,True
SEE/Liz_Liz_2215.v17.npz,data/local/asllvd_asllex_v17/raw_front/SEE/Liz_Liz_2215.mov,,SEE,portrait,248,328,22,22,0.33144258400000126,1.0,1.0,1.0,0.78125,0.78125,0.7727272727272727,shoulder_width,22,22,0,True,True,True,True,True
SIGN/Lana_Lana_11388.v17.npz,data/local/asllvd_asllex_v17/raw_front/SIGN/Lana_Lana_11388.mov,,SIGN,portrait,240,328,41,41,0.6433616250000114,1.0,1.0,1.0,1.0,0.4375,0.24390243902439024,shoulder_width,41,41,0,True,True,True,True,True
SLEEP/Brady_Brady_3450.v17.npz,data/local/asllvd_asllex_v17/raw_front/SLEEP/Brady_Brady_3450.mov,,SLEEP,portrait,232,328,18,18,0.291670541000002,1.0,1.0,1.0,0.96875,0.859375,0.5,shoulder_width,18,18,0,True,True,True,True,True
SLEEP/Liz_Liz_15253.v17.npz,data/local/asllvd_asllex_v17/raw_front/SLEEP/Liz_Liz_15253.mov,,SLEEP,portrait,296,328,34,34,0.7044175830000086,1.0,1.0,1.0,0.96875,0.96875,0.9705882352941176,shoulder_width,34,34,0,True,True,True,True,True
SMALL/Brady_Brady_1424.v17.npz,data/local/asllvd_asllex_v17/raw_front/SMALL/Brady_Brady_1424.mov,,SMALL,portrait,224,328,33,33,0.5959993330000088,1.0,1.0,1.0,1.0,0.75,0.5151515151515151,shoulder_width,33,33,0,True,True,True,True,True
SMALL/Liz_Liz_1424.v17.npz,data/local/asllvd_asllex_v17/raw_front/SMALL/Liz_Liz_1424.mov,,SMALL,portrait,312,328,46,46,0.7178202500000168,1.0,1.0,1.0,0.875,0.875,0.8913043478260869,shoulder_width,46,46,0,True,True,True,True,True
SMALL/Naomi_Naomi_1424.v17.npz,data/local/asllvd_asllex_v17/raw_front/SMALL/Naomi_Naomi_1424.mov,,SMALL,portrait,296,328,39,39,0.6608410830000082,1.0,1.0,0.99560546875,0.84375,0.84375,0.8461538461538461,shoulder_width,39,39,0,True,True,True,True,True
SORRY/Brady_Brady_2353.v17.npz,data/local/asllvd_asllex_v17/raw_front/SORRY/Brady_Brady_2353.mov,,SORRY,portrait,200,328,64,64,1.3148742919999847,1.0,1.0,1.0,0.875,0.875,0.890625,shoulder_width,64,64,0,True,True,True,True,True
SORRY/Lana_Lana_2353.v17.npz,data/local/asllvd_asllex_v17/raw_front/SORRY/Lana_Lana_2353.mov,,SORRY,portrait,264,328,49,49,1.0655425419999744,1.0,1.0,1.0,1.0,0.796875,1.0,shoulder_width,49,49,0,True,True,True,True,True
SORRY/Liz_Liz_2353.v17.npz,data/local/asllvd_asllex_v17/raw_front/SORRY/Liz_Liz_2353.mov,,SORRY,portrait,224,328,85,85,1.5163343750000138,1.0,1.0,1.0,0.9375,0.9375,0.9529411764705882,shoulder_width,85,85,0,True,True,True,True,True
STOP/Brady_Brady_2430.v17.npz,data/local/asllvd_asllex_v17/raw_front/STOP/Brady_Brady_2430.mov,,STOP,portrait,216,328,16,16,0.2557739169999991,1.0,1.0,0.96875,0.5625,0.5625,0.5625,shoulder_width,14,16,0,True,True,True,True,True
STOP/Liz_Liz_2430.v17.npz,data/local/asllvd_asllex_v17/raw_front/STOP/Liz_Liz_2430.mov,,STOP,portrait,248,328,29,29,0.6355711669999948,1.0,1.0,0.9970703125,0.875,0.875,0.8620689655172413,shoulder_width,29,29,0,True,True,True,True,True
TAKE/Liz_Liz_2518.v17.npz,data/local/asllvd_asllex_v17/raw_front/TAKE/Liz_Liz_2518.mov,,TAKE,portrait,296,328,41,41,0.90509079200001,1.0,1.0,1.0,1.0,1.0,1.0,shoulder_width,41,41,0,True,True,True,True,True
TALK/Brady_Brady_8696.v17.npz,data/local/asllvd_asllex_v17/raw_front/TALK/Brady_Brady_8696.mov,,TALK,portrait,224,328,32,32,0.7813039170000025,1.0,1.0,1.0,0.78125,0.78125,0.78125,shoulder_width,32,32,0,True,True,True,True,True
TALK/Liz_Liz_8696.v17.npz,data/local/asllvd_asllex_v17/raw_front/TALK/Liz_Liz_8696.mov,,TALK,portrait,272,328,31,31,0.4977046660000042,1.0,1.0,1.0,0.8125,0.8125,0.8064516129032258,shoulder_width,31,31,0,True,True,True,True,True
THINK/Brady_Brady_5503.v17.npz,data/local/asllvd_asllex_v17/raw_front/THINK/Brady_Brady_5503.mov,,THINK,portrait,224,328,31,31,0.48838133399999606,1.0,1.0,1.0,0.8125,0.8125,0.8064516129032258,shoulder_width,31,31,0,True,True,True,True,True
THINK/Liz_Liz_5503.v17.npz,data/local/asllvd_asllex_v17/raw_front/THINK/Liz_Liz_5503.mov,,THINK,portrait,280,328,36,36,0.7324604169999986,1.0,1.0,1.0,0.90625,0.90625,0.9166666666666666,shoulder_width,36,36,0,True,True,True,True,True
TIME/Liz_Liz_15823.v17.npz,data/local/asllvd_asllex_v17/raw_front/TIME/Liz_Liz_15823.mov,,TIME,portrait,288,328,31,31,0.5966726659999892,1.0,1.0,1.0,0.8125,0.8125,0.8064516129032258,shoulder_width,31,31,0,True,True,True,True,True
TIRED/Liz_Liz_16038.v17.npz,data/local/asllvd_asllex_v17/raw_front/TIRED/Liz_Liz_16038.mov,,TIRED,portrait,296,328,51,51,0.9149771670000177,1.0,1.0,1.0,0.96875,0.96875,0.9607843137254902,shoulder_width,51,51,0,True,True,True,True,True
TOMORROW/Brady_Brady_15737.v17.npz,data/local/asllvd_asllex_v17/raw_front/TOMORROW/Brady_Brady_15737.mov,,TOMORROW,portrait,216,328,16,16,0.346206541999976,1.0,1.0,0.9970703125,0.5625,0.5625,0.5625,shoulder_width,16,16,0,True,True,True,True,True
TOMORROW/Liz_Liz_15737.v17.npz,data/local/asllvd_asllex_v17/raw_front/TOMORROW/Liz_Liz_15737.mov,,TOMORROW,portrait,288,328,27,27,0.5411932089999993,1.0,1.0,0.9990234375,0.9375,0.9375,0.9259259259259259,shoulder_width,27,27,0,True,True,True,True,True
UNDERSTAND/Liz_Liz_2725.v17.npz,data/local/asllvd_asllex_v17/raw_front/UNDERSTAND/Liz_Liz_2725.mov,,UNDERSTAND,portrait,288,328,46,46,0.825350042000025,1.0,1.0,1.0,0.875,0.875,0.8913043478260869,shoulder_width,46,46,0,True,True,True,True,True
USE/Liz_Liz_16146.v17.npz,data/local/asllvd_asllex_v17/raw_front/USE/Liz_Liz_16146.mov,,USE,portrait,296,328,38,38,0.8371169579999957,1.0,1.0,1.0,0.875,0.875,0.868421052631579,shoulder_width,38,38,0,True,True,True,True,True
WAIT/Brady_Brady_2791.v17.npz,data/local/asllvd_asllex_v17/raw_front/WAIT/Brady_Brady_2791.mov,,WAIT,portrait,216,328,50,50,0.9597054579999735,1.0,1.0,1.0,0.96875,0.96875,0.98,shoulder_width,50,50,0,True,True,True,True,True
WAIT/Liz_Liz_2791.v17.npz,data/local/asllvd_asllex_v17/raw_front/WAIT/Liz_Liz_2791.mov,,WAIT,portrait,296,328,66,66,1.6159287080000126,1.0,1.0,0.9990234375,0.96875,0.96875,0.9848484848484849,shoulder_width,66,66,0,True,True,True,True,True
WATER/Brady_Brady_2819.v17.npz,data/local/asllvd_asllex_v17/raw_front/WATER/Brady_Brady_2819.mov,,WATER,portrait,216,328,39,39,0.8941012500000056,1.0,1.0,1.0,0.84375,0.84375,0.8461538461538461,shoulder_width,39,39,0,True,True,True,True,True
WATER/Dana_Dana_2819.v17.npz,data/local/asllvd_asllex_v17/raw_front/WATER/Dana_Dana_2819.mov,,WATER,portrait,304,328,58,58,1.1091744999999946,1.0,1.0,1.0,0.96875,0.078125,0.017241379310344827,shoulder_width,56,58,0,True,True,True,True,True
WATER/Lana_Lana_2819.v17.npz,data/local/asllvd_asllex_v17/raw_front/WATER/Lana_Lana_2819.mov,,WATER,portrait,240,328,39,39,0.6354640000000131,1.0,1.0,1.0,0.84375,0.0,0.0,palm_length,39,39,0,True,True,True,True,True
WATER/Liz_Liz_2819.v17.npz,data/local/asllvd_asllex_v17/raw_front/WATER/Liz_Liz_2819.mov,,WATER,portrait,288,328,35,35,0.5708590000000129,1.0,1.0,1.0,0.9375,0.9375,0.9428571428571428,shoulder_width,35,35,0,True,True,True,True,True
WHAT/Brady_Brady_15371.v17.npz,data/local/asllvd_asllex_v17/raw_front/WHAT/Brady_Brady_15371.mov,,WHAT,portrait,240,328,25,25,0.47297816700000794,1.0,1.0,0.99755859375,1.0,1.0,1.0,shoulder_width,22,28,0,True,True,True,True,True
WHAT/Lana_Lana_3232.v17.npz,data/local/asllvd_asllex_v17/raw_front/WHAT/Lana_Lana_3232.mov,,WHAT,portrait,312,328,35,35,0.7992824170000006,1.0,1.0,1.0,0.9375,0.9375,0.9428571428571428,shoulder_width,35,35,0,True,True,True,True,True
WHAT/Liz_Liz_15371.v17.npz,data/local/asllvd_asllex_v17/raw_front/WHAT/Liz_Liz_15371.mov,,WHAT,portrait,280,328,39,39,0.8595793750000098,1.0,1.0,1.0,0.84375,0.84375,0.8461538461538461,shoulder_width,39,39,0,True,True,True,True,True
WHEN/Brady_Brady_2854.v17.npz,data/local/asllvd_asllex_v17/raw_front/WHEN/Brady_Brady_2854.mov,,WHEN,portrait,224,328,40,40,0.7844509169999867,1.0,1.0,1.0,0.8125,0.8125,0.825,shoulder_width,40,40,0,True,True,True,True,True
WHEN/Liz_Liz_2854.v17.npz,data/local/asllvd_asllex_v17/raw_front/WHEN/Liz_Liz_2854.mov,,WHEN,portrait,280,328,50,50,0.9880790419999812,1.0,1.0,1.0,0.96875,0.96875,0.98,shoulder_width,50,50,0,True,True,True,True,True
WHERE/Brady_Brady_2855.v17.npz,data/local/asllvd_asllex_v17/raw_front/WHERE/Brady_Brady_2855.mov,,WHERE,portrait,192,328,30,30,0.7855060830000014,1.0,1.0,1.0,0.84375,0.84375,0.8333333333333334,shoulder_width,30,30,0,True,True,True,True,True
WHERE/Liz_Liz_2855.v17.npz,data/local/asllvd_asllex_v17/raw_front/WHERE/Liz_Liz_2855.mov,,WHERE,portrait,240,328,36,36,1.046736624999994,1.0,1.0,1.0,0.90625,0.90625,0.9166666666666666,shoulder_width,36,36,0,True,True,True,True,True
WHY/Brady_Brady_2869.v17.npz,data/local/asllvd_asllex_v17/raw_front/WHY/Brady_Brady_2869.mov,,WHY,portrait,216,328,33,33,0.7148727920000226,1.0,1.0,1.0,1.0,1.0,1.0,shoulder_width,33,33,0,True,True,True,True,True
WHY/Liz_Liz_2869.v17.npz,data/local/asllvd_asllex_v17/raw_front/WHY/Liz_Liz_2869.mov,,WHY,portrait,280,328,50,50,0.9841484580000213,1.0,1.0,1.0,0.96875,0.96875,0.98,shoulder_width,50,50,0,True,True,True,True,True
WORK/Brady_Brady_1306.v17.npz,data/local/asllvd_asllex_v17/raw_front/WORK/Brady_Brady_1306.mov,,WORK,portrait,184,328,24,24,0.484952375000006,1.0,1.0,0.9990234375,0.71875,0.546875,0.041666666666666664,shoulder_width,23,25,0,True,True,True,True,True
WORK/Lana_Lana_1306.v17.npz,data/local/asllvd_asllex_v17/raw_front/WORK/Lana_Lana_1306.mov,,WORK,portrait,264,328,36,36,1.019603208999996,1.0,1.0,0.9990234375,0.90625,0.90625,0.9166666666666666,shoulder_width,36,36,0,True,True,True,True,True
WORK/Liz_Liz_1306.v17.npz,data/local/asllvd_asllex_v17/raw_front/WORK/Liz_Liz_1306.mov,,WORK,portrait,296,328,42,42,0.9880625830000156,1.0,1.0,1.0,0.96875,0.78125,0.9761904761904762,shoulder_width,42,42,0,True,True,True,True,True
WORK/Naomi_Naomi_1306.v17.npz,data/local/asllvd_asllex_v17/raw_front/WORK/Naomi_Naomi_1306.mov,,WORK,portrait,280,328,34,34,0.6470499580000251,1.0,1.0,0.994140625,0.96875,0.96875,0.9705882352941176,shoulder_width,35,33,0,True,True,True,True,True
WORK/Tyler_Tyler_3322.v17.npz,data/local/asllvd_asllex_v17/raw_front/WORK/Tyler_Tyler_3322.mov,,WORK,portrait,304,328,40,40,0.6500361659999783,1.0,1.0,1.0,0.8125,0.8125,0.825,shoulder_width,40,40,0,True,True,True,True,True
YES/Brady_Brady_2925.v17.npz,data/local/asllvd_asllex_v17/raw_front/YES/Brady_Brady_2925.mov,,YES,portrait,216,328,36,36,0.5994182500000136,1.0,1.0,0.99853515625,0.90625,0.90625,0.9166666666666666,shoulder_width,36,36,0,True,True,True,True,True
YES/Liz_Liz_2925.v17.npz,data/local/asllvd_asllex_v17/raw_front/YES/Liz_Liz_2925.mov,,YES,portrait,288,328,31,31,0.6476803749999931,1.0,1.0,1.0,0.8125,0.8125,0.8064516129032258,shoulder_width,31,31,0,True,True,True,True,True
