arm,seed,gate,actual,threshold,pass,checkpoint,checkpoint_sha256
no_stem,1701,target,213,542,True,artifacts/models/stage2_v17_transition_adapt_v1/no_stem/seed_1701/best_model.pth,1d2fa04269faf766a1d40ae4d186d7698cb20b0c590253ad8f8e55838b33d748
no_stem,1701,local,12,6,False,artifacts/models/stage2_v17_transition_adapt_v1/no_stem/seed_1701/best_model.pth,1d2fa04269faf766a1d40ae4d186d7698cb20b0c590253ad8f8e55838b33d748
no_stem,1701,exact,16,9,False,artifacts/models/stage2_v17_transition_adapt_v1/no_stem/seed_1701/best_model.pth,1d2fa04269faf766a1d40ae4d186d7698cb20b0c590253ad8f8e55838b33d748
no_stem,1701,contextual,57,43,False,artifacts/models/stage2_v17_transition_adapt_v1/no_stem/seed_1701/best_model.pth,1d2fa04269faf766a1d40ae4d186d7698cb20b0c590253ad8f8e55838b33d748
no_stem,1701,citizen,331,328,True,artifacts/models/stage2_v17_transition_adapt_v1/no_stem/seed_1701/best_model.pth,1d2fa04269faf766a1d40ae4d186d7698cb20b0c590253ad8f8e55838b33d748
no_stem,1702,target,217,542,True,artifacts/models/stage2_v17_transition_adapt_v1/no_stem/seed_1702/best_model.pth,50aabc31d2b59c1ea5e9403a5c9d8102cad0a9c328ddada1d9ed867475a0b395
no_stem,1702,local,14,6,False,artifacts/models/stage2_v17_transition_adapt_v1/no_stem/seed_1702/best_model.pth,50aabc31d2b59c1ea5e9403a5c9d8102cad0a9c328ddada1d9ed867475a0b395
no_stem,1702,exact,14,9,False,artifacts/models/stage2_v17_transition_adapt_v1/no_stem/seed_1702/best_model.pth,50aabc31d2b59c1ea5e9403a5c9d8102cad0a9c328ddada1d9ed867475a0b395
no_stem,1702,contextual,51,43,False,artifacts/models/stage2_v17_transition_adapt_v1/no_stem/seed_1702/best_model.pth,50aabc31d2b59c1ea5e9403a5c9d8102cad0a9c328ddada1d9ed867475a0b395
no_stem,1702,citizen,327,328,False,artifacts/models/stage2_v17_transition_adapt_v1/no_stem/seed_1702/best_model.pth,50aabc31d2b59c1ea5e9403a5c9d8102cad0a9c328ddada1d9ed867475a0b395
with_stem,1701,target,221,542,True,artifacts/models/stage2_v17_transition_adapt_v1/with_stem/seed_1701/best_model.pth,ff2c0bf6beb9194f298f170e83eabbd47057b22f00c0a5c289c7f4a9c2ef3b39
with_stem,1701,local,15,6,False,artifacts/models/stage2_v17_transition_adapt_v1/with_stem/seed_1701/best_model.pth,ff2c0bf6beb9194f298f170e83eabbd47057b22f00c0a5c289c7f4a9c2ef3b39
with_stem,1701,exact,15,9,False,artifacts/models/stage2_v17_transition_adapt_v1/with_stem/seed_1701/best_model.pth,ff2c0bf6beb9194f298f170e83eabbd47057b22f00c0a5c289c7f4a9c2ef3b39
with_stem,1701,contextual,50,43,False,artifacts/models/stage2_v17_transition_adapt_v1/with_stem/seed_1701/best_model.pth,ff2c0bf6beb9194f298f170e83eabbd47057b22f00c0a5c289c7f4a9c2ef3b39
with_stem,1701,citizen,322,328,False,artifacts/models/stage2_v17_transition_adapt_v1/with_stem/seed_1701/best_model.pth,ff2c0bf6beb9194f298f170e83eabbd47057b22f00c0a5c289c7f4a9c2ef3b39
with_stem,1702,target,224,542,True,artifacts/models/stage2_v17_transition_adapt_v1/with_stem/seed_1702/best_model.pth,45817928e918b9e928842a8692eedf07937709ff31af993fc884688273517e2c
with_stem,1702,local,14,6,False,artifacts/models/stage2_v17_transition_adapt_v1/with_stem/seed_1702/best_model.pth,45817928e918b9e928842a8692eedf07937709ff31af993fc884688273517e2c
with_stem,1702,exact,15,9,False,artifacts/models/stage2_v17_transition_adapt_v1/with_stem/seed_1702/best_model.pth,45817928e918b9e928842a8692eedf07937709ff31af993fc884688273517e2c
with_stem,1702,contextual,53,43,False,artifacts/models/stage2_v17_transition_adapt_v1/with_stem/seed_1702/best_model.pth,45817928e918b9e928842a8692eedf07937709ff31af993fc884688273517e2c
with_stem,1702,citizen,324,328,False,artifacts/models/stage2_v17_transition_adapt_v1/with_stem/seed_1702/best_model.pth,45817928e918b9e928842a8692eedf07937709ff31af993fc884688273517e2c
