source_item_id,session,signer_id,ordinal,video_path,start_seconds,end_seconds,source_tiers,tier_event_count,class_index,canonical_label,citizen_raw_gloss,citizen_asl_lex_code,asllex_entry_id,signbank_annotation_id,match_contract,positive_training_eligible,background_training_eligible,role
O5S5_002_LG,002,LG,0,data/local/open_asl_alternatives_20260913/o5s5/videos/211016_O5S5_002_N_LG.mov,1.52,1.98,RightHand_IDg,1,14,HELLO,HELLO,D_02_055,hello,HELLO,exact SignBankAnnotationID equality,True,False,validation
O5S5_002_LG,002,LG,8,data/local/open_asl_alternatives_20260913/o5s5/videos/211016_O5S5_002_N_LG.mov,6.26,7.14,LeftHand_IDg+RightHand_IDg,2,10,WHEN,WHEN,C_03_086,when,WHEN,exact SignBankAnnotationID equality,True,False,validation
O5S5_002_LG,002,LG,16,data/local/open_asl_alternatives_20260913/o5s5/videos/211016_O5S5_002_N_LG.mov,12.24,12.57,LeftHand_IDg+RightHand_IDg,2,68,BIG,BIG,F_02_054,big,BIGix,exact SignBankAnnotationID equality,True,False,validation
O5S5_002_LG,002,LG,19,data/local/open_asl_alternatives_20260913/o5s5/videos/211016_O5S5_002_N_LG.mov,14.815,14.975,LeftHand_IDg+RightHand_IDg,2,75,IMPORTANT,IMPORTANT,B_01_081,important,IMPORTANT,exact SignBankAnnotationID equality,True,False,validation
O5S5_002_LG,002,LG,20,data/local/open_asl_alternatives_20260913/o5s5/videos/211016_O5S5_002_N_LG.mov,15.285,15.515,RightHand_IDg,1,28,UNDERSTAND,UNDERSTAND,C_01_006,understand,UNDERSTAND,exact SignBankAnnotationID equality,True,False,validation
O5S5_002_LG,002,LG,23,data/local/open_asl_alternatives_20260913/o5s5/videos/211016_O5S5_002_N_LG.mov,16.87,17.48,LeftHand_IDg+RightHand_IDg,2,31,HAVE,HAVE,B_03_057,have,HAVE,exact SignBankAnnotationID equality,True,False,validation
O5S5_002_LG,002,LG,32,data/local/open_asl_alternatives_20260913/o5s5/videos/211016_O5S5_002_N_LG.mov,26.51,26.65,LeftHand_IDg+RightHand_IDg,2,21,MAYBE,MAYBE,B_03_022,maybe,MAYBE,exact SignBankAnnotationID equality,True,False,validation
O5S5_002_LG,002,LG,33,data/local/open_asl_alternatives_20260913/o5s5/videos/211016_O5S5_002_N_LG.mov,26.74,27.0,LeftHand_IDg+RightHand_IDg,2,77,NOW,NOW,C_03_062,now,NOW,exact SignBankAnnotationID equality,True,False,validation
O5S5_002_LG,002,LG,38,data/local/open_asl_alternatives_20260913/o5s5/videos/211016_O5S5_002_N_LG.mov,29.86,30.07,LeftHand_IDg+RightHand_IDg,2,13,HOW,HOW1,D_02_082,how,HOW,exact SignBankAnnotationID equality,True,False,validation
O5S5_002_LG,002,LG,42,data/local/open_asl_alternatives_20260913/o5s5/videos/211016_O5S5_002_N_LG.mov,31.015,31.415,RightHand_IDg,1,47,ASK,ASK,B_02_023,ask,ASKonex,exact SignBankAnnotationID equality,True,False,validation
O5S5_002_LG,002,LG,44,data/local/open_asl_alternatives_20260913/o5s5/videos/211016_O5S5_002_N_LG.mov,32.06,32.2,RightHand_IDg,1,9,WHERE,WHERE,B_02_035,where,WHERE,exact SignBankAnnotationID equality,True,False,validation
O5S5_002_LG,002,LG,46,data/local/open_asl_alternatives_20260913/o5s5/videos/211016_O5S5_002_N_LG.mov,33.17,33.33,LeftHand_IDg+RightHand_IDg,2,9,WHERE,WHERE,B_02_035,where,WHERE,exact SignBankAnnotationID equality,True,False,validation
O5S5_002_LG,002,LG,51,data/local/open_asl_alternatives_20260913/o5s5/videos/211016_O5S5_002_N_LG.mov,35.94,36.22,RightHand_IDg,1,11,WHO,WHO,C_01_041,who,WHObent,exact SignBankAnnotationID equality,True,False,validation
O5S5_002_LG,002,LG,56,data/local/open_asl_alternatives_20260913/o5s5/videos/211016_O5S5_002_N_LG.mov,38.83,39.17,LeftHand_IDg+RightHand_IDg,2,19,YES,YES,G_03_074,yes,YES,exact SignBankAnnotationID equality,True,False,validation
O5S5_002_LG,002,LG,69,data/local/open_asl_alternatives_20260913/o5s5/videos/211016_O5S5_002_N_LG.mov,47.35,48.4,LeftHand_IDg+RightHand_IDg,2,68,BIG,BIG,F_02_054,big,BIGix,exact SignBankAnnotationID equality,True,False,validation
O5S5_002_LG,002,LG,78,data/local/open_asl_alternatives_20260913/o5s5/videos/211016_O5S5_002_N_LG.mov,52.56,52.83,RightHand_IDg,1,47,ASK,ASK,B_02_023,ask,ASKonex,exact SignBankAnnotationID equality,True,False,validation
O5S5_002_LG,002,LG,95,data/local/open_asl_alternatives_20260913/o5s5/videos/211016_O5S5_002_N_LG.mov,60.45,60.85,RightHand_IDg,1,19,YES,YES,G_03_074,yes,YES,exact SignBankAnnotationID equality,True,False,validation
O5S5_002_LG,002,LG,117,data/local/open_asl_alternatives_20260913/o5s5/videos/211016_O5S5_002_N_LG.mov,77.17,77.48,LeftHand_IDg+RightHand_IDg,2,35,GO,GO,C_03_056,go,GOix,exact SignBankAnnotationID equality,True,False,validation
O5S5_002_LG,002,LG,126,data/local/open_asl_alternatives_20260913/o5s5/videos/211016_O5S5_002_N_LG.mov,81.535,81.745,LeftHand_IDg+RightHand_IDg,2,35,GO,GO,C_03_056,go,GOix,exact SignBankAnnotationID equality,True,False,validation
O5S5_002_LG,002,LG,129,data/local/open_asl_alternatives_20260913/o5s5/videos/211016_O5S5_002_N_LG.mov,82.72,83.09,LeftHand_IDg+RightHand_IDg,2,36,STOP,STOP,D_01_010,stop,STOP,exact SignBankAnnotationID equality,True,False,validation
O5S5_002_LG,002,LG,135,data/local/open_asl_alternatives_20260913/o5s5/videos/211016_O5S5_002_N_LG.mov,85.41,85.75,RightHand_IDg,1,30,FEEL,FEEL,C_02_001,feel,FEEL,exact SignBankAnnotationID equality,True,False,validation
O5S5_002_LG,002,LG,136,data/local/open_asl_alternatives_20260913/o5s5/videos/211016_O5S5_002_N_LG.mov,85.85,86.33,LeftHand_IDg+RightHand_IDg,2,70,MORE,MORE,B_03_032,more,MORE,exact SignBankAnnotationID equality,True,False,validation
O5S5_002_LG,002,LG,143,data/local/open_asl_alternatives_20260913/o5s5/videos/211016_O5S5_002_N_LG.mov,91.025,92.06,LeftHand_IDg+RightHand_IDg,2,40,MAKE,MAKE,C_01_032,make,MAKEstr,exact SignBankAnnotationID equality,True,False,validation
O5S5_002_LG,002,LG,145,data/local/open_asl_alternatives_20260913/o5s5/videos/211016_O5S5_002_N_LG.mov,91.55,91.97,RightHand_IDg,1,54,DRINK,DRINK1,B_02_012,drink,DRINKc,exact SignBankAnnotationID equality,True,False,validation
O5S5_002_LG,002,LG,146,data/local/open_asl_alternatives_20260913/o5s5/videos/211016_O5S5_002_N_LG.mov,92.15,92.47,LeftHand_IDg+RightHand_IDg,2,10,WHEN,WHEN,C_03_086,when,WHEN,exact SignBankAnnotationID equality,True,False,validation
O5S5_002_LG,002,LG,148,data/local/open_asl_alternatives_20260913/o5s5/videos/211016_O5S5_002_N_LG.mov,92.76,93.11,LeftHand_IDg+RightHand_IDg,2,82,TIME,TIME,B_02_080,time,TIME,exact SignBankAnnotationID equality,True,False,validation
O5S5_002_LG,002,LG,163,data/local/open_asl_alternatives_20260913/o5s5/videos/211016_O5S5_002_N_LG.mov,104.36,104.7,LeftHand_IDg+RightHand_IDg,2,35,GO,GO,C_03_056,go,GOix,exact SignBankAnnotationID equality,True,False,validation
O5S5_002_LG,002,LG,165,data/local/open_asl_alternatives_20260913/o5s5/videos/211016_O5S5_002_N_LG.mov,105.235,105.505,LeftHand_IDg+RightHand_IDg,2,68,BIG,BIG,F_02_054,big,BIGix,exact SignBankAnnotationID equality,True,False,validation
O5S5_002_LG,002,LG,173,data/local/open_asl_alternatives_20260913/o5s5/videos/211016_O5S5_002_N_LG.mov,109.975,110.345,LeftHand_IDg+RightHand_IDg,2,42,SEE,SEE,C_02_030,see,SEE,exact SignBankAnnotationID equality,True,False,validation
O5S5_002_LG,002,LG,177,data/local/open_asl_alternatives_20260913/o5s5/videos/211016_O5S5_002_N_LG.mov,111.265,111.415,RightHand_IDg,1,27,KNOW,KNOW,C_01_048,know,KNOWb,exact SignBankAnnotationID equality,True,False,validation
O5S5_002_LG,002,LG,183,data/local/open_asl_alternatives_20260913/o5s5/videos/211016_O5S5_002_N_LG.mov,115.4,115.66,LeftHand_IDg+RightHand_IDg,2,82,TIME,TIME,B_02_080,time,TIME,exact SignBankAnnotationID equality,True,False,validation
O5S5_002_LG,002,LG,191,data/local/open_asl_alternatives_20260913/o5s5/videos/211016_O5S5_002_N_LG.mov,119.29,119.8,LeftHand_IDg+RightHand_IDg,2,82,TIME,TIME,B_02_080,time,TIME,exact SignBankAnnotationID equality,True,False,validation
O5S5_002_LG,002,LG,200,data/local/open_asl_alternatives_20260913/o5s5/videos/211016_O5S5_002_N_LG.mov,129.424,129.691,LeftHand_IDg+RightHand_IDg,2,35,GO,GO,C_03_056,go,GOix,exact SignBankAnnotationID equality,True,False,validation
O5S5_002_LG,002,LG,211,data/local/open_asl_alternatives_20260913/o5s5/videos/211016_O5S5_002_N_LG.mov,134.697,135.276,LeftHand_IDg+RightHand_IDg,2,82,TIME,TIME,B_02_080,time,TIME,exact SignBankAnnotationID equality,True,False,validation
O5S5_002_LG,002,LG,216,data/local/open_asl_alternatives_20260913/o5s5/videos/211016_O5S5_002_N_LG.mov,138.404,138.722,LeftHand_IDg+RightHand_IDg,2,35,GO,GO,C_03_056,go,GOix,exact SignBankAnnotationID equality,True,False,validation
O5S5_002_LG,002,LG,234,data/local/open_asl_alternatives_20260913/o5s5/videos/211016_O5S5_002_N_LG.mov,150.455,150.786,LeftHand_IDg+RightHand_IDg,2,13,HOW,HOW1,D_02_082,how,HOW,exact SignBankAnnotationID equality,True,False,validation
O5S5_002_LG,002,LG,240,data/local/open_asl_alternatives_20260913/o5s5/videos/211016_O5S5_002_N_LG.mov,155.164,155.536,RightHand_IDg,1,19,YES,YES,G_03_074,yes,YES,exact SignBankAnnotationID equality,True,False,validation
O5S5_002_LG,002,LG,242,data/local/open_asl_alternatives_20260913/o5s5/videos/211016_O5S5_002_N_LG.mov,155.836,156.352,LeftHand_IDg+RightHand_IDg,2,35,GO,GO,C_03_056,go,GOix,exact SignBankAnnotationID equality,True,False,validation
O5S5_002_LG,002,LG,265,data/local/open_asl_alternatives_20260913/o5s5/videos/211016_O5S5_002_N_LG.mov,166.629,167.497,LeftHand_IDg+RightHand_IDg,2,21,MAYBE,MAYBE,B_03_022,maybe,MAYBE,exact SignBankAnnotationID equality,True,False,validation
O5S5_002_LG,002,LG,278,data/local/open_asl_alternatives_20260913/o5s5/videos/211016_O5S5_002_N_LG.mov,172.901,173.293,RightHand_IDg,1,24,NEED,NEED,C_02_034,need,NEED,exact SignBankAnnotationID equality,True,False,validation
O5S5_002_LG,002,LG,287,data/local/open_asl_alternatives_20260913/o5s5/videos/211016_O5S5_002_N_LG.mov,179.117,179.257,LeftHand_IDg+RightHand_IDg,2,21,MAYBE,MAYBE,B_03_022,maybe,MAYBE,exact SignBankAnnotationID equality,True,False,validation
O5S5_002_LG,002,LG,302,data/local/open_asl_alternatives_20260913/o5s5/videos/211016_O5S5_002_N_LG.mov,187.678,188.211,LeftHand_IDg+RightHand_IDg,2,21,MAYBE,MAYBE,B_03_022,maybe,MAYBE,exact SignBankAnnotationID equality,True,False,validation
O5S5_002_LG,002,LG,311,data/local/open_asl_alternatives_20260913/o5s5/videos/211016_O5S5_002_N_LG.mov,193.335,193.564,RightHand_IDg,1,2,WE,WE,G_03_019,we,WEix,exact SignBankAnnotationID equality,True,False,validation
O5S5_002_LG,002,LG,313,data/local/open_asl_alternatives_20260913/o5s5/videos/211016_O5S5_002_N_LG.mov,194.611,194.929,RightHand_IDg,1,2,WE,WE,G_03_019,we,WEix,exact SignBankAnnotationID equality,True,False,validation
O5S5_002_LG,002,LG,317,data/local/open_asl_alternatives_20260913/o5s5/videos/211016_O5S5_002_N_LG.mov,197.339,197.761,RightHand_IDg,1,7,OUR,OUR,G_02_067,our,OUR,exact SignBankAnnotationID equality,True,False,validation
O5S5_002_LG,002,LG,348,data/local/open_asl_alternatives_20260913/o5s5/videos/211016_O5S5_002_N_LG.mov,213.504,213.936,LeftHand_IDg+RightHand_IDg,2,82,TIME,TIME,B_02_080,time,TIME,exact SignBankAnnotationID equality,True,False,validation
O5S5_002_LG,002,LG,350,data/local/open_asl_alternatives_20260913/o5s5/videos/211016_O5S5_002_N_LG.mov,214.225,214.753,LeftHand_IDg+RightHand_IDg,2,84,WEEK,WEEK,B_02_079,week,WEEK,exact SignBankAnnotationID equality,True,False,validation
O5S5_002_LG,002,LG,368,data/local/open_asl_alternatives_20260913/o5s5/videos/211016_O5S5_002_N_LG.mov,226.522,226.939,RightHand_IDg,1,2,WE,WE,G_03_019,we,WEix,exact SignBankAnnotationID equality,True,False,validation
O5S5_002_LG,002,LG,369,data/local/open_asl_alternatives_20260913/o5s5/videos/211016_O5S5_002_N_LG.mov,226.979,227.107,RightHand_IDg,1,31,HAVE,HAVE,B_03_057,have,HAVE,exact SignBankAnnotationID equality,True,False,validation
O5S5_002_LG,002,LG,374,data/local/open_asl_alternatives_20260913/o5s5/videos/211016_O5S5_002_N_LG.mov,229.381,229.705,RightHand_IDg,1,7,OUR,OUR,G_02_067,our,OUR,exact SignBankAnnotationID equality,True,False,validation
O5S5_002_LG,002,LG,377,data/local/open_asl_alternatives_20260913/o5s5/videos/211016_O5S5_002_N_LG.mov,231.202,231.451,RightHand_IDg,1,72,SAME,SAME1,B_02_009,same_1,SAME-AS,exact SignBankAnnotationID equality,True,False,validation
O5S5_002_LG,002,LG,383,data/local/open_asl_alternatives_20260913/o5s5/videos/211016_O5S5_002_N_LG.mov,237.032,237.593,LeftHand_IDg+RightHand_IDg,2,87,SCHOOL,SCHOOL,C_03_089,school,SCHOOL,exact SignBankAnnotationID equality,True,False,validation
O5S5_002_LG,002,LG,399,data/local/open_asl_alternatives_20260913/o5s5/videos/211016_O5S5_002_N_LG.mov,245.267,245.678,LeftHand_IDg+RightHand_IDg,2,50,WORK,WORK,B_03_059,work,WORK,exact SignBankAnnotationID equality,True,False,validation
O5S5_002_LG,002,LG,402,data/local/open_asl_alternatives_20260913/o5s5/videos/211016_O5S5_002_N_LG.mov,246.423,246.975,LeftHand_IDg+RightHand_IDg,2,87,SCHOOL,SCHOOL,C_03_089,school,SCHOOL,exact SignBankAnnotationID equality,True,False,validation
O5S5_002_LG,002,LG,412,data/local/open_asl_alternatives_20260913/o5s5/videos/211016_O5S5_002_N_LG.mov,253.149,253.634,LeftHand_IDg+RightHand_IDg,2,82,TIME,TIME,B_02_080,time,TIME,exact SignBankAnnotationID equality,True,False,validation
O5S5_002_LG,002,LG,414,data/local/open_asl_alternatives_20260913/o5s5/videos/211016_O5S5_002_N_LG.mov,254.9,255.241,LeftHand_IDg+RightHand_IDg,2,10,WHEN,WHEN,C_03_086,when,WHEN,exact SignBankAnnotationID equality,True,False,validation
O5S5_002_LG,002,LG,430,data/local/open_asl_alternatives_20260913/o5s5/videos/211016_O5S5_002_N_LG.mov,264.382,264.714,LeftHand_IDg+RightHand_IDg,2,21,MAYBE,MAYBE,B_03_022,maybe,MAYBE,exact SignBankAnnotationID equality,True,False,validation
O5S5_007_JAH,007,JAH,23,data/local/open_asl_alternatives_20260913/o5s5/videos/211020_O5S5_007_N_JAH.mp4,13.244,13.538,LeftHand_IDg+RightHand_IDg,2,50,WORK,WORK,B_03_059,work,WORK,exact SignBankAnnotationID equality,True,False,train
O5S5_007_JAH,007,JAH,29,data/local/open_asl_alternatives_20260913/o5s5/videos/211020_O5S5_007_N_JAH.mp4,15.991,16.353,LeftHand_IDg+RightHand_IDg,2,75,IMPORTANT,IMPORTANT,B_01_081,important,IMPORTANT,exact SignBankAnnotationID equality,True,False,train
O5S5_007_JAH,007,JAH,67,data/local/open_asl_alternatives_20260913/o5s5/videos/211020_O5S5_007_N_JAH.mp4,28.757,29.072,LeftHand_IDg+RightHand_IDg,2,50,WORK,WORK,B_03_059,work,WORK,exact SignBankAnnotationID equality,True,False,train
O5S5_007_JAH,007,JAH,78,data/local/open_asl_alternatives_20260913/o5s5/videos/211020_O5S5_007_N_JAH.mp4,32.578,32.905,LeftHand_IDg+RightHand_IDg,2,87,SCHOOL,SCHOOL,C_03_089,school,SCHOOL,exact SignBankAnnotationID equality,True,False,train
O5S5_007_JAH,007,JAH,81,data/local/open_asl_alternatives_20260913/o5s5/videos/211020_O5S5_007_N_JAH.mp4,35.513,35.908,LeftHand_IDg+RightHand_IDg,2,10,WHEN,WHEN,C_03_086,when,WHEN,exact SignBankAnnotationID equality,True,False,train
O5S5_007_JAH,007,JAH,87,data/local/open_asl_alternatives_20260913/o5s5/videos/211020_O5S5_007_N_JAH.mp4,39.077,39.336,LeftHand_IDg+RightHand_IDg,2,10,WHEN,WHEN,C_03_086,when,WHEN,exact SignBankAnnotationID equality,True,False,train
O5S5_007_JAH,007,JAH,116,data/local/open_asl_alternatives_20260913/o5s5/videos/211020_O5S5_007_N_JAH.mp4,52.778,52.999,LeftHand_IDg+RightHand_IDg,2,82,TIME,TIME,B_02_080,time,TIME,exact SignBankAnnotationID equality,True,False,train
O5S5_007_JAH,007,JAH,135,data/local/open_asl_alternatives_20260913/o5s5/videos/211020_O5S5_007_N_JAH.mp4,60.743,60.939,LeftHand_IDg+RightHand_IDg,2,82,TIME,TIME,B_02_080,time,TIME,exact SignBankAnnotationID equality,True,False,train
O5S5_007_JAH,007,JAH,168,data/local/open_asl_alternatives_20260913/o5s5/videos/211020_O5S5_007_N_JAH.mp4,78.254,78.699,RightHand_IDg,1,24,NEED,NEED,C_02_034,need,NEED,exact SignBankAnnotationID equality,True,False,train
O5S5_007_JAH,007,JAH,177,data/local/open_asl_alternatives_20260913/o5s5/videos/211020_O5S5_007_N_JAH.mp4,81.629,81.876,LeftHand_IDg+RightHand_IDg,2,35,GO,GO,C_03_056,go,GOix,exact SignBankAnnotationID equality,True,False,train
O5S5_007_JAH,007,JAH,192,data/local/open_asl_alternatives_20260913/o5s5/videos/211020_O5S5_007_N_JAH.mp4,90.096,90.251,LeftHand_IDg+RightHand_IDg,2,24,NEED,NEED,C_02_034,need,NEED,exact SignBankAnnotationID equality,True,False,train
O5S5_007_JAH,007,JAH,215,data/local/open_asl_alternatives_20260913/o5s5/videos/211020_O5S5_007_N_JAH.mp4,99.115,99.473,RightHand_IDg,1,30,FEEL,FEEL,C_02_001,feel,FEEL,exact SignBankAnnotationID equality,True,False,train
O5S5_007_JAH,007,JAH,229,data/local/open_asl_alternatives_20260913/o5s5/videos/211020_O5S5_007_N_JAH.mp4,106.122,106.284,RightHand_IDg,1,53,EAT,EAT1,B_02_002,eat_1,EAT,exact SignBankAnnotationID equality,True,False,train
O5S5_007_JAH,007,JAH,237,data/local/open_asl_alternatives_20260913/o5s5/videos/211020_O5S5_007_N_JAH.mp4,108.949,109.131,RightHand_IDg,1,29,THINK,THINK,C_03_053,think,THINK,exact SignBankAnnotationID equality,True,False,train
O5S5_007_JAH,007,JAH,243,data/local/open_asl_alternatives_20260913/o5s5/videos/211020_O5S5_007_N_JAH.mp4,110.743,110.896,RightHand_IDg,1,19,YES,YES,G_03_074,yes,YES,exact SignBankAnnotationID equality,True,False,train
O5S5_007_JAH,007,JAH,246,data/local/open_asl_alternatives_20260913/o5s5/videos/211020_O5S5_007_N_JAH.mp4,111.929,112.224,RightHand_IDg,1,30,FEEL,FEEL,C_02_001,feel,FEEL,exact SignBankAnnotationID equality,True,False,train
O5S5_007_JAH,007,JAH,248,data/local/open_asl_alternatives_20260913/o5s5/videos/211020_O5S5_007_N_JAH.mp4,112.701,112.888,RightHand_IDg,1,24,NEED,NEED,C_02_034,need,NEED,exact SignBankAnnotationID equality,True,False,train
O5S5_007_JAH,007,JAH,250,data/local/open_asl_alternatives_20260913/o5s5/videos/211020_O5S5_007_N_JAH.mp4,113.574,113.757,LeftHand_IDg+RightHand_IDg,2,24,NEED,NEED,C_02_034,need,NEED,exact SignBankAnnotationID equality,True,False,train
O5S5_007_JAH,007,JAH,252,data/local/open_asl_alternatives_20260913/o5s5/videos/211020_O5S5_007_N_JAH.mp4,114.317,114.635,RightHand_IDg,1,19,YES,YES,G_03_074,yes,YES,exact SignBankAnnotationID equality,True,False,train
O5S5_007_JAH,007,JAH,263,data/local/open_asl_alternatives_20260913/o5s5/videos/211020_O5S5_007_N_JAH.mp4,120.35,120.462,RightHand_IDg,1,31,HAVE,HAVE,B_03_057,have,HAVE,exact SignBankAnnotationID equality,True,False,train
O5S5_007_JAH,007,JAH,275,data/local/open_asl_alternatives_20260913/o5s5/videos/211020_O5S5_007_N_JAH.mp4,126.062,126.158,RightHand_IDg,1,72,SAME,SAME1,B_02_009,same_1,SAME-AS,exact SignBankAnnotationID equality,True,False,train
O5S5_007_JAH,007,JAH,298,data/local/open_asl_alternatives_20260913/o5s5/videos/211020_O5S5_007_N_JAH.mp4,138.325,138.903,RightHand_IDg,1,86,HOME,HOME,B_03_063,home,HOME,exact SignBankAnnotationID equality,True,False,train
O5S5_007_JAH,007,JAH,320,data/local/open_asl_alternatives_20260913/o5s5/videos/211020_O5S5_007_N_JAH.mp4,149.112,149.332,RightHand_IDg,1,86,HOME,HOME,B_03_063,home,HOME,exact SignBankAnnotationID equality,True,False,train
O5S5_007_JAH,007,JAH,332,data/local/open_asl_alternatives_20260913/o5s5/videos/211020_O5S5_007_N_JAH.mp4,154.043,154.785,LeftHand_IDg+RightHand_IDg,2,20,NO,NO,C_03_041,no,NO,exact SignBankAnnotationID equality,True,False,train
O5S5_007_JAH,007,JAH,342,data/local/open_asl_alternatives_20260913/o5s5/videos/211020_O5S5_007_N_JAH.mp4,157.895,158.08,LeftHand_IDg+RightHand_IDg,2,82,TIME,TIME,B_02_080,time,TIME,exact SignBankAnnotationID equality,True,False,train
O5S5_007_JAH,007,JAH,344,data/local/open_asl_alternatives_20260913/o5s5/videos/211020_O5S5_007_N_JAH.mp4,158.284,158.483,RightHand_IDg,1,42,SEE,SEE,C_02_030,see,SEE,exact SignBankAnnotationID equality,True,False,train
O5S5_007_JAH,007,JAH,349,data/local/open_asl_alternatives_20260913/o5s5/videos/211020_O5S5_007_N_JAH.mp4,160.932,161.423,LeftHand_IDg+RightHand_IDg,2,19,YES,YES,G_03_074,yes,YES,exact SignBankAnnotationID equality,True,False,train
O5S5_007_JAH,007,JAH,354,data/local/open_asl_alternatives_20260913/o5s5/videos/211020_O5S5_007_N_JAH.mp4,163.316,163.504,LeftHand_IDg+RightHand_IDg,2,84,WEEK,WEEK,B_02_079,week,WEEK,exact SignBankAnnotationID equality,True,False,train
O5S5_007_JAH,007,JAH,363,data/local/open_asl_alternatives_20260913/o5s5/videos/211020_O5S5_007_N_JAH.mp4,169.083,169.438,RightHand_IDg,1,86,HOME,HOME,B_03_063,home,HOME,exact SignBankAnnotationID equality,True,False,train
O5S5_007_JAH,007,JAH,375,data/local/open_asl_alternatives_20260913/o5s5/videos/211020_O5S5_007_N_JAH.mp4,175.773,176.005,LeftHand_IDg+RightHand_IDg,2,10,WHEN,WHEN,C_03_086,when,WHEN,exact SignBankAnnotationID equality,True,False,train
O5S5_007_JAH,007,JAH,385,data/local/open_asl_alternatives_20260913/o5s5/videos/211020_O5S5_007_N_JAH.mp4,179.379,179.767,RightHand_IDg,1,86,HOME,HOME,B_03_063,home,HOME,exact SignBankAnnotationID equality,True,False,train
O5S5_007_JAH,007,JAH,387,data/local/open_asl_alternatives_20260913/o5s5/videos/211020_O5S5_007_N_JAH.mp4,180.498,180.676,RightHand_IDg,1,72,SAME,SAME1,B_02_009,same_1,SAME-AS,exact SignBankAnnotationID equality,True,False,train
O5S5_007_JAH,007,JAH,392,data/local/open_asl_alternatives_20260913/o5s5/videos/211020_O5S5_007_N_JAH.mp4,182.069,182.449,RightHand_IDg,1,86,HOME,HOME,B_03_063,home,HOME,exact SignBankAnnotationID equality,True,False,train
O5S5_007_JAH,007,JAH,396,data/local/open_asl_alternatives_20260913/o5s5/videos/211020_O5S5_007_N_JAH.mp4,183.69,184.042,LeftHand_IDg+RightHand_IDg,2,69,SMALL,SMALL,D_01_030,small,SMALL,exact SignBankAnnotationID equality,True,False,train
O5S5_007_JAH,007,JAH,397,data/local/open_asl_alternatives_20260913/o5s5/videos/211020_O5S5_007_N_JAH.mp4,184.138,184.372,RightHand_IDg,1,86,HOME,HOME,B_03_063,home,HOME,exact SignBankAnnotationID equality,True,False,train
O5S5_007_JAH,007,JAH,402,data/local/open_asl_alternatives_20260913/o5s5/videos/211020_O5S5_007_N_JAH.mp4,186.642,186.807,RightHand_IDg,1,7,OUR,OUR,G_02_067,our,OUR,exact SignBankAnnotationID equality,True,False,train
O5S5_007_JAH,007,JAH,414,data/local/open_asl_alternatives_20260913/o5s5/videos/211020_O5S5_007_N_JAH.mp4,190.625,190.813,LeftHand_IDg+RightHand_IDg,2,50,WORK,WORK,B_03_059,work,WORK,exact SignBankAnnotationID equality,True,False,train
O5S5_007_JAH,007,JAH,416,data/local/open_asl_alternatives_20260913/o5s5/videos/211020_O5S5_007_N_JAH.mp4,191.121,191.299,RightHand_IDg,1,86,HOME,HOME,B_03_063,home,HOME,exact SignBankAnnotationID equality,True,False,train
O5S5_007_JAH,007,JAH,422,data/local/open_asl_alternatives_20260913/o5s5/videos/211020_O5S5_007_N_JAH.mp4,193.752,194.093,LeftHand_IDg+RightHand_IDg,2,50,WORK,WORK,B_03_059,work,WORK,exact SignBankAnnotationID equality,True,False,train
O5S5_007_JAH,007,JAH,452,data/local/open_asl_alternatives_20260913/o5s5/videos/211020_O5S5_007_N_JAH.mp4,208.174,208.732,LeftHand_IDg+RightHand_IDg,2,85,YEAR,YEAR,B_02_015,year,YEARs,exact SignBankAnnotationID equality,True,False,train
O5S5_007_JAH,007,JAH,454,data/local/open_asl_alternatives_20260913/o5s5/videos/211020_O5S5_007_N_JAH.mp4,209.64,209.723,RightHand_IDg,1,29,THINK,THINK,C_03_053,think,THINK,exact SignBankAnnotationID equality,True,False,train
O5S5_007_JAH,007,JAH,463,data/local/open_asl_alternatives_20260913/o5s5/videos/211020_O5S5_007_N_JAH.mp4,213.013,213.372,LeftHand_IDg+RightHand_IDg,2,85,YEAR,YEAR,B_02_015,year,YEARs,exact SignBankAnnotationID equality,True,False,train
O5S5_007_JAH,007,JAH,467,data/local/open_asl_alternatives_20260913/o5s5/videos/211020_O5S5_007_N_JAH.mp4,215.305,215.458,LeftHand_IDg+RightHand_IDg,2,10,WHEN,WHEN,C_03_086,when,WHEN,exact SignBankAnnotationID equality,True,False,train
O5S5_007_JAH,007,JAH,496,data/local/open_asl_alternatives_20260913/o5s5/videos/211020_O5S5_007_N_JAH.mp4,227.594,227.729,LeftHand_IDg+RightHand_IDg,2,82,TIME,TIME,B_02_080,time,TIME,exact SignBankAnnotationID equality,True,False,train
O5S5_007_JAH,007,JAH,499,data/local/open_asl_alternatives_20260913/o5s5/videos/211020_O5S5_007_N_JAH.mp4,228.456,228.745,LeftHand_IDg+RightHand_IDg,2,85,YEAR,YEAR,B_02_015,year,YEARs,exact SignBankAnnotationID equality,True,False,train
O5S5_007_JAH,007,JAH,521,data/local/open_asl_alternatives_20260913/o5s5/videos/211020_O5S5_007_N_JAH.mp4,239.592,239.76,RightHand_IDg,1,57,GOOD,GOOD,B_01_052,good,GOOD,exact SignBankAnnotationID equality,True,False,train
O5S5_007_JAH,007,JAH,525,data/local/open_asl_alternatives_20260913/o5s5/videos/211020_O5S5_007_N_JAH.mp4,241.062,241.266,RightHand_IDg,1,2,WE,WE,G_03_019,we,WEix,exact SignBankAnnotationID equality,True,False,train
O5S5_007_JAH,007,JAH,527,data/local/open_asl_alternatives_20260913/o5s5/videos/211020_O5S5_007_N_JAH.mp4,241.721,241.99,LeftHand_IDg+RightHand_IDg,2,10,WHEN,WHEN,C_03_086,when,WHEN,exact SignBankAnnotationID equality,True,False,train
O5S5_007_JAH,007,JAH,530,data/local/open_asl_alternatives_20260913/o5s5/videos/211020_O5S5_007_N_JAH.mp4,242.473,242.855,RightHand_IDg,1,86,HOME,HOME,B_03_063,home,HOME,exact SignBankAnnotationID equality,True,False,train
O5S5_007_JAH,007,JAH,533,data/local/open_asl_alternatives_20260913/o5s5/videos/211020_O5S5_007_N_JAH.mp4,244.226,244.492,RightHand_IDg,1,86,HOME,HOME,B_03_063,home,HOME,exact SignBankAnnotationID equality,True,False,train
O5S5_007_JAH,007,JAH,543,data/local/open_asl_alternatives_20260913/o5s5/videos/211020_O5S5_007_N_JAH.mp4,248.138,248.357,RightHand_IDg,1,53,EAT,EAT1,B_02_002,eat_1,EAT,exact SignBankAnnotationID equality,True,False,train
O5S5_007_JAH,007,JAH,555,data/local/open_asl_alternatives_20260913/o5s5/videos/211020_O5S5_007_N_JAH.mp4,254.919,255.178,LeftHand_IDg+RightHand_IDg,2,68,BIG,BIG,F_02_054,big,BIGix,exact SignBankAnnotationID equality,True,False,train
O5S5_007_JAH,007,JAH,573,data/local/open_asl_alternatives_20260913/o5s5/videos/211020_O5S5_007_N_JAH.mp4,265.585,265.728,LeftHand_IDg+RightHand_IDg,2,31,HAVE,HAVE,B_03_057,have,HAVE,exact SignBankAnnotationID equality,True,False,train
O5S5_007_JAH,007,JAH,580,data/local/open_asl_alternatives_20260913/o5s5/videos/211020_O5S5_007_N_JAH.mp4,268.198,268.367,LeftHand_IDg+RightHand_IDg,2,26,LOVE,LOVE,G_01_068,love,LOVEs,exact SignBankAnnotationID equality,True,False,train
O5S5_007_JAH,007,JAH,584,data/local/open_asl_alternatives_20260913/o5s5/videos/211020_O5S5_007_N_JAH.mp4,269.287,269.447,RightHand_IDg,1,59,HAPPY,HAPPY,C_03_078,happy,HAPPY,exact SignBankAnnotationID equality,True,False,train
O5S5_007_JAH,007,JAH,592,data/local/open_asl_alternatives_20260913/o5s5/videos/211020_O5S5_007_N_JAH.mp4,272.789,273.135,LeftHand_IDg+RightHand_IDg,2,17,THANKYOU,THANKYOU,H_02_053,thank_you,THANK-YOU,exact SignBankAnnotationID equality,True,False,train
O5S5_007_JAH,007,JAH,602,data/local/open_asl_alternatives_20260913/o5s5/videos/211020_O5S5_007_N_JAH.mp4,278.329,278.611,RightHand_IDg,1,30,FEEL,FEEL,C_02_001,feel,FEEL,exact SignBankAnnotationID equality,True,False,train
O5S5_007_JAH,007,JAH,603,data/local/open_asl_alternatives_20260913/o5s5/videos/211020_O5S5_007_N_JAH.mp4,278.65,278.952,RightHand_IDg,1,72,SAME,SAME1,B_02_009,same_1,SAME-AS,exact SignBankAnnotationID equality,True,False,train
O5S5_007_JAH,007,JAH,605,data/local/open_asl_alternatives_20260913/o5s5/videos/211020_O5S5_007_N_JAH.mp4,279.837,280.227,LeftHand_IDg+RightHand_IDg,2,50,WORK,WORK,B_03_059,work,WORK,exact SignBankAnnotationID equality,True,False,train
O5S5_007_JAH,007,JAH,608,data/local/open_asl_alternatives_20260913/o5s5/videos/211020_O5S5_007_N_JAH.mp4,281.597,282.09,LeftHand_IDg+RightHand_IDg,2,50,WORK,WORK,B_03_059,work,WORK,exact SignBankAnnotationID equality,True,False,train
O5S5_007_JAH,007,JAH,618,data/local/open_asl_alternatives_20260913/o5s5/videos/211020_O5S5_007_N_JAH.mp4,286.543,286.881,LeftHand_IDg+RightHand_IDg,2,70,MORE,MORE,B_03_032,more,MORE,exact SignBankAnnotationID equality,True,False,train
O5S5_025_CK,025,CK,0,data/local/open_asl_alternatives_20260913/o5s5/videos/211118_O5S5_025_N_CK.mov.mp4,1.41,2.06,RightHand_IDg,1,14,HELLO,HELLO,D_02_055,hello,HELLO,exact SignBankAnnotationID equality,True,False,train
O5S5_025_CK,025,CK,2,data/local/open_asl_alternatives_20260913/o5s5/videos/211118_O5S5_025_N_CK.mov.mp4,2.358,2.458,LeftHand_IDg+RightHand_IDg,2,97,NAME,NAME,D_01_021,name,NAME,exact SignBankAnnotationID equality,True,False,train
O5S5_025_CK,025,CK,9,data/local/open_asl_alternatives_20260913/o5s5/videos/211118_O5S5_025_N_CK.mov.mp4,6.763,6.874,LeftHand_IDg+RightHand_IDg,2,77,NOW,NOW,C_03_062,now,NOW,exact SignBankAnnotationID equality,True,False,train
O5S5_025_CK,025,CK,40,data/local/open_asl_alternatives_20260913/o5s5/videos/211118_O5S5_025_N_CK.mov.mp4,25.895,26.053,RightHand_IDg,1,31,HAVE,HAVE,B_03_057,have,HAVE,exact SignBankAnnotationID equality,True,False,train
O5S5_025_CK,025,CK,45,data/local/open_asl_alternatives_20260913/o5s5/videos/211118_O5S5_025_N_CK.mov.mp4,27.855,28.255,LeftHand_IDg+RightHand_IDg,2,50,WORK,WORK,B_03_059,work,WORK,exact SignBankAnnotationID equality,True,False,train
O5S5_025_CK,025,CK,53,data/local/open_asl_alternatives_20260913/o5s5/videos/211118_O5S5_025_N_CK.mov.mp4,31.571,31.725,LeftHand_IDg+RightHand_IDg,2,68,BIG,BIG,F_02_054,big,BIGix,exact SignBankAnnotationID equality,True,False,train
O5S5_025_CK,025,CK,57,data/local/open_asl_alternatives_20260913/o5s5/videos/211118_O5S5_025_N_CK.mov.mp4,33.698,34.292,LeftHand_IDg+RightHand_IDg,2,62,EXCITED,EXCITED,H_01_102,excited,EXCITED,exact SignBankAnnotationID equality,True,False,train
O5S5_025_CK,025,CK,59,data/local/open_asl_alternatives_20260913/o5s5/videos/211118_O5S5_025_N_CK.mov.mp4,34.524,35.069,LeftHand_IDg+RightHand_IDg,2,81,NIGHT,NIGHT1,A_01_003,night,NIGHT,exact SignBankAnnotationID equality,True,False,train
O5S5_025_CK,025,CK,79,data/local/open_asl_alternatives_20260913/o5s5/videos/211118_O5S5_025_N_CK.mov.mp4,43.212,43.588,LeftHand_IDg+RightHand_IDg,2,82,TIME,TIME,B_02_080,time,TIME,exact SignBankAnnotationID equality,True,False,train
O5S5_025_CK,025,CK,81,data/local/open_asl_alternatives_20260913/o5s5/videos/211118_O5S5_025_N_CK.mov.mp4,44.061,44.273,LeftHand_IDg+RightHand_IDg,2,8,WHAT,WHAT1,D_02_094,what_2,WHAT,exact SignBankAnnotationID equality,True,False,train
O5S5_025_CK,025,CK,97,data/local/open_asl_alternatives_20260913/o5s5/videos/211118_O5S5_025_N_CK.mov.mp4,51.617,51.944,LeftHand_IDg+RightHand_IDg,2,82,TIME,TIME,B_02_080,time,TIME,exact SignBankAnnotationID equality,True,False,train
O5S5_025_CK,025,CK,103,data/local/open_asl_alternatives_20260913/o5s5/videos/211118_O5S5_025_N_CK.mov.mp4,53.5,53.764,LeftHand_IDg+RightHand_IDg,2,50,WORK,WORK,B_03_059,work,WORK,exact SignBankAnnotationID equality,True,False,train
O5S5_025_CK,025,CK,105,data/local/open_asl_alternatives_20260913/o5s5/videos/211118_O5S5_025_N_CK.mov.mp4,54.525,54.699,RightHand_IDg,1,20,NO,NO,C_03_041,no,NO,exact SignBankAnnotationID equality,True,False,train
O5S5_025_CK,025,CK,107,data/local/open_asl_alternatives_20260913/o5s5/videos/211118_O5S5_025_N_CK.mov.mp4,55.123,55.544,RightHand_IDg,1,20,NO,NO,C_03_041,no,NO,exact SignBankAnnotationID equality,True,False,train
O5S5_025_CK,025,CK,142,data/local/open_asl_alternatives_20260913/o5s5/videos/211118_O5S5_025_N_CK.mov.mp4,70.055,70.286,RightHand_IDg,1,74,EASY,EASY,D_01_070,easy,EASY,exact SignBankAnnotationID equality,True,False,train
O5S5_025_CK,025,CK,144,data/local/open_asl_alternatives_20260913/o5s5/videos/211118_O5S5_025_N_CK.mov.mp4,70.931,71.052,RightHand_IDg,1,27,KNOW,KNOW,C_01_048,know,KNOWb,exact SignBankAnnotationID equality,True,False,train
O5S5_025_CK,025,CK,151,data/local/open_asl_alternatives_20260913/o5s5/videos/211118_O5S5_025_N_CK.mov.mp4,73.359,73.771,LeftHand_IDg+RightHand_IDg,2,74,EASY,EASY,D_01_070,easy,EASY,exact SignBankAnnotationID equality,True,False,train
O5S5_025_CK,025,CK,155,data/local/open_asl_alternatives_20260913/o5s5/videos/211118_O5S5_025_N_CK.mov.mp4,75.522,76.347,LeftHand_IDg,1,84,WEEK,WEEK,B_02_079,week,WEEK,exact SignBankAnnotationID equality,True,False,train
O5S5_025_CK,025,CK,164,data/local/open_asl_alternatives_20260913/o5s5/videos/211118_O5S5_025_N_CK.mov.mp4,79.424,79.752,LeftHand_IDg+RightHand_IDg,2,81,NIGHT,NIGHT1,A_01_003,night,NIGHT,exact SignBankAnnotationID equality,True,False,train
O5S5_025_CK,025,CK,167,data/local/open_asl_alternatives_20260913/o5s5/videos/211118_O5S5_025_N_CK.mov.mp4,80.334,80.447,RightHand_IDg,1,30,FEEL,FEEL,C_02_001,feel,FEEL,exact SignBankAnnotationID equality,True,False,train
O5S5_025_CK,025,CK,177,data/local/open_asl_alternatives_20260913/o5s5/videos/211118_O5S5_025_N_CK.mov.mp4,84.712,84.986,RightHand_IDg,1,46,TELL,TELL,C_02_013,tell,TELL,exact SignBankAnnotationID equality,True,False,train
O5S5_025_CK,025,CK,185,data/local/open_asl_alternatives_20260913/o5s5/videos/211118_O5S5_025_N_CK.mov.mp4,88.246,88.476,RightHand_IDg,1,86,HOME,HOME,B_03_063,home,HOME,exact SignBankAnnotationID equality,True,False,train
O5S5_025_CK,025,CK,186,data/local/open_asl_alternatives_20260913/o5s5/videos/211118_O5S5_025_N_CK.mov.mp4,88.609,88.965,LeftHand_IDg+RightHand_IDg,2,70,MORE,MORE,B_03_032,more,MORE,exact SignBankAnnotationID equality,True,False,train
O5S5_025_CK,025,CK,188,data/local/open_asl_alternatives_20260913/o5s5/videos/211118_O5S5_025_N_CK.mov.mp4,89.143,89.288,RightHand_IDg,1,31,HAVE,HAVE,B_03_057,have,HAVE,exact SignBankAnnotationID equality,True,False,train
O5S5_025_CK,025,CK,220,data/local/open_asl_alternatives_20260913/o5s5/videos/211118_O5S5_025_N_CK.mov.mp4,105.603,106.055,RightHand_IDg,1,29,THINK,THINK,C_03_053,think,THINK,exact SignBankAnnotationID equality,True,False,train
O5S5_025_CK,025,CK,228,data/local/open_asl_alternatives_20260913/o5s5/videos/211118_O5S5_025_N_CK.mov.mp4,108.377,108.75,LeftHand_IDg+RightHand_IDg,2,21,MAYBE,MAYBE,B_03_022,maybe,MAYBE,exact SignBankAnnotationID equality,True,False,train
O5S5_025_CK,025,CK,230,data/local/open_asl_alternatives_20260913/o5s5/videos/211118_O5S5_025_N_CK.mov.mp4,109.119,109.426,RightHand_IDg,1,72,SAME,SAME1,B_02_009,same_1,SAME-AS,exact SignBankAnnotationID equality,True,False,train
O5S5_025_CK,025,CK,250,data/local/open_asl_alternatives_20260913/o5s5/videos/211118_O5S5_025_N_CK.mov.mp4,121.086,121.698,LeftHand_IDg+RightHand_IDg,2,70,MORE,MORE,B_03_032,more,MORE,exact SignBankAnnotationID equality,True,False,train
O5S5_025_CK,025,CK,252,data/local/open_asl_alternatives_20260913/o5s5/videos/211118_O5S5_025_N_CK.mov.mp4,122.137,122.414,LeftHand_IDg+RightHand_IDg,2,70,MORE,MORE,B_03_032,more,MORE,exact SignBankAnnotationID equality,True,False,train
O5S5_025_CK,025,CK,265,data/local/open_asl_alternatives_20260913/o5s5/videos/211118_O5S5_025_N_CK.mov.mp4,129.3,129.713,LeftHand_IDg+RightHand_IDg,2,70,MORE,MORE,B_03_032,more,MORE,exact SignBankAnnotationID equality,True,False,train
O5S5_025_CK,025,CK,269,data/local/open_asl_alternatives_20260913/o5s5/videos/211118_O5S5_025_N_CK.mov.mp4,132.092,132.412,RightHand_IDg,1,57,GOOD,GOOD,B_01_052,good,GOOD,exact SignBankAnnotationID equality,True,False,train
O5S5_025_CK,025,CK,274,data/local/open_asl_alternatives_20260913/o5s5/videos/211118_O5S5_025_N_CK.mov.mp4,134.792,134.989,LeftHand_IDg+RightHand_IDg,2,36,STOP,STOP,D_01_010,stop,STOP,exact SignBankAnnotationID equality,True,False,train
O5S5_025_CK,025,CK,285,data/local/open_asl_alternatives_20260913/o5s5/videos/211118_O5S5_025_N_CK.mov.mp4,140.841,141.296,LeftHand_IDg+RightHand_IDg,2,77,NOW,NOW,C_03_062,now,NOW,exact SignBankAnnotationID equality,True,False,train
O5S5_026_Doug_Ridloff,026,Doug Ridloff,0,data/local/open_asl_alternatives_20260913/o5s5/videos/211119_O5S5_026_N_DR.mov,1.049,1.421,RightHand_IDg,1,14,HELLO,HELLO,D_02_055,hello,HELLO,exact SignBankAnnotationID equality,True,False,train
O5S5_026_Doug_Ridloff,026,Doug Ridloff,26,data/local/open_asl_alternatives_20260913/o5s5/videos/211119_O5S5_026_N_DR.mov,21.09,21.904,LeftHand_IDg+RightHand_IDg,2,36,STOP,STOP,D_01_010,stop,STOP,exact SignBankAnnotationID equality,True,False,train
O5S5_026_Doug_Ridloff,026,Doug Ridloff,45,data/local/open_asl_alternatives_20260913/o5s5/videos/211119_O5S5_026_N_DR.mov,35.718,36.06,LeftHand_IDg+RightHand_IDg,2,70,MORE,MORE,B_03_032,more,MORE,exact SignBankAnnotationID equality,True,False,train
O5S5_026_Doug_Ridloff,026,Doug Ridloff,72,data/local/open_asl_alternatives_20260913/o5s5/videos/211119_O5S5_026_N_DR.mov,51.04,51.46,RightHand_IDg,1,29,THINK,THINK,C_03_053,think,THINK,exact SignBankAnnotationID equality,True,False,train
O5S5_026_Doug_Ridloff,026,Doug Ridloff,90,data/local/open_asl_alternatives_20260913/o5s5/videos/211119_O5S5_026_N_DR.mov,59.99,60.22,LeftHand_IDg+RightHand_IDg,2,68,BIG,BIG,F_02_054,big,BIGix,exact SignBankAnnotationID equality,True,False,train
O5S5_026_Doug_Ridloff,026,Doug Ridloff,94,data/local/open_asl_alternatives_20260913/o5s5/videos/211119_O5S5_026_N_DR.mov,62.44,62.68,RightHand_IDg,1,12,WHY,WHY,D_01_067,why,WHY,exact SignBankAnnotationID equality,True,False,train
O5S5_026_Doug_Ridloff,026,Doug Ridloff,112,data/local/open_asl_alternatives_20260913/o5s5/videos/211119_O5S5_026_N_DR.mov,73.87,74.03,RightHand_IDg,1,11,WHO,WHO,C_01_041,who,WHObent,exact SignBankAnnotationID equality,True,False,train
O5S5_026_Doug_Ridloff,026,Doug Ridloff,128,data/local/open_asl_alternatives_20260913/o5s5/videos/211119_O5S5_026_N_DR.mov,81.86,82.13,LeftHand_IDg+RightHand_IDg,2,68,BIG,BIG,F_02_054,big,BIGix,exact SignBankAnnotationID equality,True,False,train
O5S5_026_Doug_Ridloff,026,Doug Ridloff,137,data/local/open_asl_alternatives_20260913/o5s5/videos/211119_O5S5_026_N_DR.mov,85.76,85.86,LeftHand_IDg+RightHand_IDg,2,77,NOW,NOW,C_03_062,now,NOW,exact SignBankAnnotationID equality,True,False,train
O5S5_026_Doug_Ridloff,026,Doug Ridloff,138,data/local/open_asl_alternatives_20260913/o5s5/videos/211119_O5S5_026_N_DR.mov,85.9,86.19,LeftHand_IDg+RightHand_IDg,2,68,BIG,BIG,F_02_054,big,BIGix,exact SignBankAnnotationID equality,True,False,train
O5S5_026_Doug_Ridloff,026,Doug Ridloff,162,data/local/open_asl_alternatives_20260913/o5s5/videos/211119_O5S5_026_N_DR.mov,97.87,98.55,RightHand_IDg,1,19,YES,YES,G_03_074,yes,YES,exact SignBankAnnotationID equality,True,False,train
O5S5_026_Doug_Ridloff,026,Doug Ridloff,168,data/local/open_asl_alternatives_20260913/o5s5/videos/211119_O5S5_026_N_DR.mov,102.31,102.51,RightHand_IDg,1,31,HAVE,HAVE,B_03_057,have,HAVE,exact SignBankAnnotationID equality,True,False,train
O5S5_026_Doug_Ridloff,026,Doug Ridloff,180,data/local/open_asl_alternatives_20260913/o5s5/videos/211119_O5S5_026_N_DR.mov,108.66,109.127,LeftHand_IDg,1,19,YES,YES,G_03_074,yes,YES,exact SignBankAnnotationID equality,True,False,train
O5S5_026_Doug_Ridloff,026,Doug Ridloff,184,data/local/open_asl_alternatives_20260913/o5s5/videos/211119_O5S5_026_N_DR.mov,110.47,110.77,LeftHand_IDg+RightHand_IDg,2,22,HELP,HELP,D_01_042,help,HELPpa,exact SignBankAnnotationID equality,True,False,train
O5S5_026_Doug_Ridloff,026,Doug Ridloff,242,data/local/open_asl_alternatives_20260913/o5s5/videos/211119_O5S5_026_N_DR.mov,140.96,141.41,LeftHand_IDg+RightHand_IDg,2,50,WORK,WORK,B_03_059,work,WORK,exact SignBankAnnotationID equality,True,False,train
O5S5_026_Doug_Ridloff,026,Doug Ridloff,283,data/local/open_asl_alternatives_20260913/o5s5/videos/211119_O5S5_026_N_DR.mov,162.63,162.76,RightHand_IDg,1,9,WHERE,WHERE,B_02_035,where,WHERE,exact SignBankAnnotationID equality,True,False,train
O5S5_027_LR,027,LR,0,data/local/open_asl_alternatives_20260913/o5s5/videos/211119_O5S5_027_N_LR.mov,2.01,2.71,RightHand_IDg,1,14,HELLO,HELLO,D_02_055,hello,HELLO,exact SignBankAnnotationID equality,True,False,train
O5S5_027_LR,027,LR,10,data/local/open_asl_alternatives_20260913/o5s5/videos/211119_O5S5_027_N_LR.mov,8.855,9.795,LeftHand_IDg+RightHand_IDg,2,10,WHEN,WHEN,C_03_086,when,WHEN,exact SignBankAnnotationID equality,True,False,train
O5S5_027_LR,027,LR,17,data/local/open_asl_alternatives_20260913/o5s5/videos/211119_O5S5_027_N_LR.mov,13.96,14.18,LeftHand_IDg+RightHand_IDg,2,82,TIME,TIME,B_02_080,time,TIME,exact SignBankAnnotationID equality,True,False,train
O5S5_027_LR,027,LR,27,data/local/open_asl_alternatives_20260913/o5s5/videos/211119_O5S5_027_N_LR.mov,18.775,19.785,LeftHand_IDg+RightHand_IDg,2,50,WORK,WORK,B_03_059,work,WORK,exact SignBankAnnotationID equality,True,False,train
O5S5_027_LR,027,LR,29,data/local/open_asl_alternatives_20260913/o5s5/videos/211119_O5S5_027_N_LR.mov,20.43,20.99,LeftHand_IDg+RightHand_IDg,2,62,EXCITED,EXCITED,H_01_102,excited,EXCITED,exact SignBankAnnotationID equality,True,False,train
O5S5_027_LR,027,LR,36,data/local/open_asl_alternatives_20260913/o5s5/videos/211119_O5S5_027_N_LR.mov,23.88,24.05,RightHand_IDg,1,42,SEE,SEE,C_02_030,see,SEE,exact SignBankAnnotationID equality,True,False,train
O5S5_027_LR,027,LR,39,data/local/open_asl_alternatives_20260913/o5s5/videos/211119_O5S5_027_N_LR.mov,24.415,25.475,LeftHand_IDg+RightHand_IDg,2,91,FRIEND,FRIEND,D_03_010,friend,FRIEND,exact SignBankAnnotationID equality,True,False,train
O5S5_027_LR,027,LR,55,data/local/open_asl_alternatives_20260913/o5s5/videos/211119_O5S5_027_N_LR.mov,33.03,33.62,LeftHand_IDg+RightHand_IDg,2,91,FRIEND,FRIEND,D_03_010,friend,FRIEND,exact SignBankAnnotationID equality,True,False,train
O5S5_027_LR,027,LR,62,data/local/open_asl_alternatives_20260913/o5s5/videos/211119_O5S5_027_N_LR.mov,36.005,36.365,LeftHand_IDg+RightHand_IDg,2,91,FRIEND,FRIEND,D_03_010,friend,FRIEND,exact SignBankAnnotationID equality,True,False,train
O5S5_027_LR,027,LR,63,data/local/open_asl_alternatives_20260913/o5s5/videos/211119_O5S5_027_N_LR.mov,36.45,36.61,LeftHand_IDg+RightHand_IDg,2,72,SAME,SAME1,B_02_009,same_1,SAME-AS,exact SignBankAnnotationID equality,True,False,train
O5S5_027_LR,027,LR,86,data/local/open_asl_alternatives_20260913/o5s5/videos/211119_O5S5_027_N_LR.mov,49.82,50.35,LeftHand_IDg+RightHand_IDg,2,2,WE,WE,G_03_019,we,WEix,exact SignBankAnnotationID equality,True,False,train
O5S5_027_LR,027,LR,109,data/local/open_asl_alternatives_20260913/o5s5/videos/211119_O5S5_027_N_LR.mov,61.012,61.274,RightHand_IDg,1,82,TIME,TIME,B_02_080,time,TIME,exact SignBankAnnotationID equality,True,False,train
O5S5_027_LR,027,LR,120,data/local/open_asl_alternatives_20260913/o5s5/videos/211119_O5S5_027_N_LR.mov,65.6,66.07,LeftHand_IDg+RightHand_IDg,2,64,SICK,SICK,B_01_072,sick,SICKstr,exact SignBankAnnotationID equality,True,False,train
O5S5_027_LR,027,LR,144,data/local/open_asl_alternatives_20260913/o5s5/videos/211119_O5S5_027_N_LR.mov,74.345,74.565,RightHand_IDg,1,24,NEED,NEED,C_02_034,need,NEED,exact SignBankAnnotationID equality,True,False,train
O5S5_027_LR,027,LR,152,data/local/open_asl_alternatives_20260913/o5s5/videos/211119_O5S5_027_N_LR.mov,77.66,78.1,LeftHand_IDg+RightHand_IDg,2,91,FRIEND,FRIEND,D_03_010,friend,FRIEND,exact SignBankAnnotationID equality,True,False,train
O5S5_027_LR,027,LR,157,data/local/open_asl_alternatives_20260913/o5s5/videos/211119_O5S5_027_N_LR.mov,80.168,80.475,RightHand_IDg,1,2,WE,WE,G_03_019,we,WEix,exact SignBankAnnotationID equality,True,False,train
O5S5_027_LR,027,LR,174,data/local/open_asl_alternatives_20260913/o5s5/videos/211119_O5S5_027_N_LR.mov,87.511,87.71,RightHand_IDg,1,27,KNOW,KNOW,C_01_048,know,KNOWb,exact SignBankAnnotationID equality,True,False,train
O5S5_027_LR,027,LR,175,data/local/open_asl_alternatives_20260913/o5s5/videos/211119_O5S5_027_N_LR.mov,87.805,88.455,RightHand_IDg,1,92,MOTHER,MOTHER,B_02_008,mother,MOTHERstr,exact SignBankAnnotationID equality,True,False,train
O5S5_027_LR,027,LR,181,data/local/open_asl_alternatives_20260913/o5s5/videos/211119_O5S5_027_N_LR.mov,92.795,93.695,LeftHand_IDg+RightHand_IDg,2,62,EXCITED,EXCITED,H_01_102,excited,EXCITED,exact SignBankAnnotationID equality,True,False,train
O5S5_027_LR,027,LR,196,data/local/open_asl_alternatives_20260913/o5s5/videos/211119_O5S5_027_N_LR.mov,103.755,103.995,LeftHand_IDg+RightHand_IDg,2,10,WHEN,WHEN,C_03_086,when,WHEN,exact SignBankAnnotationID equality,True,False,train
O5S5_027_LR,027,LR,201,data/local/open_asl_alternatives_20260913/o5s5/videos/211119_O5S5_027_N_LR.mov,106.09,106.4,RightHand_IDg,1,42,SEE,SEE,C_02_030,see,SEE,exact SignBankAnnotationID equality,True,False,train
O5S5_027_LR,027,LR,225,data/local/open_asl_alternatives_20260913/o5s5/videos/211119_O5S5_027_N_LR.mov,118.6,119.15,LeftHand_IDg+RightHand_IDg,2,77,NOW,NOW,C_03_062,now,NOW,exact SignBankAnnotationID equality,True,False,train
O5S5_027_LR,027,LR,234,data/local/open_asl_alternatives_20260913/o5s5/videos/211119_O5S5_027_N_LR.mov,123.6,124.71,LeftHand_IDg+RightHand_IDg,2,85,YEAR,YEAR,B_02_015,year,YEARs,exact SignBankAnnotationID equality,True,False,train
O5S5_027_LR,027,LR,239,data/local/open_asl_alternatives_20260913/o5s5/videos/211119_O5S5_027_N_LR.mov,127.83,128.49,LeftHand_IDg+RightHand_IDg,2,17,THANKYOU,THANKYOU,H_02_053,thank_you,THANK-YOU,exact SignBankAnnotationID equality,True,False,train
O5S5_027_LR,027,LR,242,data/local/open_asl_alternatives_20260913/o5s5/videos/211119_O5S5_027_N_LR.mov,128.975,129.315,LeftHand_IDg+RightHand_IDg,2,82,TIME,TIME,B_02_080,time,TIME,exact SignBankAnnotationID equality,True,False,train
O5S5_027_LR,027,LR,244,data/local/open_asl_alternatives_20260913/o5s5/videos/211119_O5S5_027_N_LR.mov,129.465,129.705,LeftHand_IDg+RightHand_IDg,2,31,HAVE,HAVE,B_03_057,have,HAVE,exact SignBankAnnotationID equality,True,False,train
O5S5_027_LR,027,LR,248,data/local/open_asl_alternatives_20260913/o5s5/videos/211119_O5S5_027_N_LR.mov,131.278,131.407,LeftHand_IDg+RightHand_IDg,2,91,FRIEND,FRIEND,D_03_010,friend,FRIEND,exact SignBankAnnotationID equality,True,False,train
O5S5_027_LR,027,LR,254,data/local/open_asl_alternatives_20260913/o5s5/videos/211119_O5S5_027_N_LR.mov,133.785,133.945,RightHand_IDg,1,7,OUR,OUR,G_02_067,our,OUR,exact SignBankAnnotationID equality,True,False,train
O5S5_027_LR,027,LR,275,data/local/open_asl_alternatives_20260913/o5s5/videos/211119_O5S5_027_N_LR.mov,144.545,144.925,LeftHand_IDg+RightHand_IDg,2,91,FRIEND,FRIEND,D_03_010,friend,FRIEND,exact SignBankAnnotationID equality,True,False,train
O5S5_027_LR,027,LR,278,data/local/open_asl_alternatives_20260913/o5s5/videos/211119_O5S5_027_N_LR.mov,146.0,146.46,RightHand_IDg,1,28,UNDERSTAND,UNDERSTAND,C_01_006,understand,UNDERSTAND,exact SignBankAnnotationID equality,True,False,train
O5S5_027_LR,027,LR,295,data/local/open_asl_alternatives_20260913/o5s5/videos/211119_O5S5_027_N_LR.mov,154.015,154.215,LeftHand_IDg+RightHand_IDg,2,31,HAVE,HAVE,B_03_057,have,HAVE,exact SignBankAnnotationID equality,True,False,train
O5S5_027_LR,027,LR,297,data/local/open_asl_alternatives_20260913/o5s5/videos/211119_O5S5_027_N_LR.mov,154.395,154.625,LeftHand_IDg+RightHand_IDg,2,82,TIME,TIME,B_02_080,time,TIME,exact SignBankAnnotationID equality,True,False,train
O5S5_027_LR,027,LR,307,data/local/open_asl_alternatives_20260913/o5s5/videos/211119_O5S5_027_N_LR.mov,160.07,160.43,LeftHand_IDg+RightHand_IDg,2,82,TIME,TIME,B_02_080,time,TIME,exact SignBankAnnotationID equality,True,False,train
O5S5_027_LR,027,LR,312,data/local/open_asl_alternatives_20260913/o5s5/videos/211119_O5S5_027_N_LR.mov,162.035,162.205,RightHand_IDg,1,2,WE,WE,G_03_019,we,WEix,exact SignBankAnnotationID equality,True,False,train
O5S5_029_RD,029,RD,7,data/local/open_asl_alternatives_20260913/o5s5/videos/211201_O5S5_029_N_RD.MOV,2.162,2.412,LeftHand_IDg+RightHand_IDg,2,82,TIME,TIME,B_02_080,time,TIME,exact SignBankAnnotationID equality,True,False,train
O5S5_029_RD,029,RD,16,data/local/open_asl_alternatives_20260913/o5s5/videos/211201_O5S5_029_N_RD.MOV,5.889,6.245,RightHand_IDg,1,30,FEEL,FEEL,C_02_001,feel,FEEL,exact SignBankAnnotationID equality,True,False,train
O5S5_029_RD,029,RD,21,data/local/open_asl_alternatives_20260913/o5s5/videos/211201_O5S5_029_N_RD.MOV,9.083,9.366,RightHand_IDg,1,79,YESTERDAY,YESTERDAY,D_01_024,yesterday,YESTERDAYth,exact SignBankAnnotationID equality,True,False,train
O5S5_029_RD,029,RD,27,data/local/open_asl_alternatives_20260913/o5s5/videos/211201_O5S5_029_N_RD.MOV,10.741,11.069,RightHand_IDg,1,30,FEEL,FEEL,C_02_001,feel,FEEL,exact SignBankAnnotationID equality,True,False,train
O5S5_029_RD,029,RD,49,data/local/open_asl_alternatives_20260913/o5s5/videos/211201_O5S5_029_N_RD.MOV,21.472,21.634,RightHand_IDg,1,30,FEEL,FEEL,C_02_001,feel,FEEL,exact SignBankAnnotationID equality,True,False,train
O5S5_029_RD,029,RD,83,data/local/open_asl_alternatives_20260913/o5s5/videos/211201_O5S5_029_N_RD.MOV,33.306,33.458,RightHand_IDg,1,30,FEEL,FEEL,C_02_001,feel,FEEL,exact SignBankAnnotationID equality,True,False,train
O5S5_029_RD,029,RD,85,data/local/open_asl_alternatives_20260913/o5s5/videos/211201_O5S5_029_N_RD.MOV,33.685,34.079,LeftHand_IDg+RightHand_IDg,2,67,COLD,COLD,C_02_068,cold,COLD,exact SignBankAnnotationID equality,True,False,train
O5S5_029_RD,029,RD,88,data/local/open_asl_alternatives_20260913/o5s5/videos/211201_O5S5_029_N_RD.MOV,36.102,36.356,RightHand_IDg,1,30,FEEL,FEEL,C_02_001,feel,FEEL,exact SignBankAnnotationID equality,True,False,train
O5S5_029_RD,029,RD,89,data/local/open_asl_alternatives_20260913/o5s5/videos/211201_O5S5_029_N_RD.MOV,36.458,36.81,LeftHand_IDg+RightHand_IDg,2,67,COLD,COLD,C_02_068,cold,COLD,exact SignBankAnnotationID equality,True,False,train
O5S5_029_RD,029,RD,94,data/local/open_asl_alternatives_20260913/o5s5/videos/211201_O5S5_029_N_RD.MOV,37.995,38.153,RightHand_IDg,1,29,THINK,THINK,C_03_053,think,THINK,exact SignBankAnnotationID equality,True,False,train
O5S5_029_RD,029,RD,96,data/local/open_asl_alternatives_20260913/o5s5/videos/211201_O5S5_029_N_RD.MOV,38.579,38.875,RightHand_IDg,1,2,WE,WE,G_03_019,we,WEix,exact SignBankAnnotationID equality,True,False,train
O5S5_029_RD,029,RD,102,data/local/open_asl_alternatives_20260913/o5s5/videos/211201_O5S5_029_N_RD.MOV,40.421,40.583,RightHand_IDg,1,30,FEEL,FEEL,C_02_001,feel,FEEL,exact SignBankAnnotationID equality,True,False,train
O5S5_029_RD,029,RD,112,data/local/open_asl_alternatives_20260913/o5s5/videos/211201_O5S5_029_N_RD.MOV,44.431,44.639,RightHand_IDg,1,31,HAVE,HAVE,B_03_057,have,HAVE,exact SignBankAnnotationID equality,True,False,train
O5S5_029_RD,029,RD,117,data/local/open_asl_alternatives_20260913/o5s5/videos/211201_O5S5_029_N_RD.MOV,46.231,46.343,RightHand_IDg,1,31,HAVE,HAVE,B_03_057,have,HAVE,exact SignBankAnnotationID equality,True,False,train
O5S5_029_RD,029,RD,139,data/local/open_asl_alternatives_20260913/o5s5/videos/211201_O5S5_029_N_RD.MOV,54.995,55.296,RightHand_IDg,1,27,KNOW,KNOW,C_01_048,know,KNOWb,exact SignBankAnnotationID equality,True,False,train
O5S5_029_RD,029,RD,143,data/local/open_asl_alternatives_20260913/o5s5/videos/211201_O5S5_029_N_RD.MOV,56.12,56.421,RightHand_IDg,1,24,NEED,NEED,C_02_034,need,NEED,exact SignBankAnnotationID equality,True,False,train
O5S5_029_RD,029,RD,145,data/local/open_asl_alternatives_20260913/o5s5/videos/211201_O5S5_029_N_RD.MOV,57.083,57.19,RightHand_IDg,1,30,FEEL,FEEL,C_02_001,feel,FEEL,exact SignBankAnnotationID equality,True,False,train
O5S5_029_RD,029,RD,146,data/local/open_asl_alternatives_20260913/o5s5/videos/211201_O5S5_029_N_RD.MOV,57.204,57.329,RightHand_IDg,1,24,NEED,NEED,C_02_034,need,NEED,exact SignBankAnnotationID equality,True,False,train
O5S5_029_RD,029,RD,150,data/local/open_asl_alternatives_20260913/o5s5/videos/211201_O5S5_029_N_RD.MOV,58.634,58.977,RightHand_IDg,1,20,NO,NO,C_03_041,no,NO,exact SignBankAnnotationID equality,True,False,train
O5S5_029_RD,029,RD,154,data/local/open_asl_alternatives_20260913/o5s5/videos/211201_O5S5_029_N_RD.MOV,59.38,59.56,RightHand_IDg,1,27,KNOW,KNOW,C_01_048,know,KNOWb,exact SignBankAnnotationID equality,True,False,train
O5S5_029_RD,029,RD,171,data/local/open_asl_alternatives_20260913/o5s5/videos/211201_O5S5_029_N_RD.MOV,65.801,66.042,LeftHand_IDg+RightHand_IDg,2,41,FIND,FIND,B_03_076,find,FIND,exact SignBankAnnotationID equality,True,False,train
O5S5_029_RD,029,RD,186,data/local/open_asl_alternatives_20260913/o5s5/videos/211201_O5S5_029_N_RD.MOV,70.87,70.949,RightHand_IDg,1,19,YES,YES,G_03_074,yes,YES,exact SignBankAnnotationID equality,True,False,train
O5S5_029_RD,029,RD,198,data/local/open_asl_alternatives_20260913/o5s5/videos/211201_O5S5_029_N_RD.MOV,73.389,73.593,RightHand_IDg,1,20,NO,NO,C_03_041,no,NO,exact SignBankAnnotationID equality,True,False,train
O5S5_029_RD,029,RD,214,data/local/open_asl_alternatives_20260913/o5s5/videos/211201_O5S5_029_N_RD.MOV,76.773,76.921,LeftHand_IDg+RightHand_IDg,2,41,FIND,FIND,B_03_076,find,FIND,exact SignBankAnnotationID equality,True,False,train
O5S5_029_RD,029,RD,265,data/local/open_asl_alternatives_20260913/o5s5/videos/211201_O5S5_029_N_RD.MOV,96.525,96.648,RightHand_IDg,1,30,FEEL,FEEL,C_02_001,feel,FEEL,exact SignBankAnnotationID equality,True,False,train
O5S5_029_RD,029,RD,267,data/local/open_asl_alternatives_20260913/o5s5/videos/211201_O5S5_029_N_RD.MOV,96.931,97.065,RightHand_IDg,1,27,KNOW,KNOW,C_01_048,know,KNOWb,exact SignBankAnnotationID equality,True,False,train
O5S5_029_RD,029,RD,287,data/local/open_asl_alternatives_20260913/o5s5/videos/211201_O5S5_029_N_RD.MOV,102.714,102.854,RightHand_IDg,1,31,HAVE,HAVE,B_03_057,have,HAVE,exact SignBankAnnotationID equality,True,False,train
O5S5_029_RD,029,RD,298,data/local/open_asl_alternatives_20260913/o5s5/videos/211201_O5S5_029_N_RD.MOV,105.755,106.449,RightHand_IDg,1,30,FEEL,FEEL,C_02_001,feel,FEEL,exact SignBankAnnotationID equality,True,False,train
O5S5_029_RD,029,RD,309,data/local/open_asl_alternatives_20260913/o5s5/videos/211201_O5S5_029_N_RD.MOV,110.019,110.222,LeftHand_IDg+RightHand_IDg,2,68,BIG,BIG,F_02_054,big,BIGix,exact SignBankAnnotationID equality,True,False,train
O5S5_029_RD,029,RD,384,data/local/open_asl_alternatives_20260913/o5s5/videos/211201_O5S5_029_N_RD.MOV,133.875,133.952,RightHand_IDg,1,31,HAVE,HAVE,B_03_057,have,HAVE,exact SignBankAnnotationID equality,True,False,train
O5S5_029_RD,029,RD,412,data/local/open_asl_alternatives_20260913/o5s5/videos/211201_O5S5_029_N_RD.MOV,143.019,143.125,RightHand_IDg,1,24,NEED,NEED,C_02_034,need,NEED,exact SignBankAnnotationID equality,True,False,train
O5S5_029_RD,029,RD,423,data/local/open_asl_alternatives_20260913/o5s5/videos/211201_O5S5_029_N_RD.MOV,146.037,146.25,RightHand_IDg,1,28,UNDERSTAND,UNDERSTAND,C_01_006,understand,UNDERSTAND,exact SignBankAnnotationID equality,True,False,train
O5S5_029_RD,029,RD,442,data/local/open_asl_alternatives_20260913/o5s5/videos/211201_O5S5_029_N_RD.MOV,152.648,152.94,RightHand_IDg,1,30,FEEL,FEEL,C_02_001,feel,FEEL,exact SignBankAnnotationID equality,True,False,train
O5S5_029_RD,029,RD,444,data/local/open_asl_alternatives_20260913/o5s5/videos/211201_O5S5_029_N_RD.MOV,153.171,153.421,RightHand_IDg,1,30,FEEL,FEEL,C_02_001,feel,FEEL,exact SignBankAnnotationID equality,True,False,train
O5S5_029_RD,029,RD,525,data/local/open_asl_alternatives_20260913/o5s5/videos/211201_O5S5_029_N_RD.MOV,177.69,177.88,RightHand_IDg,1,30,FEEL,FEEL,C_02_001,feel,FEEL,exact SignBankAnnotationID equality,True,False,train
O5S5_029_RD,029,RD,526,data/local/open_asl_alternatives_20260913/o5s5/videos/211201_O5S5_029_N_RD.MOV,177.987,178.129,RightHand_IDg,1,30,FEEL,FEEL,C_02_001,feel,FEEL,exact SignBankAnnotationID equality,True,False,train
O5S5_029_RD,029,RD,532,data/local/open_asl_alternatives_20260913/o5s5/videos/211201_O5S5_029_N_RD.MOV,179.468,179.57,RightHand_IDg,1,30,FEEL,FEEL,C_02_001,feel,FEEL,exact SignBankAnnotationID equality,True,False,train
O5S5_029_RD,029,RD,535,data/local/open_asl_alternatives_20260913/o5s5/videos/211201_O5S5_029_N_RD.MOV,180.05,180.361,RightHand_IDg,1,30,FEEL,FEEL,C_02_001,feel,FEEL,exact SignBankAnnotationID equality,True,False,train
O5S5_029_RD,029,RD,539,data/local/open_asl_alternatives_20260913/o5s5/videos/211201_O5S5_029_N_RD.MOV,181.518,181.867,RightHand_IDg,1,30,FEEL,FEEL,C_02_001,feel,FEEL,exact SignBankAnnotationID equality,True,False,train
O5S5_029_RD,029,RD,557,data/local/open_asl_alternatives_20260913/o5s5/videos/211201_O5S5_029_N_RD.MOV,189.573,189.698,RightHand_IDg,1,27,KNOW,KNOW,C_01_048,know,KNOWb,exact SignBankAnnotationID equality,True,False,train
O5S5_029_RD,029,RD,567,data/local/open_asl_alternatives_20260913/o5s5/videos/211201_O5S5_029_N_RD.MOV,191.952,192.217,RightHand_IDg,1,72,SAME,SAME1,B_02_009,same_1,SAME-AS,exact SignBankAnnotationID equality,True,False,train
O5S5_029_RD,029,RD,571,data/local/open_asl_alternatives_20260913/o5s5/videos/211201_O5S5_029_N_RD.MOV,193.205,193.541,RightHand_IDg,1,72,SAME,SAME1,B_02_009,same_1,SAME-AS,exact SignBankAnnotationID equality,True,False,train
O5S5_029_RD,029,RD,583,data/local/open_asl_alternatives_20260913/o5s5/videos/211201_O5S5_029_N_RD.MOV,198.233,198.332,LeftHand_IDg+RightHand_IDg,2,68,BIG,BIG,F_02_054,big,BIGix,exact SignBankAnnotationID equality,True,False,train
O5S5_029_RD,029,RD,586,data/local/open_asl_alternatives_20260913/o5s5/videos/211201_O5S5_029_N_RD.MOV,198.864,199.051,RightHand_IDg,1,7,OUR,OUR,G_02_067,our,OUR,exact SignBankAnnotationID equality,True,False,train
O5S5_029_RD,029,RD,591,data/local/open_asl_alternatives_20260913/o5s5/videos/211201_O5S5_029_N_RD.MOV,200.418,200.665,RightHand_IDg,1,30,FEEL,FEEL,C_02_001,feel,FEEL,exact SignBankAnnotationID equality,True,False,train
O5S5_029_RD,029,RD,606,data/local/open_asl_alternatives_20260913/o5s5/videos/211201_O5S5_029_N_RD.MOV,207.206,207.453,RightHand_IDg,1,30,FEEL,FEEL,C_02_001,feel,FEEL,exact SignBankAnnotationID equality,True,False,train
O5S5_029_RD,029,RD,621,data/local/open_asl_alternatives_20260913/o5s5/videos/211201_O5S5_029_N_RD.MOV,212.617,212.86,LeftHand_IDg+RightHand_IDg,2,41,FIND,FIND,B_03_076,find,FIND,exact SignBankAnnotationID equality,True,False,train
O5S5_029_RD,029,RD,641,data/local/open_asl_alternatives_20260913/o5s5/videos/211201_O5S5_029_N_RD.MOV,219.976,220.175,RightHand_IDg,1,30,FEEL,FEEL,C_02_001,feel,FEEL,exact SignBankAnnotationID equality,True,False,train
O5S5_029_RD,029,RD,659,data/local/open_asl_alternatives_20260913/o5s5/videos/211201_O5S5_029_N_RD.MOV,225.324,225.671,RightHand_IDg,1,30,FEEL,FEEL,C_02_001,feel,FEEL,exact SignBankAnnotationID equality,True,False,train
O5S5_029_RD,029,RD,664,data/local/open_asl_alternatives_20260913/o5s5/videos/211201_O5S5_029_N_RD.MOV,227.185,227.438,RightHand_IDg,1,30,FEEL,FEEL,C_02_001,feel,FEEL,exact SignBankAnnotationID equality,True,False,train
O5S5_029_RD,029,RD,665,data/local/open_asl_alternatives_20260913/o5s5/videos/211201_O5S5_029_N_RD.MOV,227.592,227.843,RightHand_IDg,1,19,YES,YES,G_03_074,yes,YES,exact SignBankAnnotationID equality,True,False,train
O5S5_029_RD,029,RD,667,data/local/open_asl_alternatives_20260913/o5s5/videos/211201_O5S5_029_N_RD.MOV,228.679,228.823,LeftHand_IDg+RightHand_IDg,2,77,NOW,NOW,C_03_062,now,NOW,exact SignBankAnnotationID equality,True,False,train
O5S5_029_RD,029,RD,693,data/local/open_asl_alternatives_20260913/o5s5/videos/211201_O5S5_029_N_RD.MOV,237.77,237.83,RightHand_IDg,1,30,FEEL,FEEL,C_02_001,feel,FEEL,exact SignBankAnnotationID equality,True,False,train
O5S5_029_RD,029,RD,702,data/local/open_asl_alternatives_20260913/o5s5/videos/211201_O5S5_029_N_RD.MOV,241.268,241.632,RightHand_IDg,1,7,OUR,OUR,G_02_067,our,OUR,exact SignBankAnnotationID equality,True,False,train
O5S5_029_RD,029,RD,714,data/local/open_asl_alternatives_20260913/o5s5/videos/211201_O5S5_029_N_RD.MOV,246.318,246.51,LeftHand_IDg+RightHand_IDg,2,82,TIME,TIME,B_02_080,time,TIME,exact SignBankAnnotationID equality,True,False,train
